split,class_name,label,filename,src_path,dst_path,hil_subset
train,Class1,0,Placass11433.jpg,data/processed/160x120/Class1/Placass11433.jpg,data/splits/train/Class1/Placass11433.jpg,0
train,Class1,0,placaas10399.jpg,data/processed/160x120/Class1/placaas10399.jpg,data/splits/train/Class1/placaas10399.jpg,0
train,Class1,0,Placas11153.jpg,data/processed/160x120/Class1/Placas11153.jpg,data/splits/train/Class1/Placas11153.jpg,0
train,Class1,0,placaas10987.jpg,data/processed/160x120/Class1/placaas10987.jpg,data/splits/train/Class1/placaas10987.jpg,0
train,Class1,0,Placass11696.jpg,data/processed/160x120/Class1/Placass11696.jpg,data/splits/train/Class1/Placass11696.jpg,0
train,Class1,0,Placasm10147.jpg,data/processed/160x120/Class1/Placasm10147.jpg,data/splits/train/Class1/Placasm10147.jpg,0
train,Class1,0,Placass10073.jpg,data/processed/160x120/Class1/Placass10073.jpg,data/splits/train/Class1/Placass10073.jpg,0
train,Class1,0,placaas10539.jpg,data/processed/160x120/Class1/placaas10539.jpg,data/splits/train/Class1/placaas10539.jpg,0
train,Class1,0,Placas11422.jpg,data/processed/160x120/Class1/Placas11422.jpg,data/splits/train/Class1/Placas11422.jpg,0
train,Class1,0,Placass10140.jpg,data/processed/160x120/Class1/Placass10140.jpg,data/splits/train/Class1/Placass10140.jpg,0
train,Class1,0,placas1356.jpg,data/processed/160x120/Class1/placas1356.jpg,data/splits/train/Class1/placas1356.jpg,0
train,Class1,0,Placass10670.jpg,data/processed/160x120/Class1/Placass10670.jpg,data/splits/train/Class1/Placass10670.jpg,0
train,Class1,0,Placasm10014.jpg,data/processed/160x120/Class1/Placasm10014.jpg,data/splits/train/Class1/Placasm10014.jpg,0
train,Class1,0,placaas10888.jpg,data/processed/160x120/Class1/placaas10888.jpg,data/splits/train/Class1/placaas10888.jpg,0
train,Class1,0,Placass11369.jpg,data/processed/160x120/Class1/Placass11369.jpg,data/splits/train/Class1/Placass11369.jpg,0
train,Class1,0,placaas10698.jpg,data/processed/160x120/Class1/placaas10698.jpg,data/splits/train/Class1/placaas10698.jpg,0
train,Class1,0,placaas10289.jpg,data/processed/160x120/Class1/placaas10289.jpg,data/splits/train/Class1/placaas10289.jpg,0
train,Class1,0,placas1518.jpg,data/processed/160x120/Class1/placas1518.jpg,data/splits/train/Class1/placas1518.jpg,0
train,Class1,0,Placass11425.jpg,data/processed/160x120/Class1/Placass11425.jpg,data/splits/train/Class1/Placass11425.jpg,0
train,Class1,0,Placasm11157.jpg,data/processed/160x120/Class1/Placasm11157.jpg,data/splits/train/Class1/Placasm11157.jpg,0
train,Class1,0,Placass11106.jpg,data/processed/160x120/Class1/Placass11106.jpg,data/splits/train/Class1/Placass11106.jpg,0
train,Class1,0,Placas11372.jpg,data/processed/160x120/Class1/Placas11372.jpg,data/splits/train/Class1/Placas11372.jpg,0
train,Class1,0,placaas11282.jpg,data/processed/160x120/Class1/placaas11282.jpg,data/splits/train/Class1/placaas11282.jpg,0
train,Class1,0,placaas10496.jpg,data/processed/160x120/Class1/placaas10496.jpg,data/splits/train/Class1/placaas10496.jpg,0
train,Class1,0,Placass11025.jpg,data/processed/160x120/Class1/Placass11025.jpg,data/splits/train/Class1/Placass11025.jpg,0
train,Class1,0,Placass11499.jpg,data/processed/160x120/Class1/Placass11499.jpg,data/splits/train/Class1/Placass11499.jpg,0
train,Class1,0,Placasm10640.jpg,data/processed/160x120/Class1/Placasm10640.jpg,data/splits/train/Class1/Placasm10640.jpg,0
train,Class1,0,Placass10025.jpg,data/processed/160x120/Class1/Placass10025.jpg,data/splits/train/Class1/Placass10025.jpg,0
train,Class1,0,placaas10891.jpg,data/processed/160x120/Class1/placaas10891.jpg,data/splits/train/Class1/placaas10891.jpg,0
train,Class1,0,Placas11133.jpg,data/processed/160x120/Class1/Placas11133.jpg,data/splits/train/Class1/Placas11133.jpg,0
train,Class1,0,Placass11272.jpg,data/processed/160x120/Class1/Placass11272.jpg,data/splits/train/Class1/Placass11272.jpg,0
train,Class1,0,Placass10519.jpg,data/processed/160x120/Class1/Placass10519.jpg,data/splits/train/Class1/Placass10519.jpg,0
train,Class1,0,Placass10996.jpg,data/processed/160x120/Class1/Placass10996.jpg,data/splits/train/Class1/Placass10996.jpg,0
train,Class1,0,placaas10778.jpg,data/processed/160x120/Class1/placaas10778.jpg,data/splits/train/Class1/placaas10778.jpg,0
train,Class1,0,placaas10443.jpg,data/processed/160x120/Class1/placaas10443.jpg,data/splits/train/Class1/placaas10443.jpg,0
train,Class1,0,Placasm11155.jpg,data/processed/160x120/Class1/Placasm11155.jpg,data/splits/train/Class1/Placasm11155.jpg,0
train,Class1,0,placaas10290.jpg,data/processed/160x120/Class1/placaas10290.jpg,data/splits/train/Class1/placaas10290.jpg,0
train,Class1,0,Placass10161.jpg,data/processed/160x120/Class1/Placass10161.jpg,data/splits/train/Class1/Placass10161.jpg,0
train,Class1,0,placaas10280.jpg,data/processed/160x120/Class1/placaas10280.jpg,data/splits/train/Class1/placaas10280.jpg,0
train,Class1,0,plaacaas1034.jpg,data/processed/160x120/Class1/plaacaas1034.jpg,data/splits/train/Class1/plaacaas1034.jpg,0
train,Class1,0,Placass10588.jpg,data/processed/160x120/Class1/Placass10588.jpg,data/splits/train/Class1/Placass10588.jpg,0
train,Class1,0,placas1720.jpg,data/processed/160x120/Class1/placas1720.jpg,data/splits/train/Class1/placas1720.jpg,0
train,Class1,0,placaas10467.jpg,data/processed/160x120/Class1/placaas10467.jpg,data/splits/train/Class1/placaas10467.jpg,0
train,Class1,0,Placass10997.jpg,data/processed/160x120/Class1/Placass10997.jpg,data/splits/train/Class1/Placass10997.jpg,0
train,Class1,0,Placasm10383.jpg,data/processed/160x120/Class1/Placasm10383.jpg,data/splits/train/Class1/Placasm10383.jpg,0
train,Class1,0,placaas10406.jpg,data/processed/160x120/Class1/placaas10406.jpg,data/splits/train/Class1/placaas10406.jpg,0
train,Class1,0,Placass10576.jpg,data/processed/160x120/Class1/Placass10576.jpg,data/splits/train/Class1/Placass10576.jpg,0
train,Class1,0,Placass11699.jpg,data/processed/160x120/Class1/Placass11699.jpg,data/splits/train/Class1/Placass11699.jpg,0
train,Class1,0,Placasm11020.jpg,data/processed/160x120/Class1/Placasm11020.jpg,data/splits/train/Class1/Placasm11020.jpg,0
train,Class1,0,Placasm10225.jpg,data/processed/160x120/Class1/Placasm10225.jpg,data/splits/train/Class1/Placasm10225.jpg,0
train,Class1,0,Placasm11094.jpg,data/processed/160x120/Class1/Placasm11094.jpg,data/splits/train/Class1/Placasm11094.jpg,0
train,Class1,0,Placasm10084.jpg,data/processed/160x120/Class1/Placasm10084.jpg,data/splits/train/Class1/Placasm10084.jpg,0
train,Class1,0,Placass11510.jpg,data/processed/160x120/Class1/Placass11510.jpg,data/splits/train/Class1/Placass11510.jpg,0
train,Class1,0,Placass10207.jpg,data/processed/160x120/Class1/Placass10207.jpg,data/splits/train/Class1/Placass10207.jpg,0
train,Class1,0,plaacaas1056.jpg,data/processed/160x120/Class1/plaacaas1056.jpg,data/splits/train/Class1/plaacaas1056.jpg,0
train,Class1,0,placaas10186.jpg,data/processed/160x120/Class1/placaas10186.jpg,data/splits/train/Class1/placaas10186.jpg,0
train,Class1,0,Placass11330.jpg,data/processed/160x120/Class1/Placass11330.jpg,data/splits/train/Class1/Placass11330.jpg,0
train,Class1,0,placaas10995.jpg,data/processed/160x120/Class1/placaas10995.jpg,data/splits/train/Class1/placaas10995.jpg,0
train,Class1,0,placas1640.jpg,data/processed/160x120/Class1/placas1640.jpg,data/splits/train/Class1/placas1640.jpg,0
train,Class1,0,placas1346.jpg,data/processed/160x120/Class1/placas1346.jpg,data/splits/train/Class1/placas1346.jpg,0
train,Class1,0,Placass10280.jpg,data/processed/160x120/Class1/Placass10280.jpg,data/splits/train/Class1/Placass10280.jpg,0
train,Class1,0,placaas10930.jpg,data/processed/160x120/Class1/placaas10930.jpg,data/splits/train/Class1/placaas10930.jpg,0
train,Class1,0,Placasia1048.png,data/processed/160x120/Class1/Placasia1048.png,data/splits/train/Class1/Placasia1048.png,0
train,Class1,0,Placass11375.jpg,data/processed/160x120/Class1/Placass11375.jpg,data/splits/train/Class1/Placass11375.jpg,0
train,Class1,0,placaas10239.jpg,data/processed/160x120/Class1/placaas10239.jpg,data/splits/train/Class1/placaas10239.jpg,0
train,Class1,0,Placasm10755.jpg,data/processed/160x120/Class1/Placasm10755.jpg,data/splits/train/Class1/Placasm10755.jpg,0
train,Class1,0,Placass10760.jpg,data/processed/160x120/Class1/Placass10760.jpg,data/splits/train/Class1/Placass10760.jpg,0
train,Class1,0,placaas10217.jpg,data/processed/160x120/Class1/placaas10217.jpg,data/splits/train/Class1/placaas10217.jpg,0
train,Class1,0,Placass11421.jpg,data/processed/160x120/Class1/Placass11421.jpg,data/splits/train/Class1/Placass11421.jpg,0
train,Class1,0,placaas10110.jpg,data/processed/160x120/Class1/placaas10110.jpg,data/splits/train/Class1/placaas10110.jpg,0
train,Class1,0,Placass11506.jpg,data/processed/160x120/Class1/Placass11506.jpg,data/splits/train/Class1/Placass11506.jpg,0
train,Class1,0,Placass10827.jpg,data/processed/160x120/Class1/Placass10827.jpg,data/splits/train/Class1/Placass10827.jpg,0
train,Class1,0,placaas11035.jpg,data/processed/160x120/Class1/placaas11035.jpg,data/splits/train/Class1/placaas11035.jpg,0
train,Class1,0,Placass11356.jpg,data/processed/160x120/Class1/Placass11356.jpg,data/splits/train/Class1/Placass11356.jpg,0
train,Class1,0,Placasm10615.jpg,data/processed/160x120/Class1/Placasm10615.jpg,data/splits/train/Class1/Placasm10615.jpg,0
train,Class1,0,Placasm10340.jpg,data/processed/160x120/Class1/Placasm10340.jpg,data/splits/train/Class1/Placasm10340.jpg,0
train,Class1,0,plaacaas1147.jpg,data/processed/160x120/Class1/plaacaas1147.jpg,data/splits/train/Class1/plaacaas1147.jpg,0
train,Class1,0,placaas10988.jpg,data/processed/160x120/Class1/placaas10988.jpg,data/splits/train/Class1/placaas10988.jpg,0
train,Class1,0,Placasm10128.jpg,data/processed/160x120/Class1/Placasm10128.jpg,data/splits/train/Class1/Placasm10128.jpg,0
train,Class1,0,Placass10717.jpg,data/processed/160x120/Class1/Placass10717.jpg,data/splits/train/Class1/Placass10717.jpg,0
train,Class1,0,Placas11439.jpg,data/processed/160x120/Class1/Placas11439.jpg,data/splits/train/Class1/Placas11439.jpg,0
train,Class1,0,placaas10010.jpg,data/processed/160x120/Class1/placaas10010.jpg,data/splits/train/Class1/placaas10010.jpg,0
train,Class1,0,placaas10919.jpg,data/processed/160x120/Class1/placaas10919.jpg,data/splits/train/Class1/placaas10919.jpg,0
train,Class1,0,Placas11344.jpg,data/processed/160x120/Class1/Placas11344.jpg,data/splits/train/Class1/Placas11344.jpg,0
train,Class1,0,Placasm10863.jpg,data/processed/160x120/Class1/Placasm10863.jpg,data/splits/train/Class1/Placasm10863.jpg,0
train,Class1,0,Placasm10809.jpg,data/processed/160x120/Class1/Placasm10809.jpg,data/splits/train/Class1/Placasm10809.jpg,0
train,Class1,0,Placas11610.jpg,data/processed/160x120/Class1/Placas11610.jpg,data/splits/train/Class1/Placas11610.jpg,0
train,Class1,0,Placass10108.jpg,data/processed/160x120/Class1/Placass10108.jpg,data/splits/train/Class1/Placass10108.jpg,0
train,Class1,0,Placass10658.jpg,data/processed/160x120/Class1/Placass10658.jpg,data/splits/train/Class1/Placass10658.jpg,0
train,Class1,0,placaas10986.jpg,data/processed/160x120/Class1/placaas10986.jpg,data/splits/train/Class1/placaas10986.jpg,0
train,Class1,0,placas1604.jpg,data/processed/160x120/Class1/placas1604.jpg,data/splits/train/Class1/placas1604.jpg,0
train,Class1,0,Placass10955.jpg,data/processed/160x120/Class1/Placass10955.jpg,data/splits/train/Class1/Placass10955.jpg,0
train,Class1,0,Placasm10189.jpg,data/processed/160x120/Class1/Placasm10189.jpg,data/splits/train/Class1/Placasm10189.jpg,0
train,Class1,0,placaas10064.jpg,data/processed/160x120/Class1/placaas10064.jpg,data/splits/train/Class1/placaas10064.jpg,0
train,Class1,0,Placas11599.jpg,data/processed/160x120/Class1/Placas11599.jpg,data/splits/train/Class1/Placas11599.jpg,0
train,Class1,0,placaas10651.jpg,data/processed/160x120/Class1/placaas10651.jpg,data/splits/train/Class1/placaas10651.jpg,0
train,Class1,0,placaas10499.jpg,data/processed/160x120/Class1/placaas10499.jpg,data/splits/train/Class1/placaas10499.jpg,0
train,Class1,0,plaacaas1177.jpg,data/processed/160x120/Class1/plaacaas1177.jpg,data/splits/train/Class1/plaacaas1177.jpg,0
train,Class1,0,Placass11172.jpg,data/processed/160x120/Class1/Placass11172.jpg,data/splits/train/Class1/Placass11172.jpg,0
train,Class1,0,placaas11111.jpg,data/processed/160x120/Class1/placaas11111.jpg,data/splits/train/Class1/placaas11111.jpg,0
train,Class1,0,Placass10982.jpg,data/processed/160x120/Class1/Placass10982.jpg,data/splits/train/Class1/Placass10982.jpg,0
train,Class1,0,Placass11001.jpg,data/processed/160x120/Class1/Placass11001.jpg,data/splits/train/Class1/Placass11001.jpg,0
train,Class1,0,Placass11376.jpg,data/processed/160x120/Class1/Placass11376.jpg,data/splits/train/Class1/Placass11376.jpg,0
train,Class1,0,Placas11109.jpg,data/processed/160x120/Class1/Placas11109.jpg,data/splits/train/Class1/Placas11109.jpg,0
train,Class1,0,placaas10409.jpg,data/processed/160x120/Class1/placaas10409.jpg,data/splits/train/Class1/placaas10409.jpg,0
train,Class1,0,placaas11180.jpg,data/processed/160x120/Class1/placaas11180.jpg,data/splits/train/Class1/placaas11180.jpg,0
train,Class1,0,Placass11484.jpg,data/processed/160x120/Class1/Placass11484.jpg,data/splits/train/Class1/Placass11484.jpg,0
train,Class1,0,placaas10787.jpg,data/processed/160x120/Class1/placaas10787.jpg,data/splits/train/Class1/placaas10787.jpg,0
train,Class1,0,Placass11384.jpg,data/processed/160x120/Class1/Placass11384.jpg,data/splits/train/Class1/Placass11384.jpg,0
train,Class1,0,placas1177.jpg,data/processed/160x120/Class1/placas1177.jpg,data/splits/train/Class1/placas1177.jpg,0
train,Class1,0,Placass11238.jpg,data/processed/160x120/Class1/Placass11238.jpg,data/splits/train/Class1/Placass11238.jpg,0
train,Class1,0,Placass10288.jpg,data/processed/160x120/Class1/Placass10288.jpg,data/splits/train/Class1/Placass10288.jpg,0
train,Class1,0,placaas10782.jpg,data/processed/160x120/Class1/placaas10782.jpg,data/splits/train/Class1/placaas10782.jpg,0
train,Class1,0,Placa42.png,data/processed/160x120/Class1/Placa42.png,data/splits/train/Class1/Placa42.png,0
train,Class1,0,placas1584.jpg,data/processed/160x120/Class1/placas1584.jpg,data/splits/train/Class1/placas1584.jpg,0
train,Class1,0,placas1709.jpg,data/processed/160x120/Class1/placas1709.jpg,data/splits/train/Class1/placas1709.jpg,0
train,Class1,0,placaas10136.jpg,data/processed/160x120/Class1/placaas10136.jpg,data/splits/train/Class1/placaas10136.jpg,0
train,Class1,0,placas1250.jpg,data/processed/160x120/Class1/placas1250.jpg,data/splits/train/Class1/placas1250.jpg,0
train,Class1,0,placaas10595.jpg,data/processed/160x120/Class1/placaas10595.jpg,data/splits/train/Class1/placaas10595.jpg,0
train,Class1,0,placaas10226.jpg,data/processed/160x120/Class1/placaas10226.jpg,data/splits/train/Class1/placaas10226.jpg,0
train,Class1,0,Placasm10991.jpg,data/processed/160x120/Class1/Placasm10991.jpg,data/splits/train/Class1/Placasm10991.jpg,0
train,Class1,0,Placas11152.jpg,data/processed/160x120/Class1/Placas11152.jpg,data/splits/train/Class1/Placas11152.jpg,0
train,Class1,0,Placass10016.jpg,data/processed/160x120/Class1/Placass10016.jpg,data/splits/train/Class1/Placass10016.jpg,0
train,Class1,0,Placass10135.jpg,data/processed/160x120/Class1/Placass10135.jpg,data/splits/train/Class1/Placass10135.jpg,0
train,Class1,0,Placas11100.jpg,data/processed/160x120/Class1/Placas11100.jpg,data/splits/train/Class1/Placas11100.jpg,0
train,Class1,0,placaas10020.jpg,data/processed/160x120/Class1/placaas10020.jpg,data/splits/train/Class1/placaas10020.jpg,0
train,Class1,0,placas1557.jpg,data/processed/160x120/Class1/placas1557.jpg,data/splits/train/Class1/placas1557.jpg,0
train,Class1,0,Placass11647.jpg,data/processed/160x120/Class1/Placass11647.jpg,data/splits/train/Class1/Placass11647.jpg,0
train,Class1,0,Placas11035.jpg,data/processed/160x120/Class1/Placas11035.jpg,data/splits/train/Class1/Placas11035.jpg,0
train,Class1,0,placaas10089.jpg,data/processed/160x120/Class1/placaas10089.jpg,data/splits/train/Class1/placaas10089.jpg,0
train,Class1,0,Placass10341.jpg,data/processed/160x120/Class1/Placass10341.jpg,data/splits/train/Class1/Placass10341.jpg,0
train,Class1,0,Placass11019.jpg,data/processed/160x120/Class1/Placass11019.jpg,data/splits/train/Class1/Placass11019.jpg,0
train,Class1,0,placaas10254.jpg,data/processed/160x120/Class1/placaas10254.jpg,data/splits/train/Class1/placaas10254.jpg,0
train,Class1,0,plaacaas1018.jpg,data/processed/160x120/Class1/plaacaas1018.jpg,data/splits/train/Class1/plaacaas1018.jpg,0
train,Class1,0,Placasm10093.jpg,data/processed/160x120/Class1/Placasm10093.jpg,data/splits/train/Class1/Placasm10093.jpg,0
train,Class1,0,Placass10162.jpg,data/processed/160x120/Class1/Placass10162.jpg,data/splits/train/Class1/Placass10162.jpg,0
train,Class1,0,Placass10408.jpg,data/processed/160x120/Class1/Placass10408.jpg,data/splits/train/Class1/Placass10408.jpg,0
train,Class1,0,placaas10528.jpg,data/processed/160x120/Class1/placaas10528.jpg,data/splits/train/Class1/placaas10528.jpg,0
train,Class1,0,Placasm10083.jpg,data/processed/160x120/Class1/Placasm10083.jpg,data/splits/train/Class1/Placasm10083.jpg,0
train,Class1,0,placaas11100.jpg,data/processed/160x120/Class1/placaas11100.jpg,data/splits/train/Class1/placaas11100.jpg,0
train,Class1,0,placaas10118.jpg,data/processed/160x120/Class1/placaas10118.jpg,data/splits/train/Class1/placaas10118.jpg,0
train,Class1,0,Placass10382.jpg,data/processed/160x120/Class1/Placass10382.jpg,data/splits/train/Class1/Placass10382.jpg,0
train,Class1,0,Placasm10928.jpg,data/processed/160x120/Class1/Placasm10928.jpg,data/splits/train/Class1/Placasm10928.jpg,0
train,Class1,0,placaas10446.jpg,data/processed/160x120/Class1/placaas10446.jpg,data/splits/train/Class1/placaas10446.jpg,0
train,Class1,0,Placas11163.jpg,data/processed/160x120/Class1/Placas11163.jpg,data/splits/train/Class1/Placas11163.jpg,0
train,Class1,0,Placasm11169.jpg,data/processed/160x120/Class1/Placasm11169.jpg,data/splits/train/Class1/Placasm11169.jpg,0
train,Class1,0,placaas10453.jpg,data/processed/160x120/Class1/placaas10453.jpg,data/splits/train/Class1/placaas10453.jpg,0
train,Class1,0,Placass10985.jpg,data/processed/160x120/Class1/Placass10985.jpg,data/splits/train/Class1/Placass10985.jpg,0
train,Class1,0,Placas11046.jpg,data/processed/160x120/Class1/Placas11046.jpg,data/splits/train/Class1/Placas11046.jpg,0
train,Class1,0,placas1314.jpg,data/processed/160x120/Class1/placas1314.jpg,data/splits/train/Class1/placas1314.jpg,0
train,Class1,0,Placass10897.jpg,data/processed/160x120/Class1/Placass10897.jpg,data/splits/train/Class1/Placass10897.jpg,0
train,Class1,0,Placass11620.jpg,data/processed/160x120/Class1/Placass11620.jpg,data/splits/train/Class1/Placass11620.jpg,0
train,Class1,0,placaas11325.jpg,data/processed/160x120/Class1/placaas11325.jpg,data/splits/train/Class1/placaas11325.jpg,0
train,Class1,0,Placas11072.jpg,data/processed/160x120/Class1/Placas11072.jpg,data/splits/train/Class1/Placas11072.jpg,0
train,Class1,0,Placas11186.jpg,data/processed/160x120/Class1/Placas11186.jpg,data/splits/train/Class1/Placas11186.jpg,0
train,Class1,0,placaas11021.jpg,data/processed/160x120/Class1/placaas11021.jpg,data/splits/train/Class1/placaas11021.jpg,0
train,Class1,0,Placass10853.jpg,data/processed/160x120/Class1/Placass10853.jpg,data/splits/train/Class1/Placass10853.jpg,0
train,Class1,0,Placass11367.jpg,data/processed/160x120/Class1/Placass11367.jpg,data/splits/train/Class1/Placass11367.jpg,0
train,Class1,0,placaas11154.jpg,data/processed/160x120/Class1/placaas11154.jpg,data/splits/train/Class1/placaas11154.jpg,0
train,Class1,0,Placass11028.jpg,data/processed/160x120/Class1/Placass11028.jpg,data/splits/train/Class1/Placass11028.jpg,0
train,Class1,0,placaas10648.jpg,data/processed/160x120/Class1/placaas10648.jpg,data/splits/train/Class1/placaas10648.jpg,0
train,Class1,0,placaas10937.jpg,data/processed/160x120/Class1/placaas10937.jpg,data/splits/train/Class1/placaas10937.jpg,0
train,Class1,0,placas1652.jpg,data/processed/160x120/Class1/placas1652.jpg,data/splits/train/Class1/placas1652.jpg,0
train,Class1,0,Placas11338.jpg,data/processed/160x120/Class1/Placas11338.jpg,data/splits/train/Class1/Placas11338.jpg,0
train,Class1,0,placaas11115.jpg,data/processed/160x120/Class1/placaas11115.jpg,data/splits/train/Class1/placaas11115.jpg,0
train,Class1,0,Placas11074.jpg,data/processed/160x120/Class1/Placas11074.jpg,data/splits/train/Class1/Placas11074.jpg,0
train,Class1,0,placaas10014.jpg,data/processed/160x120/Class1/placaas10014.jpg,data/splits/train/Class1/placaas10014.jpg,0
train,Class1,0,Placass10070.jpg,data/processed/160x120/Class1/Placass10070.jpg,data/splits/train/Class1/Placass10070.jpg,0
train,Class1,0,Placasm10764.jpg,data/processed/160x120/Class1/Placasm10764.jpg,data/splits/train/Class1/Placasm10764.jpg,0
train,Class1,0,plaacaas1104.jpg,data/processed/160x120/Class1/plaacaas1104.jpg,data/splits/train/Class1/plaacaas1104.jpg,0
train,Class1,0,Placass11664.jpg,data/processed/160x120/Class1/Placass11664.jpg,data/splits/train/Class1/Placass11664.jpg,0
train,Class1,0,placas1726.jpg,data/processed/160x120/Class1/placas1726.jpg,data/splits/train/Class1/placas1726.jpg,0
train,Class1,0,plaacaas1156.jpg,data/processed/160x120/Class1/plaacaas1156.jpg,data/splits/train/Class1/plaacaas1156.jpg,0
train,Class1,0,placaas10187.jpg,data/processed/160x120/Class1/placaas10187.jpg,data/splits/train/Class1/placaas10187.jpg,0
train,Class1,0,Placass11256.jpg,data/processed/160x120/Class1/Placass11256.jpg,data/splits/train/Class1/Placass11256.jpg,0
train,Class1,0,Placass10141.jpg,data/processed/160x120/Class1/Placass10141.jpg,data/splits/train/Class1/Placass10141.jpg,0
train,Class1,0,Placasm10815.jpg,data/processed/160x120/Class1/Placasm10815.jpg,data/splits/train/Class1/Placasm10815.jpg,0
train,Class1,0,Placass11048.jpg,data/processed/160x120/Class1/Placass11048.jpg,data/splits/train/Class1/Placass11048.jpg,0
train,Class1,0,placaas11073.jpg,data/processed/160x120/Class1/placaas11073.jpg,data/splits/train/Class1/placaas11073.jpg,0
train,Class1,0,placaas10277.jpg,data/processed/160x120/Class1/placaas10277.jpg,data/splits/train/Class1/placaas10277.jpg,0
train,Class1,0,Placass10346.jpg,data/processed/160x120/Class1/Placass10346.jpg,data/splits/train/Class1/Placass10346.jpg,0
train,Class1,0,Placas11262.jpg,data/processed/160x120/Class1/Placas11262.jpg,data/splits/train/Class1/Placas11262.jpg,0
train,Class1,0,Placasm10433.jpg,data/processed/160x120/Class1/Placasm10433.jpg,data/splits/train/Class1/Placasm10433.jpg,0
train,Class1,0,plaacaas1155.jpg,data/processed/160x120/Class1/plaacaas1155.jpg,data/splits/train/Class1/plaacaas1155.jpg,0
train,Class1,0,Placas11114.jpg,data/processed/160x120/Class1/Placas11114.jpg,data/splits/train/Class1/Placas11114.jpg,0
train,Class1,0,Placass10956.jpg,data/processed/160x120/Class1/Placass10956.jpg,data/splits/train/Class1/Placass10956.jpg,0
train,Class1,0,placaas11138.jpg,data/processed/160x120/Class1/placaas11138.jpg,data/splits/train/Class1/placaas11138.jpg,0
train,Class1,0,placaas10039.jpg,data/processed/160x120/Class1/placaas10039.jpg,data/splits/train/Class1/placaas10039.jpg,0
train,Class1,0,Placass11328.jpg,data/processed/160x120/Class1/Placass11328.jpg,data/splits/train/Class1/Placass11328.jpg,0
train,Class1,0,placas1145.jpg,data/processed/160x120/Class1/placas1145.jpg,data/splits/train/Class1/placas1145.jpg,0
train,Class1,0,placaas10818.jpg,data/processed/160x120/Class1/placaas10818.jpg,data/splits/train/Class1/placaas10818.jpg,0
train,Class1,0,placaas11143.jpg,data/processed/160x120/Class1/placaas11143.jpg,data/splits/train/Class1/placaas11143.jpg,0
train,Class1,0,placaas10976.jpg,data/processed/160x120/Class1/placaas10976.jpg,data/splits/train/Class1/placaas10976.jpg,0
train,Class1,0,Placas11038.jpg,data/processed/160x120/Class1/Placas11038.jpg,data/splits/train/Class1/Placas11038.jpg,0
train,Class1,0,Placass11156.jpg,data/processed/160x120/Class1/Placass11156.jpg,data/splits/train/Class1/Placass11156.jpg,0
train,Class1,0,Placass10756.jpg,data/processed/160x120/Class1/Placass10756.jpg,data/splits/train/Class1/Placass10756.jpg,0
train,Class1,0,placas1282.jpg,data/processed/160x120/Class1/placas1282.jpg,data/splits/train/Class1/placas1282.jpg,0
train,Class1,0,Placasm11133.jpg,data/processed/160x120/Class1/Placasm11133.jpg,data/splits/train/Class1/Placasm11133.jpg,0
train,Class1,0,Placass11691.jpg,data/processed/160x120/Class1/Placass11691.jpg,data/splits/train/Class1/Placass11691.jpg,0
train,Class1,0,Placass11225.jpg,data/processed/160x120/Class1/Placass11225.jpg,data/splits/train/Class1/Placass11225.jpg,0
train,Class1,0,Placass10391.jpg,data/processed/160x120/Class1/Placass10391.jpg,data/splits/train/Class1/Placass10391.jpg,0
train,Class1,0,Placass10413.jpg,data/processed/160x120/Class1/Placass10413.jpg,data/splits/train/Class1/Placass10413.jpg,0
train,Class1,0,Placass11587.jpg,data/processed/160x120/Class1/Placass11587.jpg,data/splits/train/Class1/Placass11587.jpg,0
train,Class1,0,placas1128.jpg,data/processed/160x120/Class1/placas1128.jpg,data/splits/train/Class1/placas1128.jpg,0
train,Class1,0,placaas11128.jpg,data/processed/160x120/Class1/placaas11128.jpg,data/splits/train/Class1/placaas11128.jpg,0
train,Class1,0,Placass10972.jpg,data/processed/160x120/Class1/Placass10972.jpg,data/splits/train/Class1/Placass10972.jpg,0
train,Class1,0,Placass10319.jpg,data/processed/160x120/Class1/Placass10319.jpg,data/splits/train/Class1/Placass10319.jpg,0
train,Class1,0,placas1680.jpg,data/processed/160x120/Class1/placas1680.jpg,data/splits/train/Class1/placas1680.jpg,0
train,Class1,0,Placass10984.jpg,data/processed/160x120/Class1/Placass10984.jpg,data/splits/train/Class1/Placass10984.jpg,0
train,Class1,0,Placass10091.jpg,data/processed/160x120/Class1/Placass10091.jpg,data/splits/train/Class1/Placass10091.jpg,0
train,Class1,0,Placass10637.jpg,data/processed/160x120/Class1/Placass10637.jpg,data/splits/train/Class1/Placass10637.jpg,0
train,Class1,0,placas1041.jpg,data/processed/160x120/Class1/placas1041.jpg,data/splits/train/Class1/placas1041.jpg,0
train,Class1,0,Placass11459.jpg,data/processed/160x120/Class1/Placass11459.jpg,data/splits/train/Class1/Placass11459.jpg,0
train,Class1,0,placas1025.jpg,data/processed/160x120/Class1/placas1025.jpg,data/splits/train/Class1/placas1025.jpg,0
train,Class1,0,placaas10046.jpg,data/processed/160x120/Class1/placaas10046.jpg,data/splits/train/Class1/placaas10046.jpg,0
train,Class1,0,Placas11571.jpg,data/processed/160x120/Class1/Placas11571.jpg,data/splits/train/Class1/Placas11571.jpg,0
train,Class1,0,placaas11376.jpg,data/processed/160x120/Class1/placaas11376.jpg,data/splits/train/Class1/placaas11376.jpg,0
train,Class1,0,plaacaas1106.jpg,data/processed/160x120/Class1/plaacaas1106.jpg,data/splits/train/Class1/plaacaas1106.jpg,0
train,Class1,0,placaas10700.jpg,data/processed/160x120/Class1/placaas10700.jpg,data/splits/train/Class1/placaas10700.jpg,0
train,Class1,0,placas1183.jpg,data/processed/160x120/Class1/placas1183.jpg,data/splits/train/Class1/placas1183.jpg,0
train,Class1,0,placaas10477.jpg,data/processed/160x120/Class1/placaas10477.jpg,data/splits/train/Class1/placaas10477.jpg,0
train,Class1,0,placaas10247.jpg,data/processed/160x120/Class1/placaas10247.jpg,data/splits/train/Class1/placaas10247.jpg,0
train,Class1,0,Placass11394.jpg,data/processed/160x120/Class1/Placass11394.jpg,data/splits/train/Class1/Placass11394.jpg,0
train,Class1,0,Placass10846.jpg,data/processed/160x120/Class1/Placass10846.jpg,data/splits/train/Class1/Placass10846.jpg,0
train,Class1,0,placas1077.jpg,data/processed/160x120/Class1/placas1077.jpg,data/splits/train/Class1/placas1077.jpg,0
train,Class1,0,Placas11123.jpg,data/processed/160x120/Class1/Placas11123.jpg,data/splits/train/Class1/Placas11123.jpg,0
train,Class1,0,plaacaas1042.jpg,data/processed/160x120/Class1/plaacaas1042.jpg,data/splits/train/Class1/plaacaas1042.jpg,0
train,Class1,0,Placass11161.jpg,data/processed/160x120/Class1/Placass11161.jpg,data/splits/train/Class1/Placass11161.jpg,0
train,Class1,0,placas1405.jpg,data/processed/160x120/Class1/placas1405.jpg,data/splits/train/Class1/placas1405.jpg,0
train,Class1,0,placaas10811.jpg,data/processed/160x120/Class1/placaas10811.jpg,data/splits/train/Class1/placaas10811.jpg,0
train,Class1,0,Placass10471.jpg,data/processed/160x120/Class1/Placass10471.jpg,data/splits/train/Class1/Placass10471.jpg,0
train,Class1,0,placaas11390.jpg,data/processed/160x120/Class1/placaas11390.jpg,data/splits/train/Class1/placaas11390.jpg,0
train,Class1,0,placaas10240.jpg,data/processed/160x120/Class1/placaas10240.jpg,data/splits/train/Class1/placaas10240.jpg,0
train,Class1,0,placaas10275.jpg,data/processed/160x120/Class1/placaas10275.jpg,data/splits/train/Class1/placaas10275.jpg,0
train,Class1,0,Placas11091.jpg,data/processed/160x120/Class1/Placas11091.jpg,data/splits/train/Class1/Placas11091.jpg,0
train,Class1,0,placaas11301.jpg,data/processed/160x120/Class1/placaas11301.jpg,data/splits/train/Class1/placaas11301.jpg,0
train,Class1,0,placaas10870.jpg,data/processed/160x120/Class1/placaas10870.jpg,data/splits/train/Class1/placaas10870.jpg,0
train,Class1,0,placaas10982.jpg,data/processed/160x120/Class1/placaas10982.jpg,data/splits/train/Class1/placaas10982.jpg,0
train,Class1,0,placaas11155.jpg,data/processed/160x120/Class1/placaas11155.jpg,data/splits/train/Class1/placaas11155.jpg,0
train,Class1,0,plaacaas1187.jpg,data/processed/160x120/Class1/plaacaas1187.jpg,data/splits/train/Class1/plaacaas1187.jpg,0
train,Class1,0,Placass11302.jpg,data/processed/160x120/Class1/Placass11302.jpg,data/splits/train/Class1/Placass11302.jpg,0
train,Class1,0,Placass10570.jpg,data/processed/160x120/Class1/Placass10570.jpg,data/splits/train/Class1/Placass10570.jpg,0
train,Class1,0,Placass11201.jpg,data/processed/160x120/Class1/Placass11201.jpg,data/splits/train/Class1/Placass11201.jpg,0
train,Class1,0,Placasm10094.jpg,data/processed/160x120/Class1/Placasm10094.jpg,data/splits/train/Class1/Placasm10094.jpg,0
train,Class1,0,Placass10947.jpg,data/processed/160x120/Class1/Placass10947.jpg,data/splits/train/Class1/Placass10947.jpg,0
train,Class1,0,Placass10276.jpg,data/processed/160x120/Class1/Placass10276.jpg,data/splits/train/Class1/Placass10276.jpg,0
train,Class1,0,Placass11624.jpg,data/processed/160x120/Class1/Placass11624.jpg,data/splits/train/Class1/Placass11624.jpg,0
train,Class1,0,Placass11557.jpg,data/processed/160x120/Class1/Placass11557.jpg,data/splits/train/Class1/Placass11557.jpg,0
train,Class1,0,Placass10565.jpg,data/processed/160x120/Class1/Placass10565.jpg,data/splits/train/Class1/Placass10565.jpg,0
train,Class1,0,placaas10856.jpg,data/processed/160x120/Class1/placaas10856.jpg,data/splits/train/Class1/placaas10856.jpg,0
train,Class1,0,Placass10683.jpg,data/processed/160x120/Class1/Placass10683.jpg,data/splits/train/Class1/Placass10683.jpg,0
train,Class1,0,Placass11312.jpg,data/processed/160x120/Class1/Placass11312.jpg,data/splits/train/Class1/Placass11312.jpg,0
train,Class1,0,placaas11099.jpg,data/processed/160x120/Class1/placaas11099.jpg,data/splits/train/Class1/placaas11099.jpg,0
train,Class1,0,placaas11363.jpg,data/processed/160x120/Class1/placaas11363.jpg,data/splits/train/Class1/placaas11363.jpg,0
train,Class1,0,Placass10599.jpg,data/processed/160x120/Class1/Placass10599.jpg,data/splits/train/Class1/Placass10599.jpg,0
train,Class1,0,Placass11167.jpg,data/processed/160x120/Class1/Placass11167.jpg,data/splits/train/Class1/Placass11167.jpg,0
train,Class1,0,Placass10839.jpg,data/processed/160x120/Class1/Placass10839.jpg,data/splits/train/Class1/Placass10839.jpg,0
train,Class1,0,placaas11197.jpg,data/processed/160x120/Class1/placaas11197.jpg,data/splits/train/Class1/placaas11197.jpg,0
train,Class1,0,placaas10384.jpg,data/processed/160x120/Class1/placaas10384.jpg,data/splits/train/Class1/placaas10384.jpg,0
train,Class1,0,placas1260.jpg,data/processed/160x120/Class1/placas1260.jpg,data/splits/train/Class1/placas1260.jpg,0
train,Class1,0,Placass10724.jpg,data/processed/160x120/Class1/Placass10724.jpg,data/splits/train/Class1/Placass10724.jpg,0
train,Class1,0,plaacaas1278.jpg,data/processed/160x120/Class1/plaacaas1278.jpg,data/splits/train/Class1/plaacaas1278.jpg,0
train,Class1,0,placaas10412.jpg,data/processed/160x120/Class1/placaas10412.jpg,data/splits/train/Class1/placaas10412.jpg,0
train,Class1,0,placas1173.jpg,data/processed/160x120/Class1/placas1173.jpg,data/splits/train/Class1/placas1173.jpg,0
train,Class1,0,Placass11092.jpg,data/processed/160x120/Class1/Placass11092.jpg,data/splits/train/Class1/Placass11092.jpg,0
train,Class1,0,placaas10188.jpg,data/processed/160x120/Class1/placaas10188.jpg,data/splits/train/Class1/placaas10188.jpg,0
train,Class1,0,Placass10638.jpg,data/processed/160x120/Class1/Placass10638.jpg,data/splits/train/Class1/Placass10638.jpg,0
train,Class1,0,placaas11388.jpg,data/processed/160x120/Class1/placaas11388.jpg,data/splits/train/Class1/placaas11388.jpg,0
train,Class1,0,placaas10151.jpg,data/processed/160x120/Class1/placaas10151.jpg,data/splits/train/Class1/placaas10151.jpg,0
train,Class1,0,placas1375.jpg,data/processed/160x120/Class1/placas1375.jpg,data/splits/train/Class1/placas1375.jpg,0
train,Class1,0,Placass10563.jpg,data/processed/160x120/Class1/Placass10563.jpg,data/splits/train/Class1/Placass10563.jpg,0
train,Class1,0,Placass11567.jpg,data/processed/160x120/Class1/Placass11567.jpg,data/splits/train/Class1/Placass11567.jpg,0
train,Class1,0,placas1043.jpg,data/processed/160x120/Class1/placas1043.jpg,data/splits/train/Class1/placas1043.jpg,0
train,Class1,0,plaacaas1051.jpg,data/processed/160x120/Class1/plaacaas1051.jpg,data/splits/train/Class1/plaacaas1051.jpg,0
train,Class1,0,Placasm10391.jpg,data/processed/160x120/Class1/Placasm10391.jpg,data/splits/train/Class1/Placasm10391.jpg,0
train,Class1,0,Placass10154.jpg,data/processed/160x120/Class1/Placass10154.jpg,data/splits/train/Class1/Placass10154.jpg,0
train,Class1,0,placaas10411.jpg,data/processed/160x120/Class1/placaas10411.jpg,data/splits/train/Class1/placaas10411.jpg,0
train,Class1,0,placaas10793.jpg,data/processed/160x120/Class1/placaas10793.jpg,data/splits/train/Class1/placaas10793.jpg,0
train,Class1,0,Placass10812.jpg,data/processed/160x120/Class1/Placass10812.jpg,data/splits/train/Class1/Placass10812.jpg,0
train,Class1,0,plaacaas1186.jpg,data/processed/160x120/Class1/plaacaas1186.jpg,data/splits/train/Class1/plaacaas1186.jpg,0
train,Class1,0,Placasm10590.jpg,data/processed/160x120/Class1/Placasm10590.jpg,data/splits/train/Class1/Placasm10590.jpg,0
train,Class1,0,plaacaas1010.jpg,data/processed/160x120/Class1/plaacaas1010.jpg,data/splits/train/Class1/plaacaas1010.jpg,0
train,Class1,0,placaas10154.jpg,data/processed/160x120/Class1/placaas10154.jpg,data/splits/train/Class1/placaas10154.jpg,0
train,Class1,0,Placass11359.jpg,data/processed/160x120/Class1/Placass11359.jpg,data/splits/train/Class1/Placass11359.jpg,0
train,Class1,0,Placass10558.jpg,data/processed/160x120/Class1/Placass10558.jpg,data/splits/train/Class1/Placass10558.jpg,0
train,Class1,0,Placass11447.jpg,data/processed/160x120/Class1/Placass11447.jpg,data/splits/train/Class1/Placass11447.jpg,0
train,Class1,0,Placass11539.jpg,data/processed/160x120/Class1/Placass11539.jpg,data/splits/train/Class1/Placass11539.jpg,0
train,Class1,0,Placasm10334.jpg,data/processed/160x120/Class1/Placasm10334.jpg,data/splits/train/Class1/Placasm10334.jpg,0
train,Class1,0,Placasm11023.jpg,data/processed/160x120/Class1/Placasm11023.jpg,data/splits/train/Class1/Placasm11023.jpg,0
train,Class1,0,placaas11267.jpg,data/processed/160x120/Class1/placaas11267.jpg,data/splits/train/Class1/placaas11267.jpg,0
train,Class1,0,placaas11352.jpg,data/processed/160x120/Class1/placaas11352.jpg,data/splits/train/Class1/placaas11352.jpg,0
train,Class1,0,placas1609.jpg,data/processed/160x120/Class1/placas1609.jpg,data/splits/train/Class1/placas1609.jpg,0
train,Class1,0,placaas10564.jpg,data/processed/160x120/Class1/placaas10564.jpg,data/splits/train/Class1/placaas10564.jpg,0
train,Class1,0,placas1092.jpg,data/processed/160x120/Class1/placas1092.jpg,data/splits/train/Class1/placas1092.jpg,0
train,Class1,0,Placass11479.jpg,data/processed/160x120/Class1/Placass11479.jpg,data/splits/train/Class1/Placass11479.jpg,0
train,Class1,0,Placass11018.jpg,data/processed/160x120/Class1/Placass11018.jpg,data/splits/train/Class1/Placass11018.jpg,0
train,Class1,0,Placass11284.jpg,data/processed/160x120/Class1/Placass11284.jpg,data/splits/train/Class1/Placass11284.jpg,0
train,Class1,0,placaas10009.jpg,data/processed/160x120/Class1/placaas10009.jpg,data/splits/train/Class1/placaas10009.jpg,0
train,Class1,0,Placass10805.jpg,data/processed/160x120/Class1/Placass10805.jpg,data/splits/train/Class1/Placass10805.jpg,0
train,Class1,0,placas1079.jpg,data/processed/160x120/Class1/placas1079.jpg,data/splits/train/Class1/placas1079.jpg,0
train,Class1,0,Placass11448.jpg,data/processed/160x120/Class1/Placass11448.jpg,data/splits/train/Class1/Placass11448.jpg,0
train,Class1,0,Placass10896.jpg,data/processed/160x120/Class1/Placass10896.jpg,data/splits/train/Class1/Placass10896.jpg,0
train,Class1,0,Placasm10068.jpg,data/processed/160x120/Class1/Placasm10068.jpg,data/splits/train/Class1/Placasm10068.jpg,0
train,Class1,0,Placas11291.jpg,data/processed/160x120/Class1/Placas11291.jpg,data/splits/train/Class1/Placas11291.jpg,0
train,Class1,0,plaacaas1118.jpg,data/processed/160x120/Class1/plaacaas1118.jpg,data/splits/train/Class1/plaacaas1118.jpg,0
train,Class1,0,placaas10717.jpg,data/processed/160x120/Class1/placaas10717.jpg,data/splits/train/Class1/placaas10717.jpg,0
train,Class1,0,Placass11424.jpg,data/processed/160x120/Class1/Placass11424.jpg,data/splits/train/Class1/Placass11424.jpg,0
train,Class1,0,placas1048.jpg,data/processed/160x120/Class1/placas1048.jpg,data/splits/train/Class1/placas1048.jpg,0
train,Class1,0,placaas10604.jpg,data/processed/160x120/Class1/placaas10604.jpg,data/splits/train/Class1/placaas10604.jpg,0
train,Class1,0,placaas11373.jpg,data/processed/160x120/Class1/placaas11373.jpg,data/splits/train/Class1/placaas11373.jpg,0
train,Class1,0,placas1686.jpg,data/processed/160x120/Class1/placas1686.jpg,data/splits/train/Class1/placas1686.jpg,0
train,Class1,0,placaas11366.jpg,data/processed/160x120/Class1/placaas11366.jpg,data/splits/train/Class1/placaas11366.jpg,0
train,Class1,0,Placass11229.jpg,data/processed/160x120/Class1/Placass11229.jpg,data/splits/train/Class1/Placass11229.jpg,0
train,Class1,0,Placass10456.jpg,data/processed/160x120/Class1/Placass10456.jpg,data/splits/train/Class1/Placass10456.jpg,0
train,Class1,0,Placass10554.jpg,data/processed/160x120/Class1/Placass10554.jpg,data/splits/train/Class1/Placass10554.jpg,0
train,Class1,0,Placas11339.jpg,data/processed/160x120/Class1/Placas11339.jpg,data/splits/train/Class1/Placas11339.jpg,0
train,Class1,0,Placass10349.jpg,data/processed/160x120/Class1/Placass10349.jpg,data/splits/train/Class1/Placass10349.jpg,0
train,Class1,0,Placass11517.jpg,data/processed/160x120/Class1/Placass11517.jpg,data/splits/train/Class1/Placass11517.jpg,0
train,Class1,0,Placass10441.jpg,data/processed/160x120/Class1/Placass10441.jpg,data/splits/train/Class1/Placass10441.jpg,0
train,Class1,0,placaas10124.jpg,data/processed/160x120/Class1/placaas10124.jpg,data/splits/train/Class1/placaas10124.jpg,0
train,Class1,0,placaas10095.jpg,data/processed/160x120/Class1/placaas10095.jpg,data/splits/train/Class1/placaas10095.jpg,0
train,Class1,0,placaas10765.jpg,data/processed/160x120/Class1/placaas10765.jpg,data/splits/train/Class1/placaas10765.jpg,0
train,Class1,0,Placass11600.jpg,data/processed/160x120/Class1/Placass11600.jpg,data/splits/train/Class1/Placass11600.jpg,0
train,Class1,0,Placass11528.jpg,data/processed/160x120/Class1/Placass11528.jpg,data/splits/train/Class1/Placass11528.jpg,0
train,Class1,0,Placass11286.jpg,data/processed/160x120/Class1/Placass11286.jpg,data/splits/train/Class1/Placass11286.jpg,0
train,Class1,0,Placasm10170.jpg,data/processed/160x120/Class1/Placasm10170.jpg,data/splits/train/Class1/Placasm10170.jpg,0
train,Class1,0,Placass10994.jpg,data/processed/160x120/Class1/Placass10994.jpg,data/splits/train/Class1/Placass10994.jpg,0
train,Class1,0,plaacaas1241(1).jpg,data/processed/160x120/Class1/plaacaas1241(1).jpg,data/splits/train/Class1/plaacaas1241(1).jpg,0
train,Class1,0,Placass10005.jpg,data/processed/160x120/Class1/Placass10005.jpg,data/splits/train/Class1/Placass10005.jpg,0
train,Class1,0,placas1363.jpg,data/processed/160x120/Class1/placas1363.jpg,data/splits/train/Class1/placas1363.jpg,0
train,Class1,0,Placass10451.jpg,data/processed/160x120/Class1/Placass10451.jpg,data/splits/train/Class1/Placass10451.jpg,0
train,Class1,0,Placas11013.jpg,data/processed/160x120/Class1/Placas11013.jpg,data/splits/train/Class1/Placas11013.jpg,0
train,Class1,0,Placass10247.jpg,data/processed/160x120/Class1/Placass10247.jpg,data/splits/train/Class1/Placass10247.jpg,0
train,Class1,0,Placas11316.jpg,data/processed/160x120/Class1/Placas11316.jpg,data/splits/train/Class1/Placas11316.jpg,0
train,Class1,0,Placass11053.jpg,data/processed/160x120/Class1/Placass11053.jpg,data/splits/train/Class1/Placass11053.jpg,0
train,Class1,0,Placass10079.jpg,data/processed/160x120/Class1/Placass10079.jpg,data/splits/train/Class1/Placass10079.jpg,0
train,Class1,0,placas1234.jpg,data/processed/160x120/Class1/placas1234.jpg,data/splits/train/Class1/placas1234.jpg,0
train,Class1,0,Placass10329.jpg,data/processed/160x120/Class1/Placass10329.jpg,data/splits/train/Class1/Placass10329.jpg,0
train,Class1,0,placaas11360.jpg,data/processed/160x120/Class1/placaas11360.jpg,data/splits/train/Class1/placaas11360.jpg,0
train,Class1,0,Placasm10836.jpg,data/processed/160x120/Class1/Placasm10836.jpg,data/splits/train/Class1/Placasm10836.jpg,0
train,Class1,0,Placass10215.jpg,data/processed/160x120/Class1/Placass10215.jpg,data/splits/train/Class1/Placass10215.jpg,0
train,Class1,0,Placas11037.jpg,data/processed/160x120/Class1/Placas11037.jpg,data/splits/train/Class1/Placas11037.jpg,0
train,Class1,0,placaas10762.jpg,data/processed/160x120/Class1/placaas10762.jpg,data/splits/train/Class1/placaas10762.jpg,0
train,Class1,0,plaacaas1095.jpg,data/processed/160x120/Class1/plaacaas1095.jpg,data/splits/train/Class1/plaacaas1095.jpg,0
train,Class1,0,Placass10160.jpg,data/processed/160x120/Class1/Placass10160.jpg,data/splits/train/Class1/Placass10160.jpg,0
train,Class1,0,placaas10668.jpg,data/processed/160x120/Class1/placaas10668.jpg,data/splits/train/Class1/placaas10668.jpg,0
train,Class1,0,placas1669.jpg,data/processed/160x120/Class1/placas1669.jpg,data/splits/train/Class1/placas1669.jpg,0
train,Class1,0,placaas10533.jpg,data/processed/160x120/Class1/placaas10533.jpg,data/splits/train/Class1/placaas10533.jpg,0
train,Class1,0,Placas11499.jpg,data/processed/160x120/Class1/Placas11499.jpg,data/splits/train/Class1/Placas11499.jpg,0
train,Class1,0,placas1340.jpg,data/processed/160x120/Class1/placas1340.jpg,data/splits/train/Class1/placas1340.jpg,0
train,Class1,0,Placasm11115.jpg,data/processed/160x120/Class1/Placasm11115.jpg,data/splits/train/Class1/Placasm11115.jpg,0
train,Class1,0,Placass10246.jpg,data/processed/160x120/Class1/Placass10246.jpg,data/splits/train/Class1/Placass10246.jpg,0
train,Class1,0,Placas11080.jpg,data/processed/160x120/Class1/Placas11080.jpg,data/splits/train/Class1/Placas11080.jpg,0
train,Class1,0,Placass10868.jpg,data/processed/160x120/Class1/Placass10868.jpg,data/splits/train/Class1/Placass10868.jpg,0
train,Class1,0,placaas10160.jpg,data/processed/160x120/Class1/placaas10160.jpg,data/splits/train/Class1/placaas10160.jpg,0
train,Class1,0,Placas11193.jpg,data/processed/160x120/Class1/Placas11193.jpg,data/splits/train/Class1/Placas11193.jpg,0
train,Class1,0,plaacaas1028.jpg,data/processed/160x120/Class1/plaacaas1028.jpg,data/splits/train/Class1/plaacaas1028.jpg,0
train,Class1,0,placaas11381.jpg,data/processed/160x120/Class1/placaas11381.jpg,data/splits/train/Class1/placaas11381.jpg,0
train,Class1,0,placaas10011.jpg,data/processed/160x120/Class1/placaas10011.jpg,data/splits/train/Class1/placaas10011.jpg,0
train,Class1,0,Placass10698.jpg,data/processed/160x120/Class1/Placass10698.jpg,data/splits/train/Class1/Placass10698.jpg,0
train,Class1,0,Placass10239.jpg,data/processed/160x120/Class1/Placass10239.jpg,data/splits/train/Class1/Placass10239.jpg,0
train,Class1,0,placas1645.jpg,data/processed/160x120/Class1/placas1645.jpg,data/splits/train/Class1/placas1645.jpg,0
train,Class1,0,placaas11186.jpg,data/processed/160x120/Class1/placaas11186.jpg,data/splits/train/Class1/placaas11186.jpg,0
train,Class1,0,Placasm10233.jpg,data/processed/160x120/Class1/Placasm10233.jpg,data/splits/train/Class1/Placasm10233.jpg,0
train,Class1,0,Placas11519.jpg,data/processed/160x120/Class1/Placas11519.jpg,data/splits/train/Class1/Placas11519.jpg,0
train,Class1,0,placaas10057.jpg,data/processed/160x120/Class1/placaas10057.jpg,data/splits/train/Class1/placaas10057.jpg,0
train,Class1,0,Placasm10478.jpg,data/processed/160x120/Class1/Placasm10478.jpg,data/splits/train/Class1/Placasm10478.jpg,0
train,Class1,0,Placass11681.jpg,data/processed/160x120/Class1/Placass11681.jpg,data/splits/train/Class1/Placass11681.jpg,0
train,Class1,0,placaas10725.jpg,data/processed/160x120/Class1/placaas10725.jpg,data/splits/train/Class1/placaas10725.jpg,0
train,Class1,0,Placasm10207.jpg,data/processed/160x120/Class1/Placasm10207.jpg,data/splits/train/Class1/Placasm10207.jpg,0
train,Class1,0,placas1369.jpg,data/processed/160x120/Class1/placas1369.jpg,data/splits/train/Class1/placas1369.jpg,0
train,Class1,0,Placass10541.jpg,data/processed/160x120/Class1/Placass10541.jpg,data/splits/train/Class1/Placass10541.jpg,0
train,Class1,0,Placas11433.jpg,data/processed/160x120/Class1/Placas11433.jpg,data/splits/train/Class1/Placas11433.jpg,0
train,Class1,0,plaacaas1139.jpg,data/processed/160x120/Class1/plaacaas1139.jpg,data/splits/train/Class1/plaacaas1139.jpg,0
train,Class1,0,Placas11173.jpg,data/processed/160x120/Class1/Placas11173.jpg,data/splits/train/Class1/Placas11173.jpg,0
train,Class1,0,Placass10807.jpg,data/processed/160x120/Class1/Placass10807.jpg,data/splits/train/Class1/Placass10807.jpg,0
train,Class1,0,Placasm10229.jpg,data/processed/160x120/Class1/Placasm10229.jpg,data/splits/train/Class1/Placasm10229.jpg,0
train,Class1,0,placaas10516.jpg,data/processed/160x120/Class1/placaas10516.jpg,data/splits/train/Class1/placaas10516.jpg,0
train,Class1,0,Placasm10675.jpg,data/processed/160x120/Class1/Placasm10675.jpg,data/splits/train/Class1/Placasm10675.jpg,0
train,Class1,0,placaas11414.jpg,data/processed/160x120/Class1/placaas11414.jpg,data/splits/train/Class1/placaas11414.jpg,0
train,Class1,0,Placass10660.jpg,data/processed/160x120/Class1/Placass10660.jpg,data/splits/train/Class1/Placass10660.jpg,0
train,Class1,0,placas1581.jpg,data/processed/160x120/Class1/placas1581.jpg,data/splits/train/Class1/placas1581.jpg,0
train,Class1,0,Placass11265.jpg,data/processed/160x120/Class1/Placass11265.jpg,data/splits/train/Class1/Placass11265.jpg,0
train,Class1,0,Placass10137.jpg,data/processed/160x120/Class1/Placass10137.jpg,data/splits/train/Class1/Placass10137.jpg,0
train,Class1,0,placaas10669.jpg,data/processed/160x120/Class1/placaas10669.jpg,data/splits/train/Class1/placaas10669.jpg,0
train,Class1,0,placaas10994.jpg,data/processed/160x120/Class1/placaas10994.jpg,data/splits/train/Class1/placaas10994.jpg,0
train,Class1,0,Placass10644.jpg,data/processed/160x120/Class1/Placass10644.jpg,data/splits/train/Class1/Placass10644.jpg,0
train,Class1,0,Placasm10335.jpg,data/processed/160x120/Class1/Placasm10335.jpg,data/splits/train/Class1/Placasm10335.jpg,0
train,Class1,0,Placasm10931.jpg,data/processed/160x120/Class1/Placasm10931.jpg,data/splits/train/Class1/Placasm10931.jpg,0
train,Class1,0,Placass10653.jpg,data/processed/160x120/Class1/Placass10653.jpg,data/splits/train/Class1/Placass10653.jpg,0
train,Class1,0,placaas10088.jpg,data/processed/160x120/Class1/placaas10088.jpg,data/splits/train/Class1/placaas10088.jpg,0
train,Class1,0,Placass10492.jpg,data/processed/160x120/Class1/Placass10492.jpg,data/splits/train/Class1/Placass10492.jpg,0
train,Class1,0,placaas11007.jpg,data/processed/160x120/Class1/placaas11007.jpg,data/splits/train/Class1/placaas11007.jpg,0
train,Class1,0,placaas10998.jpg,data/processed/160x120/Class1/placaas10998.jpg,data/splits/train/Class1/placaas10998.jpg,0
train,Class1,0,Placass10344.jpg,data/processed/160x120/Class1/Placass10344.jpg,data/splits/train/Class1/Placass10344.jpg,0
train,Class1,0,placaas10755.jpg,data/processed/160x120/Class1/placaas10755.jpg,data/splits/train/Class1/placaas10755.jpg,0
train,Class1,0,Placass10659.jpg,data/processed/160x120/Class1/Placass10659.jpg,data/splits/train/Class1/Placass10659.jpg,0
train,Class1,0,placas1588.jpg,data/processed/160x120/Class1/placas1588.jpg,data/splits/train/Class1/placas1588.jpg,0
train,Class1,0,plaacaas1072.jpg,data/processed/160x120/Class1/plaacaas1072.jpg,data/splits/train/Class1/plaacaas1072.jpg,0
train,Class1,0,Placass11470.jpg,data/processed/160x120/Class1/Placass11470.jpg,data/splits/train/Class1/Placass11470.jpg,0
train,Class1,0,Placass11269.jpg,data/processed/160x120/Class1/Placass11269.jpg,data/splits/train/Class1/Placass11269.jpg,0
train,Class1,0,placaas11181.jpg,data/processed/160x120/Class1/placaas11181.jpg,data/splits/train/Class1/placaas11181.jpg,0
train,Class1,0,placaas10685.jpg,data/processed/160x120/Class1/placaas10685.jpg,data/splits/train/Class1/placaas10685.jpg,0
train,Class1,0,Placasm10603.jpg,data/processed/160x120/Class1/Placasm10603.jpg,data/splits/train/Class1/Placasm10603.jpg,0
train,Class1,0,Placas11135.jpg,data/processed/160x120/Class1/Placas11135.jpg,data/splits/train/Class1/Placas11135.jpg,0
train,Class1,0,Placass11281.jpg,data/processed/160x120/Class1/Placass11281.jpg,data/splits/train/Class1/Placass11281.jpg,0
train,Class1,0,Placass10087.jpg,data/processed/160x120/Class1/Placass10087.jpg,data/splits/train/Class1/Placass10087.jpg,0
train,Class1,0,placas1125.jpg,data/processed/160x120/Class1/placas1125.jpg,data/splits/train/Class1/placas1125.jpg,0
train,Class1,0,placas1336.jpg,data/processed/160x120/Class1/placas1336.jpg,data/splits/train/Class1/placas1336.jpg,0
train,Class1,0,Placass10338.jpg,data/processed/160x120/Class1/Placass10338.jpg,data/splits/train/Class1/Placass10338.jpg,0
train,Class1,0,Placass10306.jpg,data/processed/160x120/Class1/Placass10306.jpg,data/splits/train/Class1/Placass10306.jpg,0
train,Class1,0,Placass10126.jpg,data/processed/160x120/Class1/Placass10126.jpg,data/splits/train/Class1/Placass10126.jpg,0
train,Class1,0,plaacaas1151.jpg,data/processed/160x120/Class1/plaacaas1151.jpg,data/splits/train/Class1/plaacaas1151.jpg,0
train,Class1,0,Placass10813.jpg,data/processed/160x120/Class1/Placass10813.jpg,data/splits/train/Class1/Placass10813.jpg,0
train,Class1,0,Placass11715.jpg,data/processed/160x120/Class1/Placass11715.jpg,data/splits/train/Class1/Placass11715.jpg,0
train,Class1,0,placaas11163.jpg,data/processed/160x120/Class1/placaas11163.jpg,data/splits/train/Class1/placaas11163.jpg,0
train,Class1,0,Placas11266.jpg,data/processed/160x120/Class1/Placas11266.jpg,data/splits/train/Class1/Placas11266.jpg,0
train,Class1,0,plaacaas1101.jpg,data/processed/160x120/Class1/plaacaas1101.jpg,data/splits/train/Class1/plaacaas1101.jpg,0
train,Class1,0,Placass10725.jpg,data/processed/160x120/Class1/Placass10725.jpg,data/splits/train/Class1/Placass10725.jpg,0
train,Class1,0,plaacaas1242(1).jpg,data/processed/160x120/Class1/plaacaas1242(1).jpg,data/splits/train/Class1/plaacaas1242(1).jpg,0
train,Class1,0,Placass11032.jpg,data/processed/160x120/Class1/Placass11032.jpg,data/splits/train/Class1/Placass11032.jpg,0
train,Class1,0,placas1546.jpg,data/processed/160x120/Class1/placas1546.jpg,data/splits/train/Class1/placas1546.jpg,0
train,Class1,0,placaas10795.jpg,data/processed/160x120/Class1/placaas10795.jpg,data/splits/train/Class1/placaas10795.jpg,0
train,Class1,0,Placass10652.jpg,data/processed/160x120/Class1/Placass10652.jpg,data/splits/train/Class1/Placass10652.jpg,0
train,Class1,0,Placasm10925.jpg,data/processed/160x120/Class1/Placasm10925.jpg,data/splits/train/Class1/Placasm10925.jpg,0
train,Class1,0,Placass11089.jpg,data/processed/160x120/Class1/Placass11089.jpg,data/splits/train/Class1/Placass11089.jpg,0
train,Class1,0,placas1312.jpg,data/processed/160x120/Class1/placas1312.jpg,data/splits/train/Class1/placas1312.jpg,0
train,Class1,0,placas1197.jpg,data/processed/160x120/Class1/placas1197.jpg,data/splits/train/Class1/placas1197.jpg,0
train,Class1,0,Placass10742.jpg,data/processed/160x120/Class1/Placass10742.jpg,data/splits/train/Class1/Placass10742.jpg,0
train,Class1,0,placaas11395.jpg,data/processed/160x120/Class1/placaas11395.jpg,data/splits/train/Class1/placaas11395.jpg,0
train,Class1,0,placaas10910.jpg,data/processed/160x120/Class1/placaas10910.jpg,data/splits/train/Class1/placaas10910.jpg,0
train,Class1,0,placaas10424.jpg,data/processed/160x120/Class1/placaas10424.jpg,data/splits/train/Class1/placaas10424.jpg,0
train,Class1,0,Placasm10987.jpg,data/processed/160x120/Class1/Placasm10987.jpg,data/splits/train/Class1/Placasm10987.jpg,0
train,Class1,0,Placass10522.jpg,data/processed/160x120/Class1/Placass10522.jpg,data/splits/train/Class1/Placass10522.jpg,0
train,Class1,0,Placas11410.jpg,data/processed/160x120/Class1/Placas11410.jpg,data/splits/train/Class1/Placas11410.jpg,0
train,Class1,0,Placass10258.jpg,data/processed/160x120/Class1/Placass10258.jpg,data/splits/train/Class1/Placass10258.jpg,0
train,Class1,0,placas1325.jpg,data/processed/160x120/Class1/placas1325.jpg,data/splits/train/Class1/placas1325.jpg,0
train,Class1,0,placaas11250.jpg,data/processed/160x120/Class1/placaas11250.jpg,data/splits/train/Class1/placaas11250.jpg,0
train,Class1,0,Placas11070.jpg,data/processed/160x120/Class1/Placas11070.jpg,data/splits/train/Class1/Placas11070.jpg,0
train,Class1,0,placaas10584.jpg,data/processed/160x120/Class1/placaas10584.jpg,data/splits/train/Class1/placaas10584.jpg,0
train,Class1,0,Placas11223.jpg,data/processed/160x120/Class1/Placas11223.jpg,data/splits/train/Class1/Placas11223.jpg,0
train,Class1,0,Placass11468.jpg,data/processed/160x120/Class1/Placass11468.jpg,data/splits/train/Class1/Placass11468.jpg,0
train,Class1,0,Placasm10654.jpg,data/processed/160x120/Class1/Placasm10654.jpg,data/splits/train/Class1/Placasm10654.jpg,0
train,Class1,0,Placass10327.jpg,data/processed/160x120/Class1/Placass10327.jpg,data/splits/train/Class1/Placass10327.jpg,0
train,Class1,0,Placas11389.jpg,data/processed/160x120/Class1/Placas11389.jpg,data/splits/train/Class1/Placas11389.jpg,0
train,Class1,0,placas1418.jpg,data/processed/160x120/Class1/placas1418.jpg,data/splits/train/Class1/placas1418.jpg,0
train,Class1,0,Placasm10279.jpg,data/processed/160x120/Class1/Placasm10279.jpg,data/splits/train/Class1/Placasm10279.jpg,0
train,Class1,0,placas1129.jpg,data/processed/160x120/Class1/placas1129.jpg,data/splits/train/Class1/placas1129.jpg,0
train,Class1,0,plaacaas1215.jpg,data/processed/160x120/Class1/plaacaas1215.jpg,data/splits/train/Class1/plaacaas1215.jpg,0
train,Class1,0,Placass10803.jpg,data/processed/160x120/Class1/Placass10803.jpg,data/splits/train/Class1/Placass10803.jpg,0
train,Class1,0,Placass10345.jpg,data/processed/160x120/Class1/Placass10345.jpg,data/splits/train/Class1/Placass10345.jpg,0
train,Class1,0,placaas10037.jpg,data/processed/160x120/Class1/placaas10037.jpg,data/splits/train/Class1/placaas10037.jpg,0
train,Class1,0,placaas11199.jpg,data/processed/160x120/Class1/placaas11199.jpg,data/splits/train/Class1/placaas11199.jpg,0
train,Class1,0,Placass10167.jpg,data/processed/160x120/Class1/Placass10167.jpg,data/splits/train/Class1/Placass10167.jpg,0
train,Class1,0,Placasm10879.jpg,data/processed/160x120/Class1/Placasm10879.jpg,data/splits/train/Class1/Placasm10879.jpg,0
train,Class1,0,plaacaas1048.jpg,data/processed/160x120/Class1/plaacaas1048.jpg,data/splits/train/Class1/plaacaas1048.jpg,0
train,Class1,0,Placass11360.jpg,data/processed/160x120/Class1/Placass11360.jpg,data/splits/train/Class1/Placass11360.jpg,0
train,Class1,0,Placass11194.jpg,data/processed/160x120/Class1/Placass11194.jpg,data/splits/train/Class1/Placass11194.jpg,0
train,Class1,0,Placass10736.jpg,data/processed/160x120/Class1/Placass10736.jpg,data/splits/train/Class1/Placass10736.jpg,0
train,Class1,0,placaas11244.jpg,data/processed/160x120/Class1/placaas11244.jpg,data/splits/train/Class1/placaas11244.jpg,0
train,Class1,0,Placass10414.jpg,data/processed/160x120/Class1/Placass10414.jpg,data/splits/train/Class1/Placass10414.jpg,0
train,Class1,0,Placas11496.jpg,data/processed/160x120/Class1/Placas11496.jpg,data/splits/train/Class1/Placas11496.jpg,0
train,Class1,0,Placas11396.jpg,data/processed/160x120/Class1/Placas11396.jpg,data/splits/train/Class1/Placas11396.jpg,0
train,Class1,0,Placass11586.jpg,data/processed/160x120/Class1/Placass11586.jpg,data/splits/train/Class1/Placass11586.jpg,0
train,Class1,0,Placasm11065.jpg,data/processed/160x120/Class1/Placasm11065.jpg,data/splits/train/Class1/Placasm11065.jpg,0
train,Class1,0,placas1384.jpg,data/processed/160x120/Class1/placas1384.jpg,data/splits/train/Class1/placas1384.jpg,0
train,Class1,0,Placass10569.jpg,data/processed/160x120/Class1/Placass10569.jpg,data/splits/train/Class1/Placass10569.jpg,0
train,Class1,0,Placass10289.jpg,data/processed/160x120/Class1/Placass10289.jpg,data/splits/train/Class1/Placass10289.jpg,0
train,Class1,0,placaas10025.jpg,data/processed/160x120/Class1/placaas10025.jpg,data/splits/train/Class1/placaas10025.jpg,0
train,Class1,0,Placasm10178.jpg,data/processed/160x120/Class1/Placasm10178.jpg,data/splits/train/Class1/Placasm10178.jpg,0
train,Class1,0,placaas11104.jpg,data/processed/160x120/Class1/placaas11104.jpg,data/splits/train/Class1/placaas11104.jpg,0
train,Class1,0,placaas11312.jpg,data/processed/160x120/Class1/placaas11312.jpg,data/splits/train/Class1/placaas11312.jpg,0
train,Class1,0,placaas10272.jpg,data/processed/160x120/Class1/placaas10272.jpg,data/splits/train/Class1/placaas10272.jpg,0
train,Class1,0,placas1155.jpg,data/processed/160x120/Class1/placas1155.jpg,data/splits/train/Class1/placas1155.jpg,0
train,Class1,0,placaas10892.jpg,data/processed/160x120/Class1/placaas10892.jpg,data/splits/train/Class1/placaas10892.jpg,0
train,Class1,0,placaas11302.jpg,data/processed/160x120/Class1/placaas11302.jpg,data/splits/train/Class1/placaas11302.jpg,0
train,Class1,0,placaas10977.jpg,data/processed/160x120/Class1/placaas10977.jpg,data/splits/train/Class1/placaas10977.jpg,0
train,Class1,0,Placas11500.jpg,data/processed/160x120/Class1/Placas11500.jpg,data/splits/train/Class1/Placas11500.jpg,0
train,Class1,0,placaas11243.jpg,data/processed/160x120/Class1/placaas11243.jpg,data/splits/train/Class1/placaas11243.jpg,0
train,Class1,0,plaacaas1288.jpg,data/processed/160x120/Class1/plaacaas1288.jpg,data/splits/train/Class1/plaacaas1288.jpg,0
train,Class1,0,placas1164.jpg,data/processed/160x120/Class1/placas1164.jpg,data/splits/train/Class1/placas1164.jpg,0
train,Class1,0,Placass11485.jpg,data/processed/160x120/Class1/Placass11485.jpg,data/splits/train/Class1/Placass11485.jpg,0
train,Class1,0,Placas11600.jpg,data/processed/160x120/Class1/Placas11600.jpg,data/splits/train/Class1/Placas11600.jpg,0
train,Class1,0,placaas10001.jpg,data/processed/160x120/Class1/placaas10001.jpg,data/splits/train/Class1/placaas10001.jpg,0
train,Class1,0,plaacaas1136.jpg,data/processed/160x120/Class1/plaacaas1136.jpg,data/splits/train/Class1/plaacaas1136.jpg,0
train,Class1,0,placas1109.jpg,data/processed/160x120/Class1/placas1109.jpg,data/splits/train/Class1/placas1109.jpg,0
train,Class1,0,placaas11072.jpg,data/processed/160x120/Class1/placaas11072.jpg,data/splits/train/Class1/placaas11072.jpg,0
train,Class1,0,Placasm10024.jpg,data/processed/160x120/Class1/Placasm10024.jpg,data/splits/train/Class1/Placasm10024.jpg,0
train,Class1,0,placas1290.jpg,data/processed/160x120/Class1/placas1290.jpg,data/splits/train/Class1/placas1290.jpg,0
train,Class1,0,placas1366.jpg,data/processed/160x120/Class1/placas1366.jpg,data/splits/train/Class1/placas1366.jpg,0
train,Class1,0,Placass11152.jpg,data/processed/160x120/Class1/Placass11152.jpg,data/splits/train/Class1/Placass11152.jpg,0
train,Class1,0,Placass10801.jpg,data/processed/160x120/Class1/Placass10801.jpg,data/splits/train/Class1/Placass10801.jpg,0
train,Class1,0,Placasm11209.jpg,data/processed/160x120/Class1/Placasm11209.jpg,data/splits/train/Class1/Placasm11209.jpg,0
train,Class1,0,Placasm10388.jpg,data/processed/160x120/Class1/Placasm10388.jpg,data/splits/train/Class1/Placasm10388.jpg,0
train,Class1,0,placaas10184.jpg,data/processed/160x120/Class1/placaas10184.jpg,data/splits/train/Class1/placaas10184.jpg,0
train,Class1,0,plaacaas1314.jpg,data/processed/160x120/Class1/plaacaas1314.jpg,data/splits/train/Class1/plaacaas1314.jpg,0
train,Class1,0,placas1185.jpg,data/processed/160x120/Class1/placas1185.jpg,data/splits/train/Class1/placas1185.jpg,0
train,Class1,0,plaacaas1159.jpg,data/processed/160x120/Class1/plaacaas1159.jpg,data/splits/train/Class1/plaacaas1159.jpg,0
train,Class1,0,plaacaas1257.jpg,data/processed/160x120/Class1/plaacaas1257.jpg,data/splits/train/Class1/plaacaas1257.jpg,0
train,Class1,0,placaas10488.jpg,data/processed/160x120/Class1/placaas10488.jpg,data/splits/train/Class1/placaas10488.jpg,0
train,Class1,0,Placass10651.jpg,data/processed/160x120/Class1/Placass10651.jpg,data/splits/train/Class1/Placass10651.jpg,0
train,Class1,0,placas1195.jpg,data/processed/160x120/Class1/placas1195.jpg,data/splits/train/Class1/placas1195.jpg,0
train,Class1,0,plaacaas1027.jpg,data/processed/160x120/Class1/plaacaas1027.jpg,data/splits/train/Class1/plaacaas1027.jpg,0
train,Class1,0,Placass10048.jpg,data/processed/160x120/Class1/Placass10048.jpg,data/splits/train/Class1/Placass10048.jpg,0
train,Class1,0,plaacaas1239.jpg,data/processed/160x120/Class1/plaacaas1239.jpg,data/splits/train/Class1/plaacaas1239.jpg,0
train,Class1,0,Placas11129.jpg,data/processed/160x120/Class1/Placas11129.jpg,data/splits/train/Class1/Placas11129.jpg,0
train,Class1,0,placaas11192.jpg,data/processed/160x120/Class1/placaas11192.jpg,data/splits/train/Class1/placaas11192.jpg,0
train,Class1,0,plaacaas1243.jpg,data/processed/160x120/Class1/plaacaas1243.jpg,data/splits/train/Class1/plaacaas1243.jpg,0
train,Class1,0,Placas11383.jpg,data/processed/160x120/Class1/Placas11383.jpg,data/splits/train/Class1/Placas11383.jpg,0
train,Class1,0,Placas11264.jpg,data/processed/160x120/Class1/Placas11264.jpg,data/splits/train/Class1/Placas11264.jpg,0
train,Class1,0,placaas10066.jpg,data/processed/160x120/Class1/placaas10066.jpg,data/splits/train/Class1/placaas10066.jpg,0
train,Class1,0,Placass10556.jpg,data/processed/160x120/Class1/Placass10556.jpg,data/splits/train/Class1/Placass10556.jpg,0
train,Class1,0,placaas10689.jpg,data/processed/160x120/Class1/placaas10689.jpg,data/splits/train/Class1/placaas10689.jpg,0
train,Class1,0,placaas10100.jpg,data/processed/160x120/Class1/placaas10100.jpg,data/splits/train/Class1/placaas10100.jpg,0
train,Class1,0,Placas11124.jpg,data/processed/160x120/Class1/Placas11124.jpg,data/splits/train/Class1/Placas11124.jpg,0
train,Class1,0,Placasm10034.jpg,data/processed/160x120/Class1/Placasm10034.jpg,data/splits/train/Class1/Placasm10034.jpg,0
train,Class1,0,Placasm10343.jpg,data/processed/160x120/Class1/Placasm10343.jpg,data/splits/train/Class1/Placasm10343.jpg,0
train,Class1,0,Placass10314.jpg,data/processed/160x120/Class1/Placass10314.jpg,data/splits/train/Class1/Placass10314.jpg,0
train,Class1,0,plaacaas1066.jpg,data/processed/160x120/Class1/plaacaas1066.jpg,data/splits/train/Class1/plaacaas1066.jpg,0
train,Class1,0,placaas10857.jpg,data/processed/160x120/Class1/placaas10857.jpg,data/splits/train/Class1/placaas10857.jpg,0
train,Class1,0,Placass10895.jpg,data/processed/160x120/Class1/Placass10895.jpg,data/splits/train/Class1/Placass10895.jpg,0
train,Class1,0,placas1352.jpg,data/processed/160x120/Class1/placas1352.jpg,data/splits/train/Class1/placas1352.jpg,0
train,Class1,0,Placasm10249.jpg,data/processed/160x120/Class1/Placasm10249.jpg,data/splits/train/Class1/Placasm10249.jpg,0
train,Class1,0,placaas11022.jpg,data/processed/160x120/Class1/placaas11022.jpg,data/splits/train/Class1/placaas11022.jpg,0
train,Class1,0,Placass10248.jpg,data/processed/160x120/Class1/Placass10248.jpg,data/splits/train/Class1/Placass10248.jpg,0
train,Class1,0,placaas11189.jpg,data/processed/160x120/Class1/placaas11189.jpg,data/splits/train/Class1/placaas11189.jpg,0
train,Class1,0,Placass11523.jpg,data/processed/160x120/Class1/Placass11523.jpg,data/splits/train/Class1/Placass11523.jpg,0
train,Class1,0,Placass10291.jpg,data/processed/160x120/Class1/Placass10291.jpg,data/splits/train/Class1/Placass10291.jpg,0
train,Class1,0,Placass10504.jpg,data/processed/160x120/Class1/Placass10504.jpg,data/splits/train/Class1/Placass10504.jpg,0
train,Class1,0,placas1247.jpg,data/processed/160x120/Class1/placas1247.jpg,data/splits/train/Class1/placas1247.jpg,0
train,Class1,0,Placas11249.jpg,data/processed/160x120/Class1/Placas11249.jpg,data/splits/train/Class1/Placas11249.jpg,0
train,Class1,0,placas1097.jpg,data/processed/160x120/Class1/placas1097.jpg,data/splits/train/Class1/placas1097.jpg,0
train,Class1,0,Placass10606.jpg,data/processed/160x120/Class1/Placass10606.jpg,data/splits/train/Class1/Placass10606.jpg,0
train,Class1,0,placas1324.jpg,data/processed/160x120/Class1/placas1324.jpg,data/splits/train/Class1/placas1324.jpg,0
train,Class1,0,Placass11626.jpg,data/processed/160x120/Class1/Placass11626.jpg,data/splits/train/Class1/Placass11626.jpg,0
train,Class1,0,Placass11419.jpg,data/processed/160x120/Class1/Placass11419.jpg,data/splits/train/Class1/Placass11419.jpg,0
train,Class1,0,placas1532.jpg,data/processed/160x120/Class1/placas1532.jpg,data/splits/train/Class1/placas1532.jpg,0
train,Class1,0,placas1729.jpg,data/processed/160x120/Class1/placas1729.jpg,data/splits/train/Class1/placas1729.jpg,0
train,Class1,0,Placas11217.jpg,data/processed/160x120/Class1/Placas11217.jpg,data/splits/train/Class1/Placas11217.jpg,0
train,Class1,0,placaas10190.jpg,data/processed/160x120/Class1/placaas10190.jpg,data/splits/train/Class1/placaas10190.jpg,0
train,Class1,0,Placasm10779.jpg,data/processed/160x120/Class1/Placasm10779.jpg,data/splits/train/Class1/Placasm10779.jpg,0
train,Class1,0,Placass10222.jpg,data/processed/160x120/Class1/Placass10222.jpg,data/splits/train/Class1/Placass10222.jpg,0
train,Class1,0,Placass10598.jpg,data/processed/160x120/Class1/Placass10598.jpg,data/splits/train/Class1/Placass10598.jpg,0
train,Class1,0,Placass10734.jpg,data/processed/160x120/Class1/Placass10734.jpg,data/splits/train/Class1/Placass10734.jpg,0
train,Class1,0,Placass11663.jpg,data/processed/160x120/Class1/Placass11663.jpg,data/splits/train/Class1/Placass11663.jpg,0
train,Class1,0,placaas10941.jpg,data/processed/160x120/Class1/placaas10941.jpg,data/splits/train/Class1/placaas10941.jpg,0
train,Class1,0,Placass10262.jpg,data/processed/160x120/Class1/Placass10262.jpg,data/splits/train/Class1/Placass10262.jpg,0
train,Class1,0,Placas11208.jpg,data/processed/160x120/Class1/Placas11208.jpg,data/splits/train/Class1/Placas11208.jpg,0
train,Class1,0,placaas10833.jpg,data/processed/160x120/Class1/placaas10833.jpg,data/splits/train/Class1/placaas10833.jpg,0
train,Class1,0,plaacaas1312.jpg,data/processed/160x120/Class1/plaacaas1312.jpg,data/splits/train/Class1/plaacaas1312.jpg,0
train,Class1,0,Placasm10837.jpg,data/processed/160x120/Class1/Placasm10837.jpg,data/splits/train/Class1/Placasm10837.jpg,0
train,Class1,0,Placass11176.jpg,data/processed/160x120/Class1/Placass11176.jpg,data/splits/train/Class1/Placass11176.jpg,0
train,Class1,0,Placass11224.jpg,data/processed/160x120/Class1/Placass11224.jpg,data/splits/train/Class1/Placass11224.jpg,0
train,Class1,0,Placass10532.jpg,data/processed/160x120/Class1/Placass10532.jpg,data/splits/train/Class1/Placass10532.jpg,0
train,Class1,0,placaas10697.jpg,data/processed/160x120/Class1/placaas10697.jpg,data/splits/train/Class1/placaas10697.jpg,0
train,Class1,0,plaacaas1020.jpg,data/processed/160x120/Class1/plaacaas1020.jpg,data/splits/train/Class1/plaacaas1020.jpg,0
train,Class1,0,placas1159.jpg,data/processed/160x120/Class1/placas1159.jpg,data/splits/train/Class1/placas1159.jpg,0
train,Class1,0,Placass10549.jpg,data/processed/160x120/Class1/Placass10549.jpg,data/splits/train/Class1/Placass10549.jpg,0
train,Class1,0,Placass10609.jpg,data/processed/160x120/Class1/Placass10609.jpg,data/splits/train/Class1/Placass10609.jpg,0
train,Class1,0,Placass11335.jpg,data/processed/160x120/Class1/Placass11335.jpg,data/splits/train/Class1/Placass11335.jpg,0
train,Class1,0,Placass10468.jpg,data/processed/160x120/Class1/Placass10468.jpg,data/splits/train/Class1/Placass10468.jpg,0
train,Class1,0,placas1188.jpg,data/processed/160x120/Class1/placas1188.jpg,data/splits/train/Class1/placas1188.jpg,0
train,Class1,0,Placass10593.jpg,data/processed/160x120/Class1/Placass10593.jpg,data/splits/train/Class1/Placass10593.jpg,0
train,Class1,0,Placas11250.jpg,data/processed/160x120/Class1/Placas11250.jpg,data/splits/train/Class1/Placas11250.jpg,0
train,Class1,0,Placas11405.jpg,data/processed/160x120/Class1/Placas11405.jpg,data/splits/train/Class1/Placas11405.jpg,0
train,Class1,0,Placas11407.jpg,data/processed/160x120/Class1/Placas11407.jpg,data/splits/train/Class1/Placas11407.jpg,0
train,Class1,0,Placasm10137.jpg,data/processed/160x120/Class1/Placasm10137.jpg,data/splits/train/Class1/Placasm10137.jpg,0
train,Class1,0,placaas10599.jpg,data/processed/160x120/Class1/placaas10599.jpg,data/splits/train/Class1/placaas10599.jpg,0
train,Class1,0,Placas11218.jpg,data/processed/160x120/Class1/Placas11218.jpg,data/splits/train/Class1/Placas11218.jpg,0
train,Class1,0,Placass11465.jpg,data/processed/160x120/Class1/Placass11465.jpg,data/splits/train/Class1/Placass11465.jpg,0
train,Class1,0,Placass11563.jpg,data/processed/160x120/Class1/Placass11563.jpg,data/splits/train/Class1/Placass11563.jpg,0
train,Class1,0,Placass10080.jpg,data/processed/160x120/Class1/Placass10080.jpg,data/splits/train/Class1/Placass10080.jpg,0
train,Class1,0,placaas11421.jpg,data/processed/160x120/Class1/placaas11421.jpg,data/splits/train/Class1/placaas11421.jpg,0
train,Class1,0,placaas11335.jpg,data/processed/160x120/Class1/placaas11335.jpg,data/splits/train/Class1/placaas11335.jpg,0
train,Class1,0,Placasm10511.jpg,data/processed/160x120/Class1/Placasm10511.jpg,data/splits/train/Class1/Placasm10511.jpg,0
train,Class1,0,Placass10323.jpg,data/processed/160x120/Class1/Placass10323.jpg,data/splits/train/Class1/Placass10323.jpg,0
train,Class1,0,placas1087.jpg,data/processed/160x120/Class1/placas1087.jpg,data/splits/train/Class1/placas1087.jpg,0
train,Class1,0,placas1388.jpg,data/processed/160x120/Class1/placas1388.jpg,data/splits/train/Class1/placas1388.jpg,0
train,Class1,0,Placasm10098.jpg,data/processed/160x120/Class1/Placasm10098.jpg,data/splits/train/Class1/Placasm10098.jpg,0
train,Class1,0,Placass11374.jpg,data/processed/160x120/Class1/Placass11374.jpg,data/splits/train/Class1/Placass11374.jpg,0
train,Class1,0,Placas11021.jpg,data/processed/160x120/Class1/Placas11021.jpg,data/splits/train/Class1/Placas11021.jpg,0
train,Class1,0,Placass10539.jpg,data/processed/160x120/Class1/Placass10539.jpg,data/splits/train/Class1/Placass10539.jpg,0
train,Class1,0,Placas11606.jpg,data/processed/160x120/Class1/Placas11606.jpg,data/splits/train/Class1/Placas11606.jpg,0
train,Class1,0,Placass11452.jpg,data/processed/160x120/Class1/Placass11452.jpg,data/splits/train/Class1/Placass11452.jpg,0
train,Class1,0,Placasm10438.jpg,data/processed/160x120/Class1/Placasm10438.jpg,data/splits/train/Class1/Placasm10438.jpg,0
train,Class1,0,Placass10688.jpg,data/processed/160x120/Class1/Placass10688.jpg,data/splits/train/Class1/Placass10688.jpg,0
train,Class1,0,Placasm10201.jpg,data/processed/160x120/Class1/Placasm10201.jpg,data/splits/train/Class1/Placasm10201.jpg,0
train,Class1,0,placaas10586.jpg,data/processed/160x120/Class1/placaas10586.jpg,data/splits/train/Class1/placaas10586.jpg,0
train,Class1,0,placaas11151.jpg,data/processed/160x120/Class1/placaas11151.jpg,data/splits/train/Class1/placaas11151.jpg,0
train,Class1,0,placaas10113.jpg,data/processed/160x120/Class1/placaas10113.jpg,data/splits/train/Class1/placaas10113.jpg,0
train,Class1,0,placaas11190.jpg,data/processed/160x120/Class1/placaas11190.jpg,data/splits/train/Class1/placaas11190.jpg,0
train,Class1,0,placaas10381.jpg,data/processed/160x120/Class1/placaas10381.jpg,data/splits/train/Class1/placaas10381.jpg,0
train,Class1,0,placaas11139.jpg,data/processed/160x120/Class1/placaas11139.jpg,data/splits/train/Class1/placaas11139.jpg,0
train,Class1,0,placaas11048.jpg,data/processed/160x120/Class1/placaas11048.jpg,data/splits/train/Class1/placaas11048.jpg,0
train,Class1,0,placaas10222.jpg,data/processed/160x120/Class1/placaas10222.jpg,data/splits/train/Class1/placaas10222.jpg,0
train,Class1,0,placaas10309.jpg,data/processed/160x120/Class1/placaas10309.jpg,data/splits/train/Class1/placaas10309.jpg,0
train,Class1,0,placaas11289.jpg,data/processed/160x120/Class1/placaas11289.jpg,data/splits/train/Class1/placaas11289.jpg,0
train,Class1,0,Placass10281.jpg,data/processed/160x120/Class1/Placass10281.jpg,data/splits/train/Class1/Placass10281.jpg,0
train,Class1,0,Placass10285.jpg,data/processed/160x120/Class1/Placass10285.jpg,data/splits/train/Class1/Placass10285.jpg,0
train,Class1,0,Placasm10360.jpg,data/processed/160x120/Class1/Placasm10360.jpg,data/splits/train/Class1/Placasm10360.jpg,0
train,Class1,0,Placass10488.jpg,data/processed/160x120/Class1/Placass10488.jpg,data/splits/train/Class1/Placass10488.jpg,0
train,Class1,0,Placass10037.jpg,data/processed/160x120/Class1/Placass10037.jpg,data/splits/train/Class1/Placass10037.jpg,0
train,Class1,0,Placasm11222.jpg,data/processed/160x120/Class1/Placasm11222.jpg,data/splits/train/Class1/Placasm11222.jpg,0
train,Class1,0,Placass10177.jpg,data/processed/160x120/Class1/Placass10177.jpg,data/splits/train/Class1/Placass10177.jpg,0
train,Class1,0,Placass11296.jpg,data/processed/160x120/Class1/Placass11296.jpg,data/splits/train/Class1/Placass11296.jpg,0
train,Class1,0,Placass11200.jpg,data/processed/160x120/Class1/Placass11200.jpg,data/splits/train/Class1/Placass11200.jpg,0
train,Class1,0,placaas11285.jpg,data/processed/160x120/Class1/placaas11285.jpg,data/splits/train/Class1/placaas11285.jpg,0
train,Class1,0,placaas11028.jpg,data/processed/160x120/Class1/placaas11028.jpg,data/splits/train/Class1/placaas11028.jpg,0
train,Class1,0,placaas10940.jpg,data/processed/160x120/Class1/placaas10940.jpg,data/splits/train/Class1/placaas10940.jpg,0
train,Class1,0,placaas10796.jpg,data/processed/160x120/Class1/placaas10796.jpg,data/splits/train/Class1/placaas10796.jpg,0
train,Class1,0,Placass10277.jpg,data/processed/160x120/Class1/Placass10277.jpg,data/splits/train/Class1/Placass10277.jpg,0
train,Class1,0,Placass11223.jpg,data/processed/160x120/Class1/Placass11223.jpg,data/splits/train/Class1/Placass11223.jpg,0
train,Class1,0,Placass11248.jpg,data/processed/160x120/Class1/Placass11248.jpg,data/splits/train/Class1/Placass11248.jpg,0
train,Class1,0,Placass11609.jpg,data/processed/160x120/Class1/Placass11609.jpg,data/splits/train/Class1/Placass11609.jpg,0
train,Class1,0,Placas11506.jpg,data/processed/160x120/Class1/Placas11506.jpg,data/splits/train/Class1/Placas11506.jpg,0
train,Class1,0,placas1615.jpg,data/processed/160x120/Class1/placas1615.jpg,data/splits/train/Class1/placas1615.jpg,0
train,Class1,0,placaas10589.jpg,data/processed/160x120/Class1/placaas10589.jpg,data/splits/train/Class1/placaas10589.jpg,0
train,Class1,0,Placass10369.jpg,data/processed/160x120/Class1/Placass10369.jpg,data/splits/train/Class1/Placass10369.jpg,0
train,Class1,0,Placasm10667.jpg,data/processed/160x120/Class1/Placasm10667.jpg,data/splits/train/Class1/Placasm10667.jpg,0
train,Class1,0,placaas11221.jpg,data/processed/160x120/Class1/placaas11221.jpg,data/splits/train/Class1/placaas11221.jpg,0
train,Class1,0,Placass10109.jpg,data/processed/160x120/Class1/Placass10109.jpg,data/splits/train/Class1/Placass10109.jpg,0
train,Class1,0,Placasm10464.jpg,data/processed/160x120/Class1/Placasm10464.jpg,data/splits/train/Class1/Placasm10464.jpg,0
train,Class1,0,placaas10515.jpg,data/processed/160x120/Class1/placaas10515.jpg,data/splits/train/Class1/placaas10515.jpg,0
train,Class1,0,placaas10860.jpg,data/processed/160x120/Class1/placaas10860.jpg,data/splits/train/Class1/placaas10860.jpg,0
train,Class1,0,Placass10990.jpg,data/processed/160x120/Class1/Placass10990.jpg,data/splits/train/Class1/Placass10990.jpg,0
train,Class1,0,Placass11410.jpg,data/processed/160x120/Class1/Placass11410.jpg,data/splits/train/Class1/Placass11410.jpg,0
train,Class1,0,Placass11146.jpg,data/processed/160x120/Class1/Placass11146.jpg,data/splits/train/Class1/Placass11146.jpg,0
train,Class1,0,placaas11299.jpg,data/processed/160x120/Class1/placaas11299.jpg,data/splits/train/Class1/placaas11299.jpg,0
train,Class1,0,Placas11018.jpg,data/processed/160x120/Class1/Placas11018.jpg,data/splits/train/Class1/Placas11018.jpg,0
train,Class1,0,Placass11378.jpg,data/processed/160x120/Class1/Placass11378.jpg,data/splits/train/Class1/Placass11378.jpg,0
train,Class1,0,placaas10520.jpg,data/processed/160x120/Class1/placaas10520.jpg,data/splits/train/Class1/placaas10520.jpg,0
train,Class1,0,Placass11613.jpg,data/processed/160x120/Class1/Placass11613.jpg,data/splits/train/Class1/Placass11613.jpg,0
train,Class1,0,placaas10132.jpg,data/processed/160x120/Class1/placaas10132.jpg,data/splits/train/Class1/placaas10132.jpg,0
train,Class1,0,placaas10544.jpg,data/processed/160x120/Class1/placaas10544.jpg,data/splits/train/Class1/placaas10544.jpg,0
train,Class1,0,placaas11122.jpg,data/processed/160x120/Class1/placaas11122.jpg,data/splits/train/Class1/placaas11122.jpg,0
train,Class1,0,Placass11332.jpg,data/processed/160x120/Class1/Placass11332.jpg,data/splits/train/Class1/Placass11332.jpg,0
train,Class1,0,Placasm10327.jpg,data/processed/160x120/Class1/Placasm10327.jpg,data/splits/train/Class1/Placasm10327.jpg,0
train,Class1,0,placaas10980.jpg,data/processed/160x120/Class1/placaas10980.jpg,data/splits/train/Class1/placaas10980.jpg,0
train,Class1,0,placaas10777.jpg,data/processed/160x120/Class1/placaas10777.jpg,data/splits/train/Class1/placaas10777.jpg,0
train,Class1,0,Placass11524.jpg,data/processed/160x120/Class1/Placass11524.jpg,data/splits/train/Class1/Placass11524.jpg,0
train,Class1,0,plaacaas1189.jpg,data/processed/160x120/Class1/plaacaas1189.jpg,data/splits/train/Class1/plaacaas1189.jpg,0
train,Class1,0,Placass11514.jpg,data/processed/160x120/Class1/Placass11514.jpg,data/splits/train/Class1/Placass11514.jpg,0
train,Class1,0,Placas11168.jpg,data/processed/160x120/Class1/Placas11168.jpg,data/splits/train/Class1/Placas11168.jpg,0
train,Class1,0,placas1066.jpg,data/processed/160x120/Class1/placas1066.jpg,data/splits/train/Class1/placas1066.jpg,0
train,Class1,0,Placass10377.jpg,data/processed/160x120/Class1/Placass10377.jpg,data/splits/train/Class1/Placass10377.jpg,0
train,Class1,0,Placass11004.jpg,data/processed/160x120/Class1/Placass11004.jpg,data/splits/train/Class1/Placass11004.jpg,0
train,Class1,0,Placass10099.jpg,data/processed/160x120/Class1/Placass10099.jpg,data/splits/train/Class1/Placass10099.jpg,0
train,Class1,0,Placas11376.jpg,data/processed/160x120/Class1/Placas11376.jpg,data/splits/train/Class1/Placas11376.jpg,0
train,Class1,0,placaas10965.jpg,data/processed/160x120/Class1/placaas10965.jpg,data/splits/train/Class1/placaas10965.jpg,0
train,Class1,0,plaacaas1045.jpg,data/processed/160x120/Class1/plaacaas1045.jpg,data/splits/train/Class1/plaacaas1045.jpg,0
train,Class1,0,Placasm10286.jpg,data/processed/160x120/Class1/Placasm10286.jpg,data/splits/train/Class1/Placasm10286.jpg,0
train,Class1,0,Placass10476.jpg,data/processed/160x120/Class1/Placass10476.jpg,data/splits/train/Class1/Placass10476.jpg,0
train,Class1,0,plaacaas1154.jpg,data/processed/160x120/Class1/plaacaas1154.jpg,data/splits/train/Class1/plaacaas1154.jpg,0
train,Class1,0,plaacaas1068.jpg,data/processed/160x120/Class1/plaacaas1068.jpg,data/splits/train/Class1/plaacaas1068.jpg,0
train,Class1,0,placaas10770.jpg,data/processed/160x120/Class1/placaas10770.jpg,data/splits/train/Class1/placaas10770.jpg,0
train,Class1,0,Placass11700.jpg,data/processed/160x120/Class1/Placass11700.jpg,data/splits/train/Class1/Placass11700.jpg,0
train,Class1,0,placaas10737.jpg,data/processed/160x120/Class1/placaas10737.jpg,data/splits/train/Class1/placaas10737.jpg,0
train,Class1,0,Placas11608.jpg,data/processed/160x120/Class1/Placas11608.jpg,data/splits/train/Class1/Placas11608.jpg,0
train,Class1,0,Placasm10312.jpg,data/processed/160x120/Class1/Placasm10312.jpg,data/splits/train/Class1/Placasm10312.jpg,0
train,Class1,0,placas1732.jpg,data/processed/160x120/Class1/placas1732.jpg,data/splits/train/Class1/placas1732.jpg,0
train,Class1,0,Placass11307.jpg,data/processed/160x120/Class1/Placass11307.jpg,data/splits/train/Class1/Placass11307.jpg,0
train,Class1,0,plaacaas1203.jpg,data/processed/160x120/Class1/plaacaas1203.jpg,data/splits/train/Class1/plaacaas1203.jpg,0
train,Class1,0,placas1668.jpg,data/processed/160x120/Class1/placas1668.jpg,data/splits/train/Class1/placas1668.jpg,0
train,Class1,0,Placas11417.jpg,data/processed/160x120/Class1/Placas11417.jpg,data/splits/train/Class1/Placas11417.jpg,0
train,Class1,0,placaas10769.jpg,data/processed/160x120/Class1/placaas10769.jpg,data/splits/train/Class1/placaas10769.jpg,0
train,Class1,0,placaas11287.jpg,data/processed/160x120/Class1/placaas11287.jpg,data/splits/train/Class1/placaas11287.jpg,0
train,Class1,0,Placass10775.jpg,data/processed/160x120/Class1/Placass10775.jpg,data/splits/train/Class1/Placass10775.jpg,0
train,Class1,0,placaas10385.jpg,data/processed/160x120/Class1/placaas10385.jpg,data/splits/train/Class1/placaas10385.jpg,0
train,Class1,0,Placass10822.jpg,data/processed/160x120/Class1/Placass10822.jpg,data/splits/train/Class1/Placass10822.jpg,0
train,Class1,0,placaas10887.jpg,data/processed/160x120/Class1/placaas10887.jpg,data/splits/train/Class1/placaas10887.jpg,0
train,Class1,0,placaas10861.jpg,data/processed/160x120/Class1/placaas10861.jpg,data/splits/train/Class1/placaas10861.jpg,0
train,Class1,0,Placass10989.jpg,data/processed/160x120/Class1/Placass10989.jpg,data/splits/train/Class1/Placass10989.jpg,0
train,Class1,0,placaas11413.jpg,data/processed/160x120/Class1/placaas11413.jpg,data/splits/train/Class1/placaas11413.jpg,0
train,Class1,0,Placass11266.jpg,data/processed/160x120/Class1/Placass11266.jpg,data/splits/train/Class1/Placass11266.jpg,0
train,Class1,0,Placass10677.jpg,data/processed/160x120/Class1/Placass10677.jpg,data/splits/train/Class1/Placass10677.jpg,0
train,Class1,0,Placasm10917.jpg,data/processed/160x120/Class1/Placasm10917.jpg,data/splits/train/Class1/Placasm10917.jpg,0
train,Class1,0,Placas11378.jpg,data/processed/160x120/Class1/Placas11378.jpg,data/splits/train/Class1/Placas11378.jpg,0
train,Class1,0,placaas10580.jpg,data/processed/160x120/Class1/placaas10580.jpg,data/splits/train/Class1/placaas10580.jpg,0
train,Class1,0,Placasm10569.jpg,data/processed/160x120/Class1/Placasm10569.jpg,data/splits/train/Class1/Placasm10569.jpg,0
train,Class1,0,Placass11199.jpg,data/processed/160x120/Class1/Placass11199.jpg,data/splits/train/Class1/Placass11199.jpg,0
train,Class1,0,placas1343.jpg,data/processed/160x120/Class1/placas1343.jpg,data/splits/train/Class1/placas1343.jpg,0
train,Class1,0,Placasm10424.jpg,data/processed/160x120/Class1/Placasm10424.jpg,data/splits/train/Class1/Placasm10424.jpg,0
train,Class1,0,Placass10589.jpg,data/processed/160x120/Class1/Placass10589.jpg,data/splits/train/Class1/Placass10589.jpg,0
train,Class1,0,placaas10175.jpg,data/processed/160x120/Class1/placaas10175.jpg,data/splits/train/Class1/placaas10175.jpg,0
train,Class1,0,placaas11176.jpg,data/processed/160x120/Class1/placaas11176.jpg,data/splits/train/Class1/placaas11176.jpg,0
train,Class1,0,plaacaas1107.jpg,data/processed/160x120/Class1/plaacaas1107.jpg,data/splits/train/Class1/plaacaas1107.jpg,0
train,Class1,0,Placass10434.jpg,data/processed/160x120/Class1/Placass10434.jpg,data/splits/train/Class1/Placass10434.jpg,0
train,Class1,0,Placas11269.jpg,data/processed/160x120/Class1/Placas11269.jpg,data/splits/train/Class1/Placas11269.jpg,0
train,Class1,0,Placass11041.jpg,data/processed/160x120/Class1/Placass11041.jpg,data/splits/train/Class1/Placass11041.jpg,0
train,Class1,0,Placass11288.jpg,data/processed/160x120/Class1/Placass11288.jpg,data/splits/train/Class1/Placass11288.jpg,0
train,Class1,0,placaas10449.jpg,data/processed/160x120/Class1/placaas10449.jpg,data/splits/train/Class1/placaas10449.jpg,0
train,Class1,0,Placasm10966.jpg,data/processed/160x120/Class1/Placasm10966.jpg,data/splits/train/Class1/Placasm10966.jpg,0
train,Class1,0,Placass10968.jpg,data/processed/160x120/Class1/Placass10968.jpg,data/splits/train/Class1/Placass10968.jpg,0
train,Class1,0,plaacaas1002.jpg,data/processed/160x120/Class1/plaacaas1002.jpg,data/splits/train/Class1/plaacaas1002.jpg,0
train,Class1,0,Placass11249.jpg,data/processed/160x120/Class1/Placass11249.jpg,data/splits/train/Class1/Placass11249.jpg,0
train,Class1,0,placaas10013.jpg,data/processed/160x120/Class1/placaas10013.jpg,data/splits/train/Class1/placaas10013.jpg,0
train,Class1,0,Placasm11038.jpg,data/processed/160x120/Class1/Placasm11038.jpg,data/splits/train/Class1/Placasm11038.jpg,0
train,Class1,0,plaacaas1058.jpg,data/processed/160x120/Class1/plaacaas1058.jpg,data/splits/train/Class1/plaacaas1058.jpg,0
train,Class1,0,Placass10710.jpg,data/processed/160x120/Class1/Placass10710.jpg,data/splits/train/Class1/Placass10710.jpg,0
train,Class1,0,Placas11583.jpg,data/processed/160x120/Class1/Placas11583.jpg,data/splits/train/Class1/Placas11583.jpg,0
train,Class1,0,Placasm10608.jpg,data/processed/160x120/Class1/Placasm10608.jpg,data/splits/train/Class1/Placasm10608.jpg,0
train,Class1,0,placaas10630.jpg,data/processed/160x120/Class1/placaas10630.jpg,data/splits/train/Class1/placaas10630.jpg,0
train,Class1,0,placaas11031.jpg,data/processed/160x120/Class1/placaas11031.jpg,data/splits/train/Class1/placaas11031.jpg,0
train,Class1,0,Placass10484.jpg,data/processed/160x120/Class1/Placass10484.jpg,data/splits/train/Class1/Placass10484.jpg,0
train,Class1,0,placas1579.jpg,data/processed/160x120/Class1/placas1579.jpg,data/splits/train/Class1/placas1579.jpg,0
train,Class1,0,Placas11551.jpg,data/processed/160x120/Class1/Placas11551.jpg,data/splits/train/Class1/Placas11551.jpg,0
train,Class1,0,placas1211.jpg,data/processed/160x120/Class1/placas1211.jpg,data/splits/train/Class1/placas1211.jpg,0
train,Class1,0,placaas10316.jpg,data/processed/160x120/Class1/placaas10316.jpg,data/splits/train/Class1/placaas10316.jpg,0
train,Class1,0,Placas11456.jpg,data/processed/160x120/Class1/Placas11456.jpg,data/splits/train/Class1/Placas11456.jpg,0
train,Class1,0,Placas11366.jpg,data/processed/160x120/Class1/Placas11366.jpg,data/splits/train/Class1/Placas11366.jpg,0
train,Class1,0,plaacaas1117.jpg,data/processed/160x120/Class1/plaacaas1117.jpg,data/splits/train/Class1/plaacaas1117.jpg,0
train,Class1,0,placaas10813.jpg,data/processed/160x120/Class1/placaas10813.jpg,data/splits/train/Class1/placaas10813.jpg,0
train,Class1,0,Placass11364.jpg,data/processed/160x120/Class1/Placass11364.jpg,data/splits/train/Class1/Placass11364.jpg,0
train,Class1,0,Placass10136.jpg,data/processed/160x120/Class1/Placass10136.jpg,data/splits/train/Class1/Placass10136.jpg,0
train,Class1,0,Placass11202.jpg,data/processed/160x120/Class1/Placass11202.jpg,data/splits/train/Class1/Placass11202.jpg,0
train,Class1,0,Placass10789.jpg,data/processed/160x120/Class1/Placass10789.jpg,data/splits/train/Class1/Placass10789.jpg,0
train,Class1,0,placaas10955.jpg,data/processed/160x120/Class1/placaas10955.jpg,data/splits/train/Class1/placaas10955.jpg,0
train,Class1,0,placas1131.jpg,data/processed/160x120/Class1/placas1131.jpg,data/splits/train/Class1/placas1131.jpg,0
train,Class1,0,Placass11542.jpg,data/processed/160x120/Class1/Placass11542.jpg,data/splits/train/Class1/Placass11542.jpg,0
train,Class1,0,placaas10701.jpg,data/processed/160x120/Class1/placaas10701.jpg,data/splits/train/Class1/placaas10701.jpg,0
train,Class1,0,placaas11179.jpg,data/processed/160x120/Class1/placaas11179.jpg,data/splits/train/Class1/placaas11179.jpg,0
train,Class1,0,placas1712.jpg,data/processed/160x120/Class1/placas1712.jpg,data/splits/train/Class1/placas1712.jpg,0
train,Class1,0,placas1637.jpg,data/processed/160x120/Class1/placas1637.jpg,data/splits/train/Class1/placas1637.jpg,0
train,Class1,0,Placass10367.jpg,data/processed/160x120/Class1/Placass10367.jpg,data/splits/train/Class1/Placass10367.jpg,0
train,Class1,0,Placass11205.jpg,data/processed/160x120/Class1/Placass11205.jpg,data/splits/train/Class1/Placass11205.jpg,0
train,Class1,0,Placasm10832.jpg,data/processed/160x120/Class1/Placasm10832.jpg,data/splits/train/Class1/Placasm10832.jpg,0
train,Class1,0,placaas10210.jpg,data/processed/160x120/Class1/placaas10210.jpg,data/splits/train/Class1/placaas10210.jpg,0
train,Class1,0,Placass10092.jpg,data/processed/160x120/Class1/Placass10092.jpg,data/splits/train/Class1/Placass10092.jpg,0
train,Class1,0,Placass11055.jpg,data/processed/160x120/Class1/Placass11055.jpg,data/splits/train/Class1/Placass11055.jpg,0
train,Class1,0,placas1099.jpg,data/processed/160x120/Class1/placas1099.jpg,data/splits/train/Class1/placas1099.jpg,0
train,Class1,0,Placass10849.jpg,data/processed/160x120/Class1/Placass10849.jpg,data/splits/train/Class1/Placass10849.jpg,0
train,Class1,0,placas1313.jpg,data/processed/160x120/Class1/placas1313.jpg,data/splits/train/Class1/placas1313.jpg,0
train,Class1,0,Placas11256.jpg,data/processed/160x120/Class1/Placas11256.jpg,data/splits/train/Class1/Placas11256.jpg,0
train,Class1,0,plaacaas1233(1).jpg,data/processed/160x120/Class1/plaacaas1233(1).jpg,data/splits/train/Class1/plaacaas1233(1).jpg,0
train,Class1,0,Placass11297.jpg,data/processed/160x120/Class1/Placass11297.jpg,data/splits/train/Class1/Placass11297.jpg,0
train,Class1,0,placaas10683.jpg,data/processed/160x120/Class1/placaas10683.jpg,data/splits/train/Class1/placaas10683.jpg,0
train,Class1,0,placaas11260.jpg,data/processed/160x120/Class1/placaas11260.jpg,data/splits/train/Class1/placaas11260.jpg,0
train,Class1,0,plaacaas1060.jpg,data/processed/160x120/Class1/plaacaas1060.jpg,data/splits/train/Class1/plaacaas1060.jpg,0
train,Class1,0,plaacaas1097.jpg,data/processed/160x120/Class1/plaacaas1097.jpg,data/splits/train/Class1/plaacaas1097.jpg,0
train,Class1,0,placaas10251.jpg,data/processed/160x120/Class1/placaas10251.jpg,data/splits/train/Class1/placaas10251.jpg,0
train,Class1,0,placas1611.jpg,data/processed/160x120/Class1/placas1611.jpg,data/splits/train/Class1/placas1611.jpg,0
train,Class1,0,Placasm10307.jpg,data/processed/160x120/Class1/Placasm10307.jpg,data/splits/train/Class1/Placasm10307.jpg,0
train,Class1,0,Placas11278.jpg,data/processed/160x120/Class1/Placas11278.jpg,data/splits/train/Class1/Placas11278.jpg,0
train,Class1,0,placaas10457.jpg,data/processed/160x120/Class1/placaas10457.jpg,data/splits/train/Class1/placaas10457.jpg,0
train,Class1,0,Placas11573.jpg,data/processed/160x120/Class1/Placas11573.jpg,data/splits/train/Class1/Placas11573.jpg,0
train,Class1,0,Placass11417.jpg,data/processed/160x120/Class1/Placass11417.jpg,data/splits/train/Class1/Placass11417.jpg,0
train,Class1,0,placaas10143.jpg,data/processed/160x120/Class1/placaas10143.jpg,data/splits/train/Class1/placaas10143.jpg,0
train,Class1,0,Placas11363.jpg,data/processed/160x120/Class1/Placas11363.jpg,data/splits/train/Class1/Placas11363.jpg,0
train,Class1,0,placas1105.jpg,data/processed/160x120/Class1/placas1105.jpg,data/splits/train/Class1/placas1105.jpg,0
train,Class1,0,Placass11558.jpg,data/processed/160x120/Class1/Placass11558.jpg,data/splits/train/Class1/Placass11558.jpg,0
train,Class1,0,placaas10740.jpg,data/processed/160x120/Class1/placaas10740.jpg,data/splits/train/Class1/placaas10740.jpg,0
train,Class1,0,placas1621.jpg,data/processed/160x120/Class1/placas1621.jpg,data/splits/train/Class1/placas1621.jpg,0
train,Class1,0,Placass10730.jpg,data/processed/160x120/Class1/Placass10730.jpg,data/splits/train/Class1/Placass10730.jpg,0
train,Class1,0,Placass10115.jpg,data/processed/160x120/Class1/Placass10115.jpg,data/splits/train/Class1/Placass10115.jpg,0
train,Class1,0,Placass10628.jpg,data/processed/160x120/Class1/Placass10628.jpg,data/splits/train/Class1/Placass10628.jpg,0
train,Class1,0,placas1053.jpg,data/processed/160x120/Class1/placas1053.jpg,data/splits/train/Class1/placas1053.jpg,0
train,Class1,0,placas1328.jpg,data/processed/160x120/Class1/placas1328.jpg,data/splits/train/Class1/placas1328.jpg,0
train,Class1,0,placaas10675.jpg,data/processed/160x120/Class1/placaas10675.jpg,data/splits/train/Class1/placaas10675.jpg,0
train,Class1,0,Placass10309.jpg,data/processed/160x120/Class1/Placass10309.jpg,data/splits/train/Class1/Placass10309.jpg,0
train,Class1,0,Placass10687.jpg,data/processed/160x120/Class1/Placass10687.jpg,data/splits/train/Class1/Placass10687.jpg,0
train,Class1,0,placaas11107.jpg,data/processed/160x120/Class1/placaas11107.jpg,data/splits/train/Class1/placaas11107.jpg,0
train,Class1,0,placas1334.jpg,data/processed/160x120/Class1/placas1334.jpg,data/splits/train/Class1/placas1334.jpg,0
train,Class1,0,placas1030.jpg,data/processed/160x120/Class1/placas1030.jpg,data/splits/train/Class1/placas1030.jpg,0
train,Class1,0,Placass11651.jpg,data/processed/160x120/Class1/Placass11651.jpg,data/splits/train/Class1/Placass11651.jpg,0
train,Class1,0,Placass10739.jpg,data/processed/160x120/Class1/Placass10739.jpg,data/splits/train/Class1/Placass10739.jpg,0
train,Class1,0,Placass11304.jpg,data/processed/160x120/Class1/Placass11304.jpg,data/splits/train/Class1/Placass11304.jpg,0
train,Class1,0,placas1026.jpg,data/processed/160x120/Class1/placas1026.jpg,data/splits/train/Class1/placas1026.jpg,0
train,Class1,0,Placass11363.jpg,data/processed/160x120/Class1/Placass11363.jpg,data/splits/train/Class1/Placass11363.jpg,0
train,Class1,0,placaas10968.jpg,data/processed/160x120/Class1/placaas10968.jpg,data/splits/train/Class1/placaas10968.jpg,0
train,Class1,0,placaas10201.jpg,data/processed/160x120/Class1/placaas10201.jpg,data/splits/train/Class1/placaas10201.jpg,0
train,Class1,0,plaacaas1242.jpg,data/processed/160x120/Class1/plaacaas1242.jpg,data/splits/train/Class1/plaacaas1242.jpg,0
train,Class1,0,Placass10581.jpg,data/processed/160x120/Class1/Placass10581.jpg,data/splits/train/Class1/Placass10581.jpg,0
train,Class1,0,Placas11053.jpg,data/processed/160x120/Class1/Placas11053.jpg,data/splits/train/Class1/Placas11053.jpg,0
train,Class1,0,placas1002.jpg,data/processed/160x120/Class1/placas1002.jpg,data/splits/train/Class1/placas1002.jpg,0
train,Class1,0,Placass10130.jpg,data/processed/160x120/Class1/Placass10130.jpg,data/splits/train/Class1/Placass10130.jpg,0
train,Class1,0,Placass11102.jpg,data/processed/160x120/Class1/Placass11102.jpg,data/splits/train/Class1/Placass11102.jpg,0
train,Class1,0,placas1396.jpg,data/processed/160x120/Class1/placas1396.jpg,data/splits/train/Class1/placas1396.jpg,0
train,Class1,0,Placass10746.jpg,data/processed/160x120/Class1/Placass10746.jpg,data/splits/train/Class1/Placass10746.jpg,0
train,Class1,0,placas1283.jpg,data/processed/160x120/Class1/placas1283.jpg,data/splits/train/Class1/placas1283.jpg,0
train,Class1,0,placaas10178.jpg,data/processed/160x120/Class1/placaas10178.jpg,data/splits/train/Class1/placaas10178.jpg,0
train,Class1,0,placas1618.jpg,data/processed/160x120/Class1/placas1618.jpg,data/splits/train/Class1/placas1618.jpg,0
train,Class1,0,plaacaas1109.jpg,data/processed/160x120/Class1/plaacaas1109.jpg,data/splits/train/Class1/plaacaas1109.jpg,0
train,Class1,0,Placasm10139.jpg,data/processed/160x120/Class1/Placasm10139.jpg,data/splits/train/Class1/Placasm10139.jpg,0
train,Class1,0,Placas11032.jpg,data/processed/160x120/Class1/Placas11032.jpg,data/splits/train/Class1/Placas11032.jpg,0
train,Class1,0,placaas10189.jpg,data/processed/160x120/Class1/placaas10189.jpg,data/splits/train/Class1/placaas10189.jpg,0
train,Class1,0,Placass10273.jpg,data/processed/160x120/Class1/Placass10273.jpg,data/splits/train/Class1/Placass10273.jpg,0
train,Class1,0,Placasm11059.jpg,data/processed/160x120/Class1/Placasm11059.jpg,data/splits/train/Class1/Placasm11059.jpg,0
train,Class1,0,Placass11607.jpg,data/processed/160x120/Class1/Placass11607.jpg,data/splits/train/Class1/Placass11607.jpg,0
train,Class1,0,Placasm10610.jpg,data/processed/160x120/Class1/Placasm10610.jpg,data/splits/train/Class1/Placasm10610.jpg,0
train,Class1,0,Placasm10867.jpg,data/processed/160x120/Class1/Placasm10867.jpg,data/splits/train/Class1/Placasm10867.jpg,0
train,Class1,0,placas1199.jpg,data/processed/160x120/Class1/placas1199.jpg,data/splits/train/Class1/placas1199.jpg,0
train,Class1,0,Placass10862.jpg,data/processed/160x120/Class1/Placass10862.jpg,data/splits/train/Class1/Placass10862.jpg,0
train,Class1,0,Placass11310.jpg,data/processed/160x120/Class1/Placass11310.jpg,data/splits/train/Class1/Placass11310.jpg,0
train,Class1,0,Placasm11197.jpg,data/processed/160x120/Class1/Placasm11197.jpg,data/splits/train/Class1/Placasm11197.jpg,0
train,Class1,0,placaas11108.jpg,data/processed/160x120/Class1/placaas11108.jpg,data/splits/train/Class1/placaas11108.jpg,0
train,Class1,0,Placass11476.jpg,data/processed/160x120/Class1/Placass11476.jpg,data/splits/train/Class1/Placass11476.jpg,0
train,Class1,0,Placass11420.jpg,data/processed/160x120/Class1/Placass11420.jpg,data/splits/train/Class1/Placass11420.jpg,0
train,Class1,0,placas1157.jpg,data/processed/160x120/Class1/placas1157.jpg,data/splits/train/Class1/placas1157.jpg,0
train,Class1,0,Placass11135.jpg,data/processed/160x120/Class1/Placass11135.jpg,data/splits/train/Class1/Placass11135.jpg,0
train,Class1,0,Placass10673.jpg,data/processed/160x120/Class1/Placass10673.jpg,data/splits/train/Class1/Placass10673.jpg,0
train,Class1,0,Placass10749.jpg,data/processed/160x120/Class1/Placass10749.jpg,data/splits/train/Class1/Placass10749.jpg,0
train,Class1,0,plaacaas1248.jpg,data/processed/160x120/Class1/plaacaas1248.jpg,data/splits/train/Class1/plaacaas1248.jpg,0
train,Class1,0,Placas11260.jpg,data/processed/160x120/Class1/Placas11260.jpg,data/splits/train/Class1/Placas11260.jpg,0
train,Class1,0,plaacaas1249.jpg,data/processed/160x120/Class1/plaacaas1249.jpg,data/splits/train/Class1/plaacaas1249.jpg,0
train,Class1,0,Placass11251.jpg,data/processed/160x120/Class1/Placass11251.jpg,data/splits/train/Class1/Placass11251.jpg,0
train,Class1,0,Placas11272.jpg,data/processed/160x120/Class1/Placas11272.jpg,data/splits/train/Class1/Placas11272.jpg,0
train,Class1,0,placaas10263.jpg,data/processed/160x120/Class1/placaas10263.jpg,data/splits/train/Class1/placaas10263.jpg,0
train,Class1,0,Placass11709.jpg,data/processed/160x120/Class1/Placass11709.jpg,data/splits/train/Class1/Placass11709.jpg,0
train,Class1,0,placaas11393.jpg,data/processed/160x120/Class1/placaas11393.jpg,data/splits/train/Class1/placaas11393.jpg,0
train,Class1,0,placaas10431.jpg,data/processed/160x120/Class1/placaas10431.jpg,data/splits/train/Class1/placaas10431.jpg,0
train,Class1,0,Placass10163.jpg,data/processed/160x120/Class1/Placass10163.jpg,data/splits/train/Class1/Placass10163.jpg,0
train,Class1,0,plaacaas1096.jpg,data/processed/160x120/Class1/plaacaas1096.jpg,data/splits/train/Class1/plaacaas1096.jpg,0
train,Class1,0,placas1246.jpg,data/processed/160x120/Class1/placas1246.jpg,data/splits/train/Class1/placas1246.jpg,0
train,Class1,0,plaacaas1148.jpg,data/processed/160x120/Class1/plaacaas1148.jpg,data/splits/train/Class1/plaacaas1148.jpg,0
train,Class1,0,plaacaas1112.jpg,data/processed/160x120/Class1/plaacaas1112.jpg,data/splits/train/Class1/plaacaas1112.jpg,0
train,Class1,0,Placass11015.jpg,data/processed/160x120/Class1/Placass11015.jpg,data/splits/train/Class1/Placass11015.jpg,0
train,Class1,0,placaas10723.jpg,data/processed/160x120/Class1/placaas10723.jpg,data/splits/train/Class1/placaas10723.jpg,0
train,Class1,0,placaas11117.jpg,data/processed/160x120/Class1/placaas11117.jpg,data/splits/train/Class1/placaas11117.jpg,0
train,Class1,0,Placass10918.jpg,data/processed/160x120/Class1/Placass10918.jpg,data/splits/train/Class1/Placass10918.jpg,0
train,Class1,0,Placass11668.jpg,data/processed/160x120/Class1/Placass11668.jpg,data/splits/train/Class1/Placass11668.jpg,0
train,Class1,0,Placass10467.jpg,data/processed/160x120/Class1/Placass10467.jpg,data/splits/train/Class1/Placass10467.jpg,0
train,Class1,0,Placass10244.jpg,data/processed/160x120/Class1/Placass10244.jpg,data/splits/train/Class1/Placass10244.jpg,0
train,Class1,0,plaacaas1303.jpg,data/processed/160x120/Class1/plaacaas1303.jpg,data/splits/train/Class1/plaacaas1303.jpg,0
train,Class1,0,placas1390.jpg,data/processed/160x120/Class1/placas1390.jpg,data/splits/train/Class1/placas1390.jpg,0
train,Class1,0,placaas11069.jpg,data/processed/160x120/Class1/placaas11069.jpg,data/splits/train/Class1/placaas11069.jpg,0
train,Class1,0,placaas10724.jpg,data/processed/160x120/Class1/placaas10724.jpg,data/splits/train/Class1/placaas10724.jpg,0
train,Class1,0,Placass11535.jpg,data/processed/160x120/Class1/Placass11535.jpg,data/splits/train/Class1/Placass11535.jpg,0
train,Class1,0,placas1699.jpg,data/processed/160x120/Class1/placas1699.jpg,data/splits/train/Class1/placas1699.jpg,0
train,Class1,0,placaas11308.jpg,data/processed/160x120/Class1/placaas11308.jpg,data/splits/train/Class1/placaas11308.jpg,0
train,Class1,0,placas1455.jpg,data/processed/160x120/Class1/placas1455.jpg,data/splits/train/Class1/placas1455.jpg,0
train,Class1,0,Placas11219.jpg,data/processed/160x120/Class1/Placas11219.jpg,data/splits/train/Class1/Placas11219.jpg,0
train,Class1,0,placas1299.jpg,data/processed/160x120/Class1/placas1299.jpg,data/splits/train/Class1/placas1299.jpg,0
train,Class1,0,placaas10170.jpg,data/processed/160x120/Class1/placaas10170.jpg,data/splits/train/Class1/placaas10170.jpg,0
train,Class1,0,placaas11158.jpg,data/processed/160x120/Class1/placaas11158.jpg,data/splits/train/Class1/placaas11158.jpg,0
train,Class1,0,plaacaas1196.jpg,data/processed/160x120/Class1/plaacaas1196.jpg,data/splits/train/Class1/plaacaas1196.jpg,0
train,Class1,0,Placass11692.jpg,data/processed/160x120/Class1/Placass11692.jpg,data/splits/train/Class1/Placass11692.jpg,0
train,Class1,0,Placass10363.jpg,data/processed/160x120/Class1/Placass10363.jpg,data/splits/train/Class1/Placass10363.jpg,0
train,Class1,0,Placasm10451.jpg,data/processed/160x120/Class1/Placasm10451.jpg,data/splits/train/Class1/Placasm10451.jpg,0
train,Class1,0,Placass11145.jpg,data/processed/160x120/Class1/Placass11145.jpg,data/splits/train/Class1/Placass11145.jpg,0
train,Class1,0,Placasm10215.jpg,data/processed/160x120/Class1/Placasm10215.jpg,data/splits/train/Class1/Placasm10215.jpg,0
train,Class1,0,placaas11342.jpg,data/processed/160x120/Class1/placaas11342.jpg,data/splits/train/Class1/placaas11342.jpg,0
train,Class1,0,Placas11536.jpg,data/processed/160x120/Class1/Placas11536.jpg,data/splits/train/Class1/Placas11536.jpg,0
train,Class1,0,placaas10949.jpg,data/processed/160x120/Class1/placaas10949.jpg,data/splits/train/Class1/placaas10949.jpg,0
train,Class1,0,placaas10906.jpg,data/processed/160x120/Class1/placaas10906.jpg,data/splits/train/Class1/placaas10906.jpg,0
train,Class1,0,plaacaas1188.jpg,data/processed/160x120/Class1/plaacaas1188.jpg,data/splits/train/Class1/plaacaas1188.jpg,0
train,Class1,0,placaas11410.jpg,data/processed/160x120/Class1/placaas11410.jpg,data/splits/train/Class1/placaas11410.jpg,0
train,Class1,0,placaas10379.jpg,data/processed/160x120/Class1/placaas10379.jpg,data/splits/train/Class1/placaas10379.jpg,0
train,Class1,0,placas1133.jpg,data/processed/160x120/Class1/placas1133.jpg,data/splits/train/Class1/placas1133.jpg,0
train,Class1,0,Placasm10264.jpg,data/processed/160x120/Class1/Placasm10264.jpg,data/splits/train/Class1/Placasm10264.jpg,0
train,Class1,0,placas1634.jpg,data/processed/160x120/Class1/placas1634.jpg,data/splits/train/Class1/placas1634.jpg,0
train,Class1,0,Placass10888.jpg,data/processed/160x120/Class1/Placass10888.jpg,data/splits/train/Class1/Placass10888.jpg,0
train,Class1,0,Placass10821.jpg,data/processed/160x120/Class1/Placass10821.jpg,data/splits/train/Class1/Placass10821.jpg,0
train,Class1,0,placaas10423.jpg,data/processed/160x120/Class1/placaas10423.jpg,data/splits/train/Class1/placaas10423.jpg,0
train,Class1,0,placaas10460.jpg,data/processed/160x120/Class1/placaas10460.jpg,data/splits/train/Class1/placaas10460.jpg,0
train,Class1,0,Placass10731.jpg,data/processed/160x120/Class1/Placass10731.jpg,data/splits/train/Class1/Placass10731.jpg,0
train,Class1,0,placaas11408.jpg,data/processed/160x120/Class1/placaas11408.jpg,data/splits/train/Class1/placaas11408.jpg,0
train,Class1,0,plaacaas1182.jpg,data/processed/160x120/Class1/plaacaas1182.jpg,data/splits/train/Class1/plaacaas1182.jpg,0
train,Class1,0,placas1556.jpg,data/processed/160x120/Class1/placas1556.jpg,data/splits/train/Class1/placas1556.jpg,0
train,Class1,0,placaas10865.jpg,data/processed/160x120/Class1/placaas10865.jpg,data/splits/train/Class1/placaas10865.jpg,0
train,Class1,0,placas1044.jpg,data/processed/160x120/Class1/placas1044.jpg,data/splits/train/Class1/placas1044.jpg,0
train,Class1,0,Placasm10881.jpg,data/processed/160x120/Class1/Placasm10881.jpg,data/splits/train/Class1/Placasm10881.jpg,0
train,Class1,0,placas1151.jpg,data/processed/160x120/Class1/placas1151.jpg,data/splits/train/Class1/placas1151.jpg,0
train,Class1,0,placaas10364.jpg,data/processed/160x120/Class1/placaas10364.jpg,data/splits/train/Class1/placaas10364.jpg,0
train,Class1,0,Placass10106.jpg,data/processed/160x120/Class1/Placass10106.jpg,data/splits/train/Class1/Placass10106.jpg,0
train,Class1,0,plaacaas1307.jpg,data/processed/160x120/Class1/plaacaas1307.jpg,data/splits/train/Class1/plaacaas1307.jpg,0
train,Class1,0,Placass10379.jpg,data/processed/160x120/Class1/Placass10379.jpg,data/splits/train/Class1/Placass10379.jpg,0
train,Class1,0,placaas10573.jpg,data/processed/160x120/Class1/placaas10573.jpg,data/splits/train/Class1/placaas10573.jpg,0
train,Class1,0,Placasm10673.jpg,data/processed/160x120/Class1/Placasm10673.jpg,data/splits/train/Class1/Placasm10673.jpg,0
train,Class1,0,placaas10869.jpg,data/processed/160x120/Class1/placaas10869.jpg,data/splits/train/Class1/placaas10869.jpg,0
train,Class1,0,Placass11029.jpg,data/processed/160x120/Class1/Placass11029.jpg,data/splits/train/Class1/Placass11029.jpg,0
train,Class1,0,Placas11102.jpg,data/processed/160x120/Class1/Placas11102.jpg,data/splits/train/Class1/Placas11102.jpg,0
train,Class1,0,Placasm10056.jpg,data/processed/160x120/Class1/Placasm10056.jpg,data/splits/train/Class1/Placasm10056.jpg,0
train,Class1,0,Placasm11154.jpg,data/processed/160x120/Class1/Placasm11154.jpg,data/splits/train/Class1/Placasm11154.jpg,0
train,Class1,0,Placas11400.jpg,data/processed/160x120/Class1/Placas11400.jpg,data/splits/train/Class1/Placas11400.jpg,0
train,Class1,0,placaas11273.jpg,data/processed/160x120/Class1/placaas11273.jpg,data/splits/train/Class1/placaas11273.jpg,0
train,Class1,0,placaas10863.jpg,data/processed/160x120/Class1/placaas10863.jpg,data/splits/train/Class1/placaas10863.jpg,0
train,Class1,0,placaas10244.jpg,data/processed/160x120/Class1/placaas10244.jpg,data/splits/train/Class1/placaas10244.jpg,0
train,Class1,0,Placasm10236.jpg,data/processed/160x120/Class1/Placasm10236.jpg,data/splits/train/Class1/Placasm10236.jpg,0
train,Class1,0,plaacaas1194.jpg,data/processed/160x120/Class1/plaacaas1194.jpg,data/splits/train/Class1/plaacaas1194.jpg,0
train,Class1,0,Placas11043.jpg,data/processed/160x120/Class1/Placas11043.jpg,data/splits/train/Class1/Placas11043.jpg,0
train,Class1,0,placaas10137.jpg,data/processed/160x120/Class1/placaas10137.jpg,data/splits/train/Class1/placaas10137.jpg,0
train,Class1,0,Placass11056.jpg,data/processed/160x120/Class1/Placass11056.jpg,data/splits/train/Class1/Placass11056.jpg,0
train,Class1,0,Placass10411.jpg,data/processed/160x120/Class1/Placass10411.jpg,data/splits/train/Class1/Placass10411.jpg,0
train,Class1,0,plaacaas1224.jpg,data/processed/160x120/Class1/plaacaas1224.jpg,data/splits/train/Class1/plaacaas1224.jpg,0
train,Class1,0,placas1723.jpg,data/processed/160x120/Class1/placas1723.jpg,data/splits/train/Class1/placas1723.jpg,0
train,Class1,0,placaas11133.jpg,data/processed/160x120/Class1/placaas11133.jpg,data/splits/train/Class1/placaas11133.jpg,0
train,Class1,0,placaas10709.jpg,data/processed/160x120/Class1/placaas10709.jpg,data/splits/train/Class1/placaas10709.jpg,0
train,Class1,0,placaas10084.jpg,data/processed/160x120/Class1/placaas10084.jpg,data/splits/train/Class1/placaas10084.jpg,0
train,Class1,0,Placass11643.jpg,data/processed/160x120/Class1/Placass11643.jpg,data/splits/train/Class1/Placass11643.jpg,0
train,Class1,0,Placass10675.jpg,data/processed/160x120/Class1/Placass10675.jpg,data/splits/train/Class1/Placass10675.jpg,0
train,Class1,0,placas1730.jpg,data/processed/160x120/Class1/placas1730.jpg,data/splits/train/Class1/placas1730.jpg,0
train,Class1,0,Placasm11110.jpg,data/processed/160x120/Class1/Placasm11110.jpg,data/splits/train/Class1/Placasm11110.jpg,0
train,Class1,0,placaas10836.jpg,data/processed/160x120/Class1/placaas10836.jpg,data/splits/train/Class1/placaas10836.jpg,0
train,Class1,0,placas1239.jpg,data/processed/160x120/Class1/placas1239.jpg,data/splits/train/Class1/placas1239.jpg,0
train,Class1,0,Placass10753.jpg,data/processed/160x120/Class1/Placass10753.jpg,data/splits/train/Class1/Placass10753.jpg,0
train,Class1,0,placaas10554.jpg,data/processed/160x120/Class1/placaas10554.jpg,data/splits/train/Class1/placaas10554.jpg,0
train,Class1,0,Placass10790.jpg,data/processed/160x120/Class1/Placass10790.jpg,data/splits/train/Class1/Placass10790.jpg,0
train,Class1,0,placaas10625.jpg,data/processed/160x120/Class1/placaas10625.jpg,data/splits/train/Class1/placaas10625.jpg,0
train,Class1,0,placaas10363.jpg,data/processed/160x120/Class1/placaas10363.jpg,data/splits/train/Class1/placaas10363.jpg,0
train,Class1,0,placas1064.jpg,data/processed/160x120/Class1/placas1064.jpg,data/splits/train/Class1/placas1064.jpg,0
train,Class1,0,placaas10059.jpg,data/processed/160x120/Class1/placaas10059.jpg,data/splits/train/Class1/placaas10059.jpg,0
train,Class1,0,placaas11412.jpg,data/processed/160x120/Class1/placaas11412.jpg,data/splits/train/Class1/placaas11412.jpg,0
train,Class1,0,plaacaas1221.jpg,data/processed/160x120/Class1/plaacaas1221.jpg,data/splits/train/Class1/plaacaas1221.jpg,0
train,Class1,0,Placas11187.jpg,data/processed/160x120/Class1/Placas11187.jpg,data/splits/train/Class1/Placas11187.jpg,0
train,Class1,0,Placas11261.jpg,data/processed/160x120/Class1/Placas11261.jpg,data/splits/train/Class1/Placas11261.jpg,0
train,Class1,0,plaacaas1239(1).jpg,data/processed/160x120/Class1/plaacaas1239(1).jpg,data/splits/train/Class1/plaacaas1239(1).jpg,0
train,Class1,0,Placasm10444.jpg,data/processed/160x120/Class1/Placasm10444.jpg,data/splits/train/Class1/Placasm10444.jpg,0
train,Class1,0,Placass11373.jpg,data/processed/160x120/Class1/Placass11373.jpg,data/splits/train/Class1/Placass11373.jpg,0
train,Class1,0,Placas11226.jpg,data/processed/160x120/Class1/Placas11226.jpg,data/splits/train/Class1/Placas11226.jpg,0
train,Class1,0,plaacaas1264.jpg,data/processed/160x120/Class1/plaacaas1264.jpg,data/splits/train/Class1/plaacaas1264.jpg,0
train,Class1,0,Placas11446.jpg,data/processed/160x120/Class1/Placas11446.jpg,data/splits/train/Class1/Placas11446.jpg,0
train,Class1,0,placaas10593.jpg,data/processed/160x120/Class1/placaas10593.jpg,data/splits/train/Class1/placaas10593.jpg,0
train,Class1,0,placas1693.jpg,data/processed/160x120/Class1/placas1693.jpg,data/splits/train/Class1/placas1693.jpg,0
train,Class1,0,Placasm11050.jpg,data/processed/160x120/Class1/Placasm11050.jpg,data/splits/train/Class1/Placasm11050.jpg,0
train,Class1,0,Placasm10752.jpg,data/processed/160x120/Class1/Placasm10752.jpg,data/splits/train/Class1/Placasm10752.jpg,0
train,Class1,0,placas1650.jpg,data/processed/160x120/Class1/placas1650.jpg,data/splits/train/Class1/placas1650.jpg,0
train,Class1,0,plaacaas1165.jpg,data/processed/160x120/Class1/plaacaas1165.jpg,data/splits/train/Class1/plaacaas1165.jpg,0
train,Class1,0,placaas10521.jpg,data/processed/160x120/Class1/placaas10521.jpg,data/splits/train/Class1/placaas10521.jpg,0
train,Class1,0,Placass10816.jpg,data/processed/160x120/Class1/Placass10816.jpg,data/splits/train/Class1/Placass10816.jpg,0
train,Class1,0,Placass10773.jpg,data/processed/160x120/Class1/Placass10773.jpg,data/splits/train/Class1/Placass10773.jpg,0
train,Class1,0,placaas10313.jpg,data/processed/160x120/Class1/placaas10313.jpg,data/splits/train/Class1/placaas10313.jpg,0
train,Class1,0,placas1006.jpg,data/processed/160x120/Class1/placas1006.jpg,data/splits/train/Class1/placas1006.jpg,0
train,Class1,0,placas1590.jpg,data/processed/160x120/Class1/placas1590.jpg,data/splits/train/Class1/placas1590.jpg,0
train,Class1,0,placaas10081.jpg,data/processed/160x120/Class1/placaas10081.jpg,data/splits/train/Class1/placaas10081.jpg,0
train,Class1,0,Placass10407.jpg,data/processed/160x120/Class1/Placass10407.jpg,data/splits/train/Class1/Placass10407.jpg,0
train,Class1,0,Placas11572.jpg,data/processed/160x120/Class1/Placas11572.jpg,data/splits/train/Class1/Placas11572.jpg,0
train,Class1,0,placaas11261.jpg,data/processed/160x120/Class1/placaas11261.jpg,data/splits/train/Class1/placaas11261.jpg,0
train,Class1,0,placaas10696.jpg,data/processed/160x120/Class1/placaas10696.jpg,data/splits/train/Class1/placaas10696.jpg,0
train,Class1,0,placaas11328.jpg,data/processed/160x120/Class1/placaas11328.jpg,data/splits/train/Class1/placaas11328.jpg,0
train,Class1,0,placaas11294.jpg,data/processed/160x120/Class1/placaas11294.jpg,data/splits/train/Class1/placaas11294.jpg,0
train,Class1,0,placaas10156.jpg,data/processed/160x120/Class1/placaas10156.jpg,data/splits/train/Class1/placaas10156.jpg,0
train,Class1,0,Placass10901.jpg,data/processed/160x120/Class1/Placass10901.jpg,data/splits/train/Class1/Placass10901.jpg,0
train,Class1,0,Placasm10316.jpg,data/processed/160x120/Class1/Placasm10316.jpg,data/splits/train/Class1/Placasm10316.jpg,0
train,Class1,0,Placasm10409.jpg,data/processed/160x120/Class1/Placasm10409.jpg,data/splits/train/Class1/Placasm10409.jpg,0
train,Class1,0,placaas10862.jpg,data/processed/160x120/Class1/placaas10862.jpg,data/splits/train/Class1/placaas10862.jpg,0
train,Class1,0,Placas11118.jpg,data/processed/160x120/Class1/Placas11118.jpg,data/splits/train/Class1/Placas11118.jpg,0
train,Class1,0,plaacaas1286.jpg,data/processed/160x120/Class1/plaacaas1286.jpg,data/splits/train/Class1/plaacaas1286.jpg,0
train,Class1,0,Placass11273.jpg,data/processed/160x120/Class1/Placass11273.jpg,data/splits/train/Class1/Placass11273.jpg,0
train,Class1,0,placaas10370.jpg,data/processed/160x120/Class1/placaas10370.jpg,data/splits/train/Class1/placaas10370.jpg,0
train,Class1,0,Placas11549.jpg,data/processed/160x120/Class1/Placas11549.jpg,data/splits/train/Class1/Placas11549.jpg,0
train,Class1,0,Placasm10285.jpg,data/processed/160x120/Class1/Placasm10285.jpg,data/splits/train/Class1/Placasm10285.jpg,0
train,Class1,0,Placass10125.jpg,data/processed/160x120/Class1/Placass10125.jpg,data/splits/train/Class1/Placass10125.jpg,0
train,Class1,0,Placass10316.jpg,data/processed/160x120/Class1/Placass10316.jpg,data/splits/train/Class1/Placass10316.jpg,0
train,Class1,0,Placass10313.jpg,data/processed/160x120/Class1/Placass10313.jpg,data/splits/train/Class1/Placass10313.jpg,0
train,Class1,0,placaas10483.jpg,data/processed/160x120/Class1/placaas10483.jpg,data/splits/train/Class1/placaas10483.jpg,0
train,Class1,0,placaas10653.jpg,data/processed/160x120/Class1/placaas10653.jpg,data/splits/train/Class1/placaas10653.jpg,0
train,Class1,0,Placass11258.jpg,data/processed/160x120/Class1/Placass11258.jpg,data/splits/train/Class1/Placass11258.jpg,0
train,Class1,0,Placass10755.jpg,data/processed/160x120/Class1/Placass10755.jpg,data/splits/train/Class1/Placass10755.jpg,0
train,Class1,0,plaacaas1065.jpg,data/processed/160x120/Class1/plaacaas1065.jpg,data/splits/train/Class1/plaacaas1065.jpg,0
train,Class1,0,Placass11003.jpg,data/processed/160x120/Class1/Placass11003.jpg,data/splits/train/Class1/Placass11003.jpg,0
train,Class1,0,Placass10045.jpg,data/processed/160x120/Class1/Placass10045.jpg,data/splits/train/Class1/Placass10045.jpg,0
train,Class1,0,plaacaas1142.jpg,data/processed/160x120/Class1/plaacaas1142.jpg,data/splits/train/Class1/plaacaas1142.jpg,0
train,Class1,0,placaas10486.jpg,data/processed/160x120/Class1/placaas10486.jpg,data/splits/train/Class1/placaas10486.jpg,0
train,Class1,0,Placas11066.jpg,data/processed/160x120/Class1/Placas11066.jpg,data/splits/train/Class1/Placas11066.jpg,0
train,Class1,0,Placass11687.jpg,data/processed/160x120/Class1/Placass11687.jpg,data/splits/train/Class1/Placass11687.jpg,0
train,Class1,0,Placass11207.jpg,data/processed/160x120/Class1/Placass11207.jpg,data/splits/train/Class1/Placass11207.jpg,0
train,Class1,0,Placasm10319.jpg,data/processed/160x120/Class1/Placasm10319.jpg,data/splits/train/Class1/Placasm10319.jpg,0
train,Class1,0,Placass10802.jpg,data/processed/160x120/Class1/Placass10802.jpg,data/splits/train/Class1/Placass10802.jpg,0
train,Class1,0,placas1533.jpg,data/processed/160x120/Class1/placas1533.jpg,data/splits/train/Class1/placas1533.jpg,0
train,Class1,0,Placas11394.jpg,data/processed/160x120/Class1/Placas11394.jpg,data/splits/train/Class1/Placas11394.jpg,0
train,Class1,0,placas1570.jpg,data/processed/160x120/Class1/placas1570.jpg,data/splits/train/Class1/placas1570.jpg,0
train,Class1,0,placas1414.jpg,data/processed/160x120/Class1/placas1414.jpg,data/splits/train/Class1/placas1414.jpg,0
train,Class1,0,Placass11581.jpg,data/processed/160x120/Class1/Placass11581.jpg,data/splits/train/Class1/Placass11581.jpg,0
train,Class1,0,Placass10265.jpg,data/processed/160x120/Class1/Placass10265.jpg,data/splits/train/Class1/Placass10265.jpg,0
train,Class1,0,placaas10524.jpg,data/processed/160x120/Class1/placaas10524.jpg,data/splits/train/Class1/placaas10524.jpg,0
train,Class1,0,Placas11092.jpg,data/processed/160x120/Class1/Placas11092.jpg,data/splits/train/Class1/Placas11092.jpg,0
train,Class1,0,placaas10814.jpg,data/processed/160x120/Class1/placaas10814.jpg,data/splits/train/Class1/placaas10814.jpg,0
train,Class1,0,placas1175.jpg,data/processed/160x120/Class1/placas1175.jpg,data/splits/train/Class1/placas1175.jpg,0
train,Class1,0,Placass11611.jpg,data/processed/160x120/Class1/Placass11611.jpg,data/splits/train/Class1/Placass11611.jpg,0
train,Class1,0,Placass10347.jpg,data/processed/160x120/Class1/Placass10347.jpg,data/splits/train/Class1/Placass10347.jpg,0
train,Class1,0,Placass11644.jpg,data/processed/160x120/Class1/Placass11644.jpg,data/splits/train/Class1/Placass11644.jpg,0
train,Class1,0,Placass11027.jpg,data/processed/160x120/Class1/Placass11027.jpg,data/splits/train/Class1/Placass11027.jpg,0
train,Class1,0,Placass10495.jpg,data/processed/160x120/Class1/Placass10495.jpg,data/splits/train/Class1/Placass10495.jpg,0
train,Class1,0,plaacaas1032.jpg,data/processed/160x120/Class1/plaacaas1032.jpg,data/splits/train/Class1/plaacaas1032.jpg,0
train,Class1,0,Placasm10011.jpg,data/processed/160x120/Class1/Placasm10011.jpg,data/splits/train/Class1/Placasm10011.jpg,0
train,Class1,0,Placass10012.jpg,data/processed/160x120/Class1/Placass10012.jpg,data/splits/train/Class1/Placass10012.jpg,0
train,Class1,0,placaas11252.jpg,data/processed/160x120/Class1/placaas11252.jpg,data/splits/train/Class1/placaas11252.jpg,0
train,Class1,0,placaas10171.jpg,data/processed/160x120/Class1/placaas10171.jpg,data/splits/train/Class1/placaas10171.jpg,0
train,Class1,0,Placass11574.jpg,data/processed/160x120/Class1/Placass11574.jpg,data/splits/train/Class1/Placass11574.jpg,0
train,Class1,0,placas1046.jpg,data/processed/160x120/Class1/placas1046.jpg,data/splits/train/Class1/placas1046.jpg,0
train,Class1,0,plaacaas1167.jpg,data/processed/160x120/Class1/plaacaas1167.jpg,data/splits/train/Class1/plaacaas1167.jpg,0
train,Class1,0,Placass10707.jpg,data/processed/160x120/Class1/Placass10707.jpg,data/splits/train/Class1/Placass10707.jpg,0
train,Class1,0,Placass10665.jpg,data/processed/160x120/Class1/Placass10665.jpg,data/splits/train/Class1/Placass10665.jpg,0
train,Class1,0,Placass10530.jpg,data/processed/160x120/Class1/Placass10530.jpg,data/splits/train/Class1/Placass10530.jpg,0
train,Class1,0,placaas11257.jpg,data/processed/160x120/Class1/placaas11257.jpg,data/splits/train/Class1/placaas11257.jpg,0
train,Class1,0,placas1333.jpg,data/processed/160x120/Class1/placas1333.jpg,data/splits/train/Class1/placas1333.jpg,0
train,Class1,0,Placass10065.jpg,data/processed/160x120/Class1/Placass10065.jpg,data/splits/train/Class1/Placass10065.jpg,0
train,Class1,0,placaas11169.jpg,data/processed/160x120/Class1/placaas11169.jpg,data/splits/train/Class1/placaas11169.jpg,0
train,Class1,0,Placas11179.jpg,data/processed/160x120/Class1/Placas11179.jpg,data/splits/train/Class1/Placas11179.jpg,0
train,Class1,0,placas1208.jpg,data/processed/160x120/Class1/placas1208.jpg,data/splits/train/Class1/placas1208.jpg,0
train,Class1,0,Placass10026.jpg,data/processed/160x120/Class1/Placass10026.jpg,data/splits/train/Class1/Placass10026.jpg,0
train,Class1,0,Placas11557.jpg,data/processed/160x120/Class1/Placas11557.jpg,data/splits/train/Class1/Placas11557.jpg,0
train,Class1,0,placaas10441.jpg,data/processed/160x120/Class1/placaas10441.jpg,data/splits/train/Class1/placaas10441.jpg,0
train,Class1,0,Placass10909.jpg,data/processed/160x120/Class1/Placass10909.jpg,data/splits/train/Class1/Placass10909.jpg,0
train,Class1,0,placaas10502.jpg,data/processed/160x120/Class1/placaas10502.jpg,data/splits/train/Class1/placaas10502.jpg,0
train,Class1,0,Placasm11000.jpg,data/processed/160x120/Class1/Placasm11000.jpg,data/splits/train/Class1/Placasm11000.jpg,0
train,Class1,0,placaas10973.jpg,data/processed/160x120/Class1/placaas10973.jpg,data/splits/train/Class1/placaas10973.jpg,0
train,Class1,0,Placass10055.jpg,data/processed/160x120/Class1/Placass10055.jpg,data/splits/train/Class1/Placass10055.jpg,0
train,Class1,0,Placas11373.jpg,data/processed/160x120/Class1/Placas11373.jpg,data/splits/train/Class1/Placas11373.jpg,0
train,Class1,0,Placass10632.jpg,data/processed/160x120/Class1/Placass10632.jpg,data/splits/train/Class1/Placass10632.jpg,0
train,Class1,0,Placass11439.jpg,data/processed/160x120/Class1/Placass11439.jpg,data/splits/train/Class1/Placass11439.jpg,0
train,Class1,0,Placass11575.jpg,data/processed/160x120/Class1/Placass11575.jpg,data/splits/train/Class1/Placass11575.jpg,0
train,Class1,0,Placass11500.jpg,data/processed/160x120/Class1/Placass11500.jpg,data/splits/train/Class1/Placass11500.jpg,0
train,Class1,0,Placass10455.jpg,data/processed/160x120/Class1/Placass10455.jpg,data/splits/train/Class1/Placass10455.jpg,0
train,Class1,0,Placasm10773.jpg,data/processed/160x120/Class1/Placasm10773.jpg,data/splits/train/Class1/Placasm10773.jpg,0
train,Class1,0,placaas11411.jpg,data/processed/160x120/Class1/placaas11411.jpg,data/splits/train/Class1/placaas11411.jpg,0
train,Class1,0,Placass10536.jpg,data/processed/160x120/Class1/Placass10536.jpg,data/splits/train/Class1/Placass10536.jpg,0
train,Class1,0,placaas10734.jpg,data/processed/160x120/Class1/placaas10734.jpg,data/splits/train/Class1/placaas10734.jpg,0
train,Class1,0,Placas11416.jpg,data/processed/160x120/Class1/Placas11416.jpg,data/splits/train/Class1/Placas11416.jpg,0
train,Class1,0,Placass10158.jpg,data/processed/160x120/Class1/Placass10158.jpg,data/splits/train/Class1/Placass10158.jpg,0
train,Class1,0,Placass10647.jpg,data/processed/160x120/Class1/Placass10647.jpg,data/splits/train/Class1/Placass10647.jpg,0
train,Class1,0,placaas10950.jpg,data/processed/160x120/Class1/placaas10950.jpg,data/splits/train/Class1/placaas10950.jpg,0
train,Class1,0,Placass11701.jpg,data/processed/160x120/Class1/Placass11701.jpg,data/splits/train/Class1/Placass11701.jpg,0
train,Class1,0,placaas10773.jpg,data/processed/160x120/Class1/placaas10773.jpg,data/splits/train/Class1/placaas10773.jpg,0
train,Class1,0,placaas10780.jpg,data/processed/160x120/Class1/placaas10780.jpg,data/splits/train/Class1/placaas10780.jpg,0
train,Class1,0,Placass11309.jpg,data/processed/160x120/Class1/Placass11309.jpg,data/splits/train/Class1/Placass11309.jpg,0
train,Class1,0,Placasm10770.jpg,data/processed/160x120/Class1/Placasm10770.jpg,data/splits/train/Class1/Placasm10770.jpg,0
train,Class1,0,placaas10819.jpg,data/processed/160x120/Class1/placaas10819.jpg,data/splits/train/Class1/placaas10819.jpg,0
train,Class1,0,Placass11646.jpg,data/processed/160x120/Class1/Placass11646.jpg,data/splits/train/Class1/Placass11646.jpg,0
train,Class1,0,placaas10378.jpg,data/processed/160x120/Class1/placaas10378.jpg,data/splits/train/Class1/placaas10378.jpg,0
train,Class1,0,Placass10415.jpg,data/processed/160x120/Class1/Placass10415.jpg,data/splits/train/Class1/Placass10415.jpg,0
train,Class1,0,placaas11203.jpg,data/processed/160x120/Class1/placaas11203.jpg,data/splits/train/Class1/placaas11203.jpg,0
train,Class1,0,Placasm10691.jpg,data/processed/160x120/Class1/Placasm10691.jpg,data/splits/train/Class1/Placasm10691.jpg,0
train,Class1,0,placaas10645.jpg,data/processed/160x120/Class1/placaas10645.jpg,data/splits/train/Class1/placaas10645.jpg,0
train,Class1,0,Placass11126.jpg,data/processed/160x120/Class1/Placass11126.jpg,data/splits/train/Class1/Placass11126.jpg,0
train,Class1,0,placas1368.jpg,data/processed/160x120/Class1/placas1368.jpg,data/splits/train/Class1/placas1368.jpg,0
train,Class1,0,placas1186.jpg,data/processed/160x120/Class1/placas1186.jpg,data/splits/train/Class1/placas1186.jpg,0
train,Class1,0,Placass10132.jpg,data/processed/160x120/Class1/Placass10132.jpg,data/splits/train/Class1/Placass10132.jpg,0
train,Class1,0,Placass10516.jpg,data/processed/160x120/Class1/Placass10516.jpg,data/splits/train/Class1/Placass10516.jpg,0
train,Class1,0,Placass11038.jpg,data/processed/160x120/Class1/Placass11038.jpg,data/splits/train/Class1/Placass11038.jpg,0
train,Class1,0,Placass11187.jpg,data/processed/160x120/Class1/Placass11187.jpg,data/splits/train/Class1/Placass11187.jpg,0
train,Class1,0,Placass10054.jpg,data/processed/160x120/Class1/Placass10054.jpg,data/splits/train/Class1/Placass10054.jpg,0
train,Class1,0,Placas11464.jpg,data/processed/160x120/Class1/Placas11464.jpg,data/splits/train/Class1/Placas11464.jpg,0
train,Class1,0,placaas10852.jpg,data/processed/160x120/Class1/placaas10852.jpg,data/splits/train/Class1/placaas10852.jpg,0
train,Class1,0,Placass10337.jpg,data/processed/160x120/Class1/Placass10337.jpg,data/splits/train/Class1/Placass10337.jpg,0
train,Class1,0,placaas10362.jpg,data/processed/160x120/Class1/placaas10362.jpg,data/splits/train/Class1/placaas10362.jpg,0
train,Class1,0,Placass10835.jpg,data/processed/160x120/Class1/Placass10835.jpg,data/splits/train/Class1/Placass10835.jpg,0
train,Class1,0,placaas10614.jpg,data/processed/160x120/Class1/placaas10614.jpg,data/splits/train/Class1/placaas10614.jpg,0
train,Class1,0,placas1644.jpg,data/processed/160x120/Class1/placas1644.jpg,data/splits/train/Class1/placas1644.jpg,0
train,Class1,0,Placass11155.jpg,data/processed/160x120/Class1/Placass11155.jpg,data/splits/train/Class1/Placass11155.jpg,0
train,Class1,0,Placas11329.jpg,data/processed/160x120/Class1/Placas11329.jpg,data/splits/train/Class1/Placas11329.jpg,0
train,Class1,0,Placas11480.jpg,data/processed/160x120/Class1/Placas11480.jpg,data/splits/train/Class1/Placas11480.jpg,0
train,Class1,0,Placass10521.jpg,data/processed/160x120/Class1/Placass10521.jpg,data/splits/train/Class1/Placass10521.jpg,0
train,Class1,0,Placass11237.jpg,data/processed/160x120/Class1/Placass11237.jpg,data/splits/train/Class1/Placass11237.jpg,0
train,Class1,0,Placass10181.jpg,data/processed/160x120/Class1/Placass10181.jpg,data/splits/train/Class1/Placass10181.jpg,0
train,Class1,0,placaas11280.jpg,data/processed/160x120/Class1/placaas11280.jpg,data/splits/train/Class1/placaas11280.jpg,0
train,Class1,0,Placass11277.jpg,data/processed/160x120/Class1/Placass11277.jpg,data/splits/train/Class1/Placass11277.jpg,0
train,Class1,0,Placasm10546.jpg,data/processed/160x120/Class1/Placasm10546.jpg,data/splits/train/Class1/Placasm10546.jpg,0
train,Class1,0,Placass10960.jpg,data/processed/160x120/Class1/Placass10960.jpg,data/splits/train/Class1/Placass10960.jpg,0
train,Class1,0,placaas10806.jpg,data/processed/160x120/Class1/placaas10806.jpg,data/splits/train/Class1/placaas10806.jpg,0
train,Class1,0,placas1116.jpg,data/processed/160x120/Class1/placas1116.jpg,data/splits/train/Class1/placas1116.jpg,0
train,Class1,0,Placass11045.jpg,data/processed/160x120/Class1/Placass11045.jpg,data/splits/train/Class1/Placass11045.jpg,0
train,Class1,0,placaas10842.jpg,data/processed/160x120/Class1/placaas10842.jpg,data/splits/train/Class1/placaas10842.jpg,0
train,Class1,0,Placass10183.jpg,data/processed/160x120/Class1/Placass10183.jpg,data/splits/train/Class1/Placass10183.jpg,0
train,Class1,0,placaas10858.jpg,data/processed/160x120/Class1/placaas10858.jpg,data/splits/train/Class1/placaas10858.jpg,0
train,Class1,0,Placass11464.jpg,data/processed/160x120/Class1/Placass11464.jpg,data/splits/train/Class1/Placass11464.jpg,0
train,Class1,0,Placass10004.jpg,data/processed/160x120/Class1/Placass10004.jpg,data/splits/train/Class1/Placass10004.jpg,0
train,Class1,0,Placasm11120.jpg,data/processed/160x120/Class1/Placasm11120.jpg,data/splits/train/Class1/Placasm11120.jpg,0
train,Class1,0,Placas11242.jpg,data/processed/160x120/Class1/Placas11242.jpg,data/splits/train/Class1/Placas11242.jpg,0
train,Class1,0,placas1244.jpg,data/processed/160x120/Class1/placas1244.jpg,data/splits/train/Class1/placas1244.jpg,0
train,Class1,0,Placass10062.jpg,data/processed/160x120/Class1/Placass10062.jpg,data/splits/train/Class1/Placass10062.jpg,0
train,Class1,0,Placas11333.jpg,data/processed/160x120/Class1/Placas11333.jpg,data/splits/train/Class1/Placas11333.jpg,0
train,Class1,0,placaas11212.jpg,data/processed/160x120/Class1/placaas11212.jpg,data/splits/train/Class1/placaas11212.jpg,0
train,Class1,0,placaas10270.jpg,data/processed/160x120/Class1/placaas10270.jpg,data/splits/train/Class1/placaas10270.jpg,0
train,Class1,0,Placass11240.jpg,data/processed/160x120/Class1/Placass11240.jpg,data/splits/train/Class1/Placass11240.jpg,0
train,Class1,0,Placass11243.jpg,data/processed/160x120/Class1/Placass11243.jpg,data/splits/train/Class1/Placass11243.jpg,0
train,Class1,0,placaas10052.jpg,data/processed/160x120/Class1/placaas10052.jpg,data/splits/train/Class1/placaas10052.jpg,0
train,Class1,0,Placas11454.jpg,data/processed/160x120/Class1/Placas11454.jpg,data/splits/train/Class1/Placas11454.jpg,0
train,Class1,0,placaas11362.jpg,data/processed/160x120/Class1/placaas11362.jpg,data/splits/train/Class1/placaas11362.jpg,0
train,Class1,0,placaas10735.jpg,data/processed/160x120/Class1/placaas10735.jpg,data/splits/train/Class1/placaas10735.jpg,0
train,Class1,0,Placasm11078.jpg,data/processed/160x120/Class1/Placasm11078.jpg,data/splits/train/Class1/Placasm11078.jpg,0
train,Class1,0,Placasm10365.jpg,data/processed/160x120/Class1/Placasm10365.jpg,data/splits/train/Class1/Placasm10365.jpg,0
train,Class1,0,Placass10747.jpg,data/processed/160x120/Class1/Placass10747.jpg,data/splits/train/Class1/Placass10747.jpg,0
train,Class1,0,Placasm10797.jpg,data/processed/160x120/Class1/Placasm10797.jpg,data/splits/train/Class1/Placasm10797.jpg,0
train,Class1,0,placaas10369.jpg,data/processed/160x120/Class1/placaas10369.jpg,data/splits/train/Class1/placaas10369.jpg,0
train,Class1,0,placas1172.jpg,data/processed/160x120/Class1/placas1172.jpg,data/splits/train/Class1/placas1172.jpg,0
train,Class1,0,Placass10864.jpg,data/processed/160x120/Class1/Placass10864.jpg,data/splits/train/Class1/Placass10864.jpg,0
train,Class1,0,Placass10671.jpg,data/processed/160x120/Class1/Placass10671.jpg,data/splits/train/Class1/Placass10671.jpg,0
train,Class1,0,placas1403.jpg,data/processed/160x120/Class1/placas1403.jpg,data/splits/train/Class1/placas1403.jpg,0
train,Class1,0,placaas10804.jpg,data/processed/160x120/Class1/placaas10804.jpg,data/splits/train/Class1/placaas10804.jpg,0
train,Class1,0,placaas10122.jpg,data/processed/160x120/Class1/placaas10122.jpg,data/splits/train/Class1/placaas10122.jpg,0
train,Class1,0,plaacaas1030.jpg,data/processed/160x120/Class1/plaacaas1030.jpg,data/splits/train/Class1/plaacaas1030.jpg,0
train,Class1,0,placas1627.jpg,data/processed/160x120/Class1/placas1627.jpg,data/splits/train/Class1/placas1627.jpg,0
train,Class1,0,Placass11552.jpg,data/processed/160x120/Class1/Placass11552.jpg,data/splits/train/Class1/Placass11552.jpg,0
train,Class1,0,placaas10535.jpg,data/processed/160x120/Class1/placaas10535.jpg,data/splits/train/Class1/placaas10535.jpg,0
train,Class1,0,placaas11012.jpg,data/processed/160x120/Class1/placaas11012.jpg,data/splits/train/Class1/placaas11012.jpg,0
train,Class1,0,placas1096.jpg,data/processed/160x120/Class1/placas1096.jpg,data/splits/train/Class1/placas1096.jpg,0
train,Class1,0,placas1391.jpg,data/processed/160x120/Class1/placas1391.jpg,data/splits/train/Class1/placas1391.jpg,0
train,Class1,0,placaas10572.jpg,data/processed/160x120/Class1/placaas10572.jpg,data/splits/train/Class1/placaas10572.jpg,0
train,Class1,0,Placass11231.jpg,data/processed/160x120/Class1/Placass11231.jpg,data/splits/train/Class1/Placass11231.jpg,0
train,Class1,0,Placass10843.jpg,data/processed/160x120/Class1/Placass10843.jpg,data/splits/train/Class1/Placass10843.jpg,0
train,Class1,0,placas1545.jpg,data/processed/160x120/Class1/placas1545.jpg,data/splits/train/Class1/placas1545.jpg,0
train,Class1,0,plaacaas1178.jpg,data/processed/160x120/Class1/plaacaas1178.jpg,data/splits/train/Class1/plaacaas1178.jpg,0
train,Class1,0,Placass11712.jpg,data/processed/160x120/Class1/Placass11712.jpg,data/splits/train/Class1/Placass11712.jpg,0
train,Class1,0,Placas11564.jpg,data/processed/160x120/Class1/Placas11564.jpg,data/splits/train/Class1/Placas11564.jpg,0
train,Class1,0,Placas11125.jpg,data/processed/160x120/Class1/Placas11125.jpg,data/splits/train/Class1/Placas11125.jpg,0
train,Class1,0,placaas10646.jpg,data/processed/160x120/Class1/placaas10646.jpg,data/splits/train/Class1/placaas10646.jpg,0
train,Class1,0,Placass11104.jpg,data/processed/160x120/Class1/Placass11104.jpg,data/splits/train/Class1/Placass11104.jpg,0
train,Class1,0,Placass10209.jpg,data/processed/160x120/Class1/Placass10209.jpg,data/splits/train/Class1/Placass10209.jpg,0
train,Class1,0,Placass11293.jpg,data/processed/160x120/Class1/Placass11293.jpg,data/splits/train/Class1/Placass11293.jpg,0
train,Class1,0,placaas10738.jpg,data/processed/160x120/Class1/placaas10738.jpg,data/splits/train/Class1/placaas10738.jpg,0
train,Class1,0,Placass11693.jpg,data/processed/160x120/Class1/Placass11693.jpg,data/splits/train/Class1/Placass11693.jpg,0
train,Class1,0,Placas11132.jpg,data/processed/160x120/Class1/Placas11132.jpg,data/splits/train/Class1/Placas11132.jpg,0
train,Class1,0,Placass10426.jpg,data/processed/160x120/Class1/Placass10426.jpg,data/splits/train/Class1/Placass10426.jpg,0
train,Class1,0,placaas10497.jpg,data/processed/160x120/Class1/placaas10497.jpg,data/splits/train/Class1/placaas10497.jpg,0
train,Class1,0,placaas11172.jpg,data/processed/160x120/Class1/placaas11172.jpg,data/splits/train/Class1/placaas11172.jpg,0
train,Class1,0,Placas11588.jpg,data/processed/160x120/Class1/Placas11588.jpg,data/splits/train/Class1/Placas11588.jpg,0
train,Class1,0,Placass10656.jpg,data/processed/160x120/Class1/Placass10656.jpg,data/splits/train/Class1/Placass10656.jpg,0
train,Class1,0,placaas10716.jpg,data/processed/160x120/Class1/placaas10716.jpg,data/splits/train/Class1/placaas10716.jpg,0
train,Class1,0,Placass10324.jpg,data/processed/160x120/Class1/Placass10324.jpg,data/splits/train/Class1/Placass10324.jpg,0
train,Class1,0,Placas11273.jpg,data/processed/160x120/Class1/Placas11273.jpg,data/splits/train/Class1/Placas11273.jpg,0
train,Class1,0,placaas10721.jpg,data/processed/160x120/Class1/placaas10721.jpg,data/splits/train/Class1/placaas10721.jpg,0
train,Class1,0,placaas11349.jpg,data/processed/160x120/Class1/placaas11349.jpg,data/splits/train/Class1/placaas11349.jpg,0
train,Class1,0,Placass10416.jpg,data/processed/160x120/Class1/Placass10416.jpg,data/splits/train/Class1/Placass10416.jpg,0
train,Class1,0,Placass10894.jpg,data/processed/160x120/Class1/Placass10894.jpg,data/splits/train/Class1/Placass10894.jpg,0
train,Class1,0,placaas10799.jpg,data/processed/160x120/Class1/placaas10799.jpg,data/splits/train/Class1/placaas10799.jpg,0
train,Class1,0,Placass10454.jpg,data/processed/160x120/Class1/Placass10454.jpg,data/splits/train/Class1/Placass10454.jpg,0
train,Class1,0,Placass11299.jpg,data/processed/160x120/Class1/Placass11299.jpg,data/splits/train/Class1/Placass11299.jpg,0
train,Class1,0,placaas10036.jpg,data/processed/160x120/Class1/placaas10036.jpg,data/splits/train/Class1/placaas10036.jpg,0
train,Class1,0,Placas11611.jpg,data/processed/160x120/Class1/Placas11611.jpg,data/splits/train/Class1/Placas11611.jpg,0
train,Class1,0,Placass10394.jpg,data/processed/160x120/Class1/Placass10394.jpg,data/splits/train/Class1/Placass10394.jpg,0
train,Class1,0,placaas11202.jpg,data/processed/160x120/Class1/placaas11202.jpg,data/splits/train/Class1/placaas11202.jpg,0
train,Class1,0,Placass10024.jpg,data/processed/160x120/Class1/Placass10024.jpg,data/splits/train/Class1/Placass10024.jpg,0
train,Class1,0,placaas11065.jpg,data/processed/160x120/Class1/placaas11065.jpg,data/splits/train/Class1/placaas11065.jpg,0
train,Class1,0,placaas10609.jpg,data/processed/160x120/Class1/placaas10609.jpg,data/splits/train/Class1/placaas10609.jpg,0
train,Class1,0,placaas10476.jpg,data/processed/160x120/Class1/placaas10476.jpg,data/splits/train/Class1/placaas10476.jpg,0
train,Class1,0,Placass11009.jpg,data/processed/160x120/Class1/Placass11009.jpg,data/splits/train/Class1/Placass11009.jpg,0
train,Class1,0,Placass10066.jpg,data/processed/160x120/Class1/Placass10066.jpg,data/splits/train/Class1/Placass10066.jpg,0
train,Class1,0,Placasm11164.jpg,data/processed/160x120/Class1/Placasm11164.jpg,data/splits/train/Class1/Placasm11164.jpg,0
train,Class1,0,placaas10885.jpg,data/processed/160x120/Class1/placaas10885.jpg,data/splits/train/Class1/placaas10885.jpg,0
train,Class1,0,Placass11661.jpg,data/processed/160x120/Class1/Placass11661.jpg,data/splits/train/Class1/Placass11661.jpg,0
train,Class1,0,Placass11395.jpg,data/processed/160x120/Class1/Placass11395.jpg,data/splits/train/Class1/Placass11395.jpg,0
train,Class1,0,Placass11317.jpg,data/processed/160x120/Class1/Placass11317.jpg,data/splits/train/Class1/Placass11317.jpg,0
train,Class1,0,Placass10388.jpg,data/processed/160x120/Class1/Placass10388.jpg,data/splits/train/Class1/Placass10388.jpg,0
train,Class1,0,Placas11315.jpg,data/processed/160x120/Class1/Placas11315.jpg,data/splits/train/Class1/Placas11315.jpg,0
train,Class1,0,placaas11002.jpg,data/processed/160x120/Class1/placaas11002.jpg,data/splits/train/Class1/placaas11002.jpg,0
train,Class1,0,Placass10674.jpg,data/processed/160x120/Class1/Placass10674.jpg,data/splits/train/Class1/Placass10674.jpg,0
train,Class1,0,Placass11556.jpg,data/processed/160x120/Class1/Placass11556.jpg,data/splits/train/Class1/Placass11556.jpg,0
train,Class1,0,Placass11608.jpg,data/processed/160x120/Class1/Placass11608.jpg,data/splits/train/Class1/Placass11608.jpg,0
train,Class1,0,placaas11118.jpg,data/processed/160x120/Class1/placaas11118.jpg,data/splits/train/Class1/placaas11118.jpg,0
train,Class1,0,placaas11063.jpg,data/processed/160x120/Class1/placaas11063.jpg,data/splits/train/Class1/placaas11063.jpg,0
train,Class1,0,Placass11650.jpg,data/processed/160x120/Class1/Placass11650.jpg,data/splits/train/Class1/Placass11650.jpg,0
train,Class1,0,placaas10145.jpg,data/processed/160x120/Class1/placaas10145.jpg,data/splits/train/Class1/placaas10145.jpg,0
train,Class1,0,plaacaas1202.jpg,data/processed/160x120/Class1/plaacaas1202.jpg,data/splits/train/Class1/plaacaas1202.jpg,0
train,Class1,0,Placass10307.jpg,data/processed/160x120/Class1/Placass10307.jpg,data/splits/train/Class1/Placass10307.jpg,0
train,Class1,0,placas1274.jpg,data/processed/160x120/Class1/placas1274.jpg,data/splits/train/Class1/placas1274.jpg,0
train,Class1,0,Placass11252.jpg,data/processed/160x120/Class1/Placass11252.jpg,data/splits/train/Class1/Placass11252.jpg,0
train,Class1,0,Placas11460.jpg,data/processed/160x120/Class1/Placas11460.jpg,data/splits/train/Class1/Placas11460.jpg,0
train,Class1,0,Placass11442.jpg,data/processed/160x120/Class1/Placass11442.jpg,data/splits/train/Class1/Placass11442.jpg,0
train,Class1,0,placaas11339.jpg,data/processed/160x120/Class1/placaas11339.jpg,data/splits/train/Class1/placaas11339.jpg,0
train,Class1,0,placaas10438.jpg,data/processed/160x120/Class1/placaas10438.jpg,data/splits/train/Class1/placaas10438.jpg,0
train,Class1,0,placas1602.jpg,data/processed/160x120/Class1/placas1602.jpg,data/splits/train/Class1/placas1602.jpg,0
train,Class1,0,placas1393.jpg,data/processed/160x120/Class1/placas1393.jpg,data/splits/train/Class1/placas1393.jpg,0
train,Class1,0,Placasm10194.jpg,data/processed/160x120/Class1/Placasm10194.jpg,data/splits/train/Class1/Placasm10194.jpg,0
train,Class1,0,Placas11136.jpg,data/processed/160x120/Class1/Placas11136.jpg,data/splits/train/Class1/Placas11136.jpg,0
train,Class1,0,placas1387.jpg,data/processed/160x120/Class1/placas1387.jpg,data/splits/train/Class1/placas1387.jpg,0
train,Class1,0,placaas11235.jpg,data/processed/160x120/Class1/placaas11235.jpg,data/splits/train/Class1/placaas11235.jpg,0
train,Class1,0,placaas10956.jpg,data/processed/160x120/Class1/placaas10956.jpg,data/splits/train/Class1/placaas10956.jpg,0
train,Class1,0,plaacaas1161.jpg,data/processed/160x120/Class1/plaacaas1161.jpg,data/splits/train/Class1/plaacaas1161.jpg,0
train,Class1,0,plaacaas1254.jpg,data/processed/160x120/Class1/plaacaas1254.jpg,data/splits/train/Class1/plaacaas1254.jpg,0
train,Class1,0,placaas10671.jpg,data/processed/160x120/Class1/placaas10671.jpg,data/splits/train/Class1/placaas10671.jpg,0
train,Class1,0,placaas11341.jpg,data/processed/160x120/Class1/placaas11341.jpg,data/splits/train/Class1/placaas11341.jpg,0
train,Class1,0,Placas11157.jpg,data/processed/160x120/Class1/Placas11157.jpg,data/splits/train/Class1/Placas11157.jpg,0
train,Class1,0,Placass11020.jpg,data/processed/160x120/Class1/Placass11020.jpg,data/splits/train/Class1/Placass11020.jpg,0
train,Class1,0,Placass10867.jpg,data/processed/160x120/Class1/Placass10867.jpg,data/splits/train/Class1/Placass10867.jpg,0
train,Class1,0,Placasm10275.jpg,data/processed/160x120/Class1/Placasm10275.jpg,data/splits/train/Class1/Placasm10275.jpg,0
train,Class1,0,Placasm11160.jpg,data/processed/160x120/Class1/Placasm11160.jpg,data/splits/train/Class1/Placasm11160.jpg,0
train,Class1,0,Placas11137.jpg,data/processed/160x120/Class1/Placas11137.jpg,data/splits/train/Class1/Placas11137.jpg,0
train,Class1,0,placaas11146.jpg,data/processed/160x120/Class1/placaas11146.jpg,data/splits/train/Class1/placaas11146.jpg,0
train,Class1,0,placas1529.jpg,data/processed/160x120/Class1/placas1529.jpg,data/splits/train/Class1/placas1529.jpg,0
train,Class1,0,placas1170.jpg,data/processed/160x120/Class1/placas1170.jpg,data/splits/train/Class1/placas1170.jpg,0
train,Class1,0,placaas10444.jpg,data/processed/160x120/Class1/placaas10444.jpg,data/splits/train/Class1/placaas10444.jpg,0
train,Class1,0,plaacaas1000.jpg,data/processed/160x120/Class1/plaacaas1000.jpg,data/splits/train/Class1/plaacaas1000.jpg,0
train,Class1,0,Placass10509.jpg,data/processed/160x120/Class1/Placass10509.jpg,data/splits/train/Class1/Placass10509.jpg,0
train,Class1,0,Placasm10052.jpg,data/processed/160x120/Class1/Placasm10052.jpg,data/splits/train/Class1/Placasm10052.jpg,0
train,Class1,0,placas1019.jpg,data/processed/160x120/Class1/placas1019.jpg,data/splits/train/Class1/placas1019.jpg,0
train,Class1,0,Placass10744.jpg,data/processed/160x120/Class1/Placass10744.jpg,data/splits/train/Class1/Placass10744.jpg,0
train,Class1,0,placaas10038.jpg,data/processed/160x120/Class1/placaas10038.jpg,data/splits/train/Class1/placaas10038.jpg,0
train,Class1,0,Placas11167.jpg,data/processed/160x120/Class1/Placas11167.jpg,data/splits/train/Class1/Placas11167.jpg,0
train,Class1,0,Placas11497.jpg,data/processed/160x120/Class1/Placas11497.jpg,data/splits/train/Class1/Placas11497.jpg,0
train,Class1,0,Placass10095.jpg,data/processed/160x120/Class1/Placass10095.jpg,data/splits/train/Class1/Placass10095.jpg,0
train,Class1,0,placaas10045.jpg,data/processed/160x120/Class1/placaas10045.jpg,data/splits/train/Class1/placaas10045.jpg,0
train,Class1,0,Placasm10582.jpg,data/processed/160x120/Class1/Placasm10582.jpg,data/splits/train/Class1/Placasm10582.jpg,0
train,Class1,0,placas1626.jpg,data/processed/160x120/Class1/placas1626.jpg,data/splits/train/Class1/placas1626.jpg,0
train,Class1,0,Placass10882.jpg,data/processed/160x120/Class1/Placass10882.jpg,data/splits/train/Class1/Placass10882.jpg,0
train,Class1,0,placaas11177.jpg,data/processed/160x120/Class1/placaas11177.jpg,data/splits/train/Class1/placaas11177.jpg,0
train,Class1,0,plaacaas1022.jpg,data/processed/160x120/Class1/plaacaas1022.jpg,data/splits/train/Class1/plaacaas1022.jpg,0
train,Class1,0,Placasm10714.jpg,data/processed/160x120/Class1/Placasm10714.jpg,data/splits/train/Class1/Placasm10714.jpg,0
train,Class1,0,Placass10224.jpg,data/processed/160x120/Class1/Placass10224.jpg,data/splits/train/Class1/Placass10224.jpg,0
train,Class1,0,Placass10271.jpg,data/processed/160x120/Class1/Placass10271.jpg,data/splits/train/Class1/Placass10271.jpg,0
train,Class1,0,plaacaas1228.jpg,data/processed/160x120/Class1/plaacaas1228.jpg,data/splits/train/Class1/plaacaas1228.jpg,0
train,Class1,0,placas1361.jpg,data/processed/160x120/Class1/placas1361.jpg,data/splits/train/Class1/placas1361.jpg,0
train,Class1,0,Placass10278.jpg,data/processed/160x120/Class1/Placass10278.jpg,data/splits/train/Class1/Placass10278.jpg,0
train,Class1,0,placaas10704.jpg,data/processed/160x120/Class1/placaas10704.jpg,data/splits/train/Class1/placaas10704.jpg,0
train,Class1,0,Placass10769.jpg,data/processed/160x120/Class1/Placass10769.jpg,data/splits/train/Class1/Placass10769.jpg,0
train,Class1,0,placaas10613.jpg,data/processed/160x120/Class1/placaas10613.jpg,data/splits/train/Class1/placaas10613.jpg,0
train,Class1,0,Placass11070.jpg,data/processed/160x120/Class1/Placass11070.jpg,data/splits/train/Class1/Placass11070.jpg,0
train,Class1,0,Placass10740.jpg,data/processed/160x120/Class1/Placass10740.jpg,data/splits/train/Class1/Placass10740.jpg,0
train,Class1,0,plaacaas1031.jpg,data/processed/160x120/Class1/plaacaas1031.jpg,data/splits/train/Class1/plaacaas1031.jpg,0
train,Class1,0,Placas11252.jpg,data/processed/160x120/Class1/Placas11252.jpg,data/splits/train/Class1/Placas11252.jpg,0
train,Class1,0,Placass10180.jpg,data/processed/160x120/Class1/Placass10180.jpg,data/splits/train/Class1/Placass10180.jpg,0
train,Class1,0,placas1606.jpg,data/processed/160x120/Class1/placas1606.jpg,data/splits/train/Class1/placas1606.jpg,0
train,Class1,0,Placas11327.jpg,data/processed/160x120/Class1/Placas11327.jpg,data/splits/train/Class1/Placas11327.jpg,0
train,Class1,0,placas1702.jpg,data/processed/160x120/Class1/placas1702.jpg,data/splits/train/Class1/placas1702.jpg,0
train,Class1,0,Placass10365.jpg,data/processed/160x120/Class1/Placass10365.jpg,data/splits/train/Class1/Placass10365.jpg,0
train,Class1,0,placas1114.jpg,data/processed/160x120/Class1/placas1114.jpg,data/splits/train/Class1/placas1114.jpg,0
train,Class1,0,Placasm10581.jpg,data/processed/160x120/Class1/Placasm10581.jpg,data/splits/train/Class1/Placasm10581.jpg,0
train,Class1,0,Placass10153.jpg,data/processed/160x120/Class1/Placass10153.jpg,data/splits/train/Class1/Placass10153.jpg,0
train,Class1,0,Placas11005.jpg,data/processed/160x120/Class1/Placas11005.jpg,data/splits/train/Class1/Placas11005.jpg,0
train,Class1,0,Placass11372.jpg,data/processed/160x120/Class1/Placass11372.jpg,data/splits/train/Class1/Placass11372.jpg,0
train,Class1,0,placaas10176.jpg,data/processed/160x120/Class1/placaas10176.jpg,data/splits/train/Class1/placaas10176.jpg,0
train,Class1,0,Placas11534.jpg,data/processed/160x120/Class1/Placas11534.jpg,data/splits/train/Class1/Placas11534.jpg,0
train,Class1,0,placaas10775.jpg,data/processed/160x120/Class1/placaas10775.jpg,data/splits/train/Class1/placaas10775.jpg,0
train,Class1,0,placaas10079.jpg,data/processed/160x120/Class1/placaas10079.jpg,data/splits/train/Class1/placaas10079.jpg,0
train,Class1,0,Placass10661.jpg,data/processed/160x120/Class1/Placass10661.jpg,data/splits/train/Class1/Placass10661.jpg,0
train,Class1,0,Placas11069.jpg,data/processed/160x120/Class1/Placas11069.jpg,data/splits/train/Class1/Placas11069.jpg,0
train,Class1,0,Placass10719.jpg,data/processed/160x120/Class1/Placass10719.jpg,data/splits/train/Class1/Placass10719.jpg,0
train,Class1,0,placas1089.jpg,data/processed/160x120/Class1/placas1089.jpg,data/splits/train/Class1/placas1089.jpg,0
train,Class1,0,placaas11375.jpg,data/processed/160x120/Class1/placaas11375.jpg,data/splits/train/Class1/placaas11375.jpg,0
train,Class1,0,placas1169.jpg,data/processed/160x120/Class1/placas1169.jpg,data/splits/train/Class1/placas1169.jpg,0
train,Class1,0,Placass10479.jpg,data/processed/160x120/Class1/Placass10479.jpg,data/splits/train/Class1/Placass10479.jpg,0
train,Class1,0,Placass11482.jpg,data/processed/160x120/Class1/Placass11482.jpg,data/splits/train/Class1/Placass11482.jpg,0
train,Class1,0,Placasm10566.jpg,data/processed/160x120/Class1/Placasm10566.jpg,data/splits/train/Class1/Placasm10566.jpg,0
train,Class1,0,Placas11185.jpg,data/processed/160x120/Class1/Placas11185.jpg,data/splits/train/Class1/Placas11185.jpg,0
train,Class1,0,placas1018.jpg,data/processed/160x120/Class1/placas1018.jpg,data/splits/train/Class1/placas1018.jpg,0
train,Class1,0,Placass10006.jpg,data/processed/160x120/Class1/Placass10006.jpg,data/splits/train/Class1/Placass10006.jpg,0
train,Class1,0,Placass11047.jpg,data/processed/160x120/Class1/Placass11047.jpg,data/splits/train/Class1/Placass11047.jpg,0
train,Class1,0,placaas10227.jpg,data/processed/160x120/Class1/placaas10227.jpg,data/splits/train/Class1/placaas10227.jpg,0
train,Class1,0,Placass11431.jpg,data/processed/160x120/Class1/Placass11431.jpg,data/splits/train/Class1/Placass11431.jpg,0
train,Class1,0,placas1419.jpg,data/processed/160x120/Class1/placas1419.jpg,data/splits/train/Class1/placas1419.jpg,0
train,Class1,0,Placass11279.jpg,data/processed/160x120/Class1/Placass11279.jpg,data/splits/train/Class1/Placass11279.jpg,0
train,Class1,0,placaas10703.jpg,data/processed/160x120/Class1/placaas10703.jpg,data/splits/train/Class1/placaas10703.jpg,0
train,Class1,0,placas1120.jpg,data/processed/160x120/Class1/placas1120.jpg,data/splits/train/Class1/placas1120.jpg,0
train,Class1,0,placas1516.jpg,data/processed/160x120/Class1/placas1516.jpg,data/splits/train/Class1/placas1516.jpg,0
train,Class1,0,placas1180.jpg,data/processed/160x120/Class1/placas1180.jpg,data/splits/train/Class1/placas1180.jpg,0
train,Class1,0,Placass11377.jpg,data/processed/160x120/Class1/Placass11377.jpg,data/splits/train/Class1/Placass11377.jpg,0
train,Class1,0,placas1355.jpg,data/processed/160x120/Class1/placas1355.jpg,data/splits/train/Class1/placas1355.jpg,0
train,Class1,0,placaas10299.jpg,data/processed/160x120/Class1/placaas10299.jpg,data/splits/train/Class1/placaas10299.jpg,0
train,Class1,0,plaacaas1026.jpg,data/processed/160x120/Class1/plaacaas1026.jpg,data/splits/train/Class1/plaacaas1026.jpg,0
train,Class1,0,placaas11372.jpg,data/processed/160x120/Class1/placaas11372.jpg,data/splits/train/Class1/placaas11372.jpg,0
train,Class1,0,placaas11193.jpg,data/processed/160x120/Class1/placaas11193.jpg,data/splits/train/Class1/placaas11193.jpg,0
train,Class1,0,Placass10533.jpg,data/processed/160x120/Class1/Placass10533.jpg,data/splits/train/Class1/Placass10533.jpg,0
train,Class1,0,Placass11235.jpg,data/processed/160x120/Class1/Placass11235.jpg,data/splits/train/Class1/Placass11235.jpg,0
train,Class1,0,Placas11146.jpg,data/processed/160x120/Class1/Placas11146.jpg,data/splits/train/Class1/Placas11146.jpg,0
train,Class1,0,placas1279.jpg,data/processed/160x120/Class1/placas1279.jpg,data/splits/train/Class1/placas1279.jpg,0
train,Class1,0,Placass11290.jpg,data/processed/160x120/Class1/Placass11290.jpg,data/splits/train/Class1/Placass11290.jpg,0
train,Class1,0,Placass10101.jpg,data/processed/160x120/Class1/Placass10101.jpg,data/splits/train/Class1/Placass10101.jpg,0
train,Class1,0,placaas10690.jpg,data/processed/160x120/Class1/placaas10690.jpg,data/splits/train/Class1/placaas10690.jpg,0
train,Class1,0,placaas11218.jpg,data/processed/160x120/Class1/placaas11218.jpg,data/splits/train/Class1/placaas11218.jpg,0
train,Class1,0,placaas10626.jpg,data/processed/160x120/Class1/placaas10626.jpg,data/splits/train/Class1/placaas10626.jpg,0
train,Class1,0,Placass11561.jpg,data/processed/160x120/Class1/Placass11561.jpg,data/splits/train/Class1/Placass11561.jpg,0
train,Class1,0,Placass10231.jpg,data/processed/160x120/Class1/Placass10231.jpg,data/splits/train/Class1/Placass10231.jpg,0
train,Class1,0,Placass11456.jpg,data/processed/160x120/Class1/Placass11456.jpg,data/splits/train/Class1/Placass11456.jpg,0
train,Class1,0,Placass10266.jpg,data/processed/160x120/Class1/Placass10266.jpg,data/splits/train/Class1/Placass10266.jpg,0
train,Class1,0,Placasm10536.jpg,data/processed/160x120/Class1/Placasm10536.jpg,data/splits/train/Class1/Placasm10536.jpg,0
train,Class1,0,Placass10226.jpg,data/processed/160x120/Class1/Placass10226.jpg,data/splits/train/Class1/Placass10226.jpg,0
train,Class1,0,placaas11295.jpg,data/processed/160x120/Class1/placaas11295.jpg,data/splits/train/Class1/placaas11295.jpg,0
train,Class1,0,Placass10297.jpg,data/processed/160x120/Class1/Placass10297.jpg,data/splits/train/Class1/Placass10297.jpg,0
train,Class1,0,Placas11200.jpg,data/processed/160x120/Class1/Placas11200.jpg,data/splits/train/Class1/Placas11200.jpg,0
train,Class1,0,placas1101.jpg,data/processed/160x120/Class1/placas1101.jpg,data/splits/train/Class1/placas1101.jpg,0
train,Class1,0,Placas11107.jpg,data/processed/160x120/Class1/Placas11107.jpg,data/splits/train/Class1/Placas11107.jpg,0
train,Class1,0,placaas11248.jpg,data/processed/160x120/Class1/placaas11248.jpg,data/splits/train/Class1/placaas11248.jpg,0
train,Class1,0,Placass10464.jpg,data/processed/160x120/Class1/Placass10464.jpg,data/splits/train/Class1/Placass10464.jpg,0
train,Class1,0,Placasm10431.jpg,data/processed/160x120/Class1/Placasm10431.jpg,data/splits/train/Class1/Placasm10431.jpg,0
train,Class1,0,Placass11492.jpg,data/processed/160x120/Class1/Placass11492.jpg,data/splits/train/Class1/Placass11492.jpg,0
train,Class1,0,placas1701.jpg,data/processed/160x120/Class1/placas1701.jpg,data/splits/train/Class1/placas1701.jpg,0
train,Class1,0,Placas11545.jpg,data/processed/160x120/Class1/Placas11545.jpg,data/splits/train/Class1/Placas11545.jpg,0
train,Class1,0,placaas11264.jpg,data/processed/160x120/Class1/placaas11264.jpg,data/splits/train/Class1/placaas11264.jpg,0
train,Class1,0,placaas10373.jpg,data/processed/160x120/Class1/placaas10373.jpg,data/splits/train/Class1/placaas10373.jpg,0
train,Class1,0,plaacaas1281.jpg,data/processed/160x120/Class1/plaacaas1281.jpg,data/splits/train/Class1/plaacaas1281.jpg,0
train,Class1,0,placaas10320.jpg,data/processed/160x120/Class1/placaas10320.jpg,data/splits/train/Class1/placaas10320.jpg,0
train,Class1,0,placaas11253.jpg,data/processed/160x120/Class1/placaas11253.jpg,data/splits/train/Class1/placaas11253.jpg,0
train,Class1,0,Placass11390.jpg,data/processed/160x120/Class1/Placass11390.jpg,data/splits/train/Class1/Placass11390.jpg,0
train,Class1,0,placas1291.jpg,data/processed/160x120/Class1/placas1291.jpg,data/splits/train/Class1/placas1291.jpg,0
train,Class1,0,Placass10664.jpg,data/processed/160x120/Class1/Placass10664.jpg,data/splits/train/Class1/Placass10664.jpg,0
train,Class1,0,Placass11291.jpg,data/processed/160x120/Class1/Placass11291.jpg,data/splits/train/Class1/Placass11291.jpg,0
train,Class1,0,Placass11218.jpg,data/processed/160x120/Class1/Placass11218.jpg,data/splits/train/Class1/Placass11218.jpg,0
train,Class1,0,placaas11210.jpg,data/processed/160x120/Class1/placaas11210.jpg,data/splits/train/Class1/placaas11210.jpg,0
train,Class1,0,placaas10694.jpg,data/processed/160x120/Class1/placaas10694.jpg,data/splits/train/Class1/placaas10694.jpg,0
train,Class1,0,Placas11195.jpg,data/processed/160x120/Class1/Placas11195.jpg,data/splits/train/Class1/Placas11195.jpg,0
train,Class1,0,placaas10104.jpg,data/processed/160x120/Class1/placaas10104.jpg,data/splits/train/Class1/placaas10104.jpg,0
train,Class1,0,placas1253.jpg,data/processed/160x120/Class1/placas1253.jpg,data/splits/train/Class1/placas1253.jpg,0
train,Class1,0,placaas10628.jpg,data/processed/160x120/Class1/placaas10628.jpg,data/splits/train/Class1/placaas10628.jpg,0
train,Class1,0,placaas10232.jpg,data/processed/160x120/Class1/placaas10232.jpg,data/splits/train/Class1/placaas10232.jpg,0
train,Class1,0,Placas11597.jpg,data/processed/160x120/Class1/Placas11597.jpg,data/splits/train/Class1/Placas11597.jpg,0
train,Class1,0,Placass10370.jpg,data/processed/160x120/Class1/Placass10370.jpg,data/splits/train/Class1/Placass10370.jpg,0
train,Class1,0,Placass10696.jpg,data/processed/160x120/Class1/Placass10696.jpg,data/splits/train/Class1/Placass10696.jpg,0
train,Class1,0,placaas10665.jpg,data/processed/160x120/Class1/placaas10665.jpg,data/splits/train/Class1/placaas10665.jpg,0
train,Class1,0,placaas10702.jpg,data/processed/160x120/Class1/placaas10702.jpg,data/splits/train/Class1/placaas10702.jpg,0
train,Class1,0,Placasm11063.jpg,data/processed/160x120/Class1/Placasm11063.jpg,data/splits/train/Class1/Placasm11063.jpg,0
train,Class1,0,placaas10771.jpg,data/processed/160x120/Class1/placaas10771.jpg,data/splits/train/Class1/placaas10771.jpg,0
train,Class1,0,placas1007.jpg,data/processed/160x120/Class1/placas1007.jpg,data/splits/train/Class1/placas1007.jpg,0
train,Class1,0,placas1040.jpg,data/processed/160x120/Class1/placas1040.jpg,data/splits/train/Class1/placas1040.jpg,0
train,Class1,0,Placass10212.jpg,data/processed/160x120/Class1/Placass10212.jpg,data/splits/train/Class1/Placass10212.jpg,0
train,Class1,0,Placass11301.jpg,data/processed/160x120/Class1/Placass11301.jpg,data/splits/train/Class1/Placass11301.jpg,0
train,Class1,0,placaas10825.jpg,data/processed/160x120/Class1/placaas10825.jpg,data/splits/train/Class1/placaas10825.jpg,0
train,Class1,0,placaas11386.jpg,data/processed/160x120/Class1/placaas11386.jpg,data/splits/train/Class1/placaas11386.jpg,0
train,Class1,0,placaas10649.jpg,data/processed/160x120/Class1/placaas10649.jpg,data/splits/train/Class1/placaas10649.jpg,0
train,Class1,0,placaas10392.jpg,data/processed/160x120/Class1/placaas10392.jpg,data/splits/train/Class1/placaas10392.jpg,0
train,Class1,0,Placasm10525.jpg,data/processed/160x120/Class1/Placasm10525.jpg,data/splits/train/Class1/Placasm10525.jpg,0
train,Class1,0,Placass11271.jpg,data/processed/160x120/Class1/Placass11271.jpg,data/splits/train/Class1/Placass11271.jpg,0
train,Class1,0,Placasm11077.jpg,data/processed/160x120/Class1/Placasm11077.jpg,data/splits/train/Class1/Placasm11077.jpg,0
train,Class1,0,placaas10550.jpg,data/processed/160x120/Class1/placaas10550.jpg,data/splits/train/Class1/placaas10550.jpg,0
train,Class1,0,Placass10445.jpg,data/processed/160x120/Class1/Placass10445.jpg,data/splits/train/Class1/Placass10445.jpg,0
train,Class1,0,Placasm10552.jpg,data/processed/160x120/Class1/Placasm10552.jpg,data/splits/train/Class1/Placasm10552.jpg,0
train,Class1,0,Placass10203.jpg,data/processed/160x120/Class1/Placass10203.jpg,data/splits/train/Class1/Placass10203.jpg,0
train,Class1,0,plaacaas1246(1).jpg,data/processed/160x120/Class1/plaacaas1246(1).jpg,data/splits/train/Class1/plaacaas1246(1).jpg,0
train,Class1,0,Placas11165.jpg,data/processed/160x120/Class1/Placas11165.jpg,data/splits/train/Class1/Placas11165.jpg,0
train,Class1,0,placaas10218.jpg,data/processed/160x120/Class1/placaas10218.jpg,data/splits/train/Class1/placaas10218.jpg,0
train,Class1,0,Placas11609.jpg,data/processed/160x120/Class1/Placas11609.jpg,data/splits/train/Class1/Placas11609.jpg,0
train,Class1,0,placaas11093.jpg,data/processed/160x120/Class1/placaas11093.jpg,data/splits/train/Class1/placaas11093.jpg,0
train,Class1,0,placaas10197.jpg,data/processed/160x120/Class1/placaas10197.jpg,data/splits/train/Class1/placaas10197.jpg,0
train,Class1,0,placaas10673.jpg,data/processed/160x120/Class1/placaas10673.jpg,data/splits/train/Class1/placaas10673.jpg,0
train,Class1,0,Placas11565.jpg,data/processed/160x120/Class1/Placas11565.jpg,data/splits/train/Class1/Placas11565.jpg,0
train,Class1,0,Placass11504.jpg,data/processed/160x120/Class1/Placass11504.jpg,data/splits/train/Class1/Placass11504.jpg,0
train,Class1,0,placaas10349.jpg,data/processed/160x120/Class1/placaas10349.jpg,data/splits/train/Class1/placaas10349.jpg,0
train,Class1,0,Placas11489.jpg,data/processed/160x120/Class1/Placas11489.jpg,data/splits/train/Class1/Placas11489.jpg,0
train,Class1,0,placaas11144.jpg,data/processed/160x120/Class1/placaas11144.jpg,data/splits/train/Class1/placaas11144.jpg,0
train,Class1,0,Placass10107.jpg,data/processed/160x120/Class1/Placass10107.jpg,data/splits/train/Class1/Placass10107.jpg,0
train,Class1,0,Placass11527.jpg,data/processed/160x120/Class1/Placass11527.jpg,data/splits/train/Class1/Placass11527.jpg,0
train,Class1,0,Placass11366.jpg,data/processed/160x120/Class1/Placass11366.jpg,data/splits/train/Class1/Placass11366.jpg,0
train,Class1,0,placas1513.jpg,data/processed/160x120/Class1/placas1513.jpg,data/splits/train/Class1/placas1513.jpg,0
train,Class1,0,placaas10442.jpg,data/processed/160x120/Class1/placaas10442.jpg,data/splits/train/Class1/placaas10442.jpg,0
train,Class1,0,placas1078.jpg,data/processed/160x120/Class1/placas1078.jpg,data/splits/train/Class1/placas1078.jpg,0
train,Class1,0,placaas10078.jpg,data/processed/160x120/Class1/placaas10078.jpg,data/splits/train/Class1/placaas10078.jpg,0
train,Class1,0,placaas11214.jpg,data/processed/160x120/Class1/placaas11214.jpg,data/splits/train/Class1/placaas11214.jpg,0
train,Class1,0,placaas10963.jpg,data/processed/160x120/Class1/placaas10963.jpg,data/splits/train/Class1/placaas10963.jpg,0
train,Class1,0,plaacaas1305.jpg,data/processed/160x120/Class1/plaacaas1305.jpg,data/splits/train/Class1/plaacaas1305.jpg,0
train,Class1,0,placas1400.jpg,data/processed/160x120/Class1/placas1400.jpg,data/splits/train/Class1/placas1400.jpg,0
train,Class1,0,Placasm10203.jpg,data/processed/160x120/Class1/Placasm10203.jpg,data/splits/train/Class1/Placasm10203.jpg,0
train,Class1,0,placas1150.jpg,data/processed/160x120/Class1/placas1150.jpg,data/splits/train/Class1/placas1150.jpg,0
train,Class1,0,Placass10122.jpg,data/processed/160x120/Class1/Placass10122.jpg,data/splits/train/Class1/Placass10122.jpg,0
train,Class1,0,placaas11315.jpg,data/processed/160x120/Class1/placaas11315.jpg,data/splits/train/Class1/placaas11315.jpg,0
train,Class1,0,Placass11522.jpg,data/processed/160x120/Class1/Placass11522.jpg,data/splits/train/Class1/Placass11522.jpg,0
train,Class1,0,Placass11513.jpg,data/processed/160x120/Class1/Placass11513.jpg,data/splits/train/Class1/Placass11513.jpg,0
train,Class1,0,plaacaas1138.jpg,data/processed/160x120/Class1/plaacaas1138.jpg,data/splits/train/Class1/plaacaas1138.jpg,0
train,Class1,0,Placas11076.jpg,data/processed/160x120/Class1/Placas11076.jpg,data/splits/train/Class1/Placas11076.jpg,0
train,Class1,0,placaas10140.jpg,data/processed/160x120/Class1/placaas10140.jpg,data/splits/train/Class1/placaas10140.jpg,0
train,Class1,0,Placass10645.jpg,data/processed/160x120/Class1/Placass10645.jpg,data/splits/train/Class1/Placass10645.jpg,0
train,Class1,0,placas1216.jpg,data/processed/160x120/Class1/placas1216.jpg,data/splits/train/Class1/placas1216.jpg,0
train,Class1,0,Placass11185.jpg,data/processed/160x120/Class1/Placass11185.jpg,data/splits/train/Class1/Placass11185.jpg,0
train,Class1,0,Placas11354.jpg,data/processed/160x120/Class1/Placas11354.jpg,data/splits/train/Class1/Placas11354.jpg,0
train,Class1,0,placas1311.jpg,data/processed/160x120/Class1/placas1311.jpg,data/splits/train/Class1/placas1311.jpg,0
train,Class1,0,Placas11476.jpg,data/processed/160x120/Class1/Placas11476.jpg,data/splits/train/Class1/Placas11476.jpg,0
train,Class1,0,placaas10746.jpg,data/processed/160x120/Class1/placaas10746.jpg,data/splits/train/Class1/placaas10746.jpg,0
train,Class1,0,plaacaas1007.jpg,data/processed/160x120/Class1/plaacaas1007.jpg,data/splits/train/Class1/plaacaas1007.jpg,0
train,Class1,0,Placass10241.jpg,data/processed/160x120/Class1/Placass10241.jpg,data/splits/train/Class1/Placass10241.jpg,0
train,Class1,0,Placass11386.jpg,data/processed/160x120/Class1/Placass11386.jpg,data/splits/train/Class1/Placass11386.jpg,0
train,Class1,0,placas1504.jpg,data/processed/160x120/Class1/placas1504.jpg,data/splits/train/Class1/placas1504.jpg,0
train,Class1,0,placaas11027.jpg,data/processed/160x120/Class1/placaas11027.jpg,data/splits/train/Class1/placaas11027.jpg,0
train,Class1,0,Placass10908.jpg,data/processed/160x120/Class1/Placass10908.jpg,data/splits/train/Class1/Placass10908.jpg,0
train,Class1,0,placaas11403.jpg,data/processed/160x120/Class1/placaas11403.jpg,data/splits/train/Class1/placaas11403.jpg,0
train,Class1,0,Placass10284.jpg,data/processed/160x120/Class1/Placass10284.jpg,data/splits/train/Class1/Placass10284.jpg,0
train,Class1,0,Placass11111.jpg,data/processed/160x120/Class1/Placass11111.jpg,data/splits/train/Class1/Placass11111.jpg,0
train,Class1,0,Placass11242.jpg,data/processed/160x120/Class1/Placass11242.jpg,data/splits/train/Class1/Placass11242.jpg,0
train,Class1,0,Placass10144.jpg,data/processed/160x120/Class1/Placass10144.jpg,data/splits/train/Class1/Placass10144.jpg,0
train,Class1,0,Placas11522.jpg,data/processed/160x120/Class1/Placas11522.jpg,data/splits/train/Class1/Placas11522.jpg,0
train,Class1,0,Placass10874.jpg,data/processed/160x120/Class1/Placass10874.jpg,data/splits/train/Class1/Placass10874.jpg,0
train,Class1,0,Placas11304.jpg,data/processed/160x120/Class1/Placas11304.jpg,data/splits/train/Class1/Placas11304.jpg,0
train,Class1,0,Placass11311.jpg,data/processed/160x120/Class1/Placass11311.jpg,data/splits/train/Class1/Placass11311.jpg,0
train,Class1,0,placaas10531.jpg,data/processed/160x120/Class1/placaas10531.jpg,data/splits/train/Class1/placaas10531.jpg,0
train,Class1,0,Placass10951.jpg,data/processed/160x120/Class1/Placass10951.jpg,data/splits/train/Class1/Placass10951.jpg,0
train,Class1,0,Placass11564.jpg,data/processed/160x120/Class1/Placass11564.jpg,data/splits/train/Class1/Placass11564.jpg,0
train,Class1,0,Placasm10697.jpg,data/processed/160x120/Class1/Placasm10697.jpg,data/splits/train/Class1/Placasm10697.jpg,0
train,Class1,0,Placasm11073.jpg,data/processed/160x120/Class1/Placasm11073.jpg,data/splits/train/Class1/Placasm11073.jpg,0
train,Class1,0,placas1544.jpg,data/processed/160x120/Class1/placas1544.jpg,data/splits/train/Class1/placas1544.jpg,0
train,Class1,0,placas1021.jpg,data/processed/160x120/Class1/placas1021.jpg,data/splits/train/Class1/placas1021.jpg,0
train,Class1,0,Placas11360.jpg,data/processed/160x120/Class1/Placas11360.jpg,data/splits/train/Class1/Placas11360.jpg,0
train,Class1,0,Placass11596.jpg,data/processed/160x120/Class1/Placass11596.jpg,data/splits/train/Class1/Placass11596.jpg,0
train,Class1,0,Placass11694.jpg,data/processed/160x120/Class1/Placass11694.jpg,data/splits/train/Class1/Placass11694.jpg,0
train,Class1,0,Placass10100.jpg,data/processed/160x120/Class1/Placass10100.jpg,data/splits/train/Class1/Placass10100.jpg,0
train,Class1,0,Placass11077.jpg,data/processed/160x120/Class1/Placass11077.jpg,data/splits/train/Class1/Placass11077.jpg,0
train,Class1,0,placaas10774.jpg,data/processed/160x120/Class1/placaas10774.jpg,data/splits/train/Class1/placaas10774.jpg,0
train,Class1,0,plaacaas1251.jpg,data/processed/160x120/Class1/plaacaas1251.jpg,data/splits/train/Class1/plaacaas1251.jpg,0
train,Class1,0,Placass10917.jpg,data/processed/160x120/Class1/Placass10917.jpg,data/splits/train/Class1/Placass10917.jpg,0
train,Class1,0,Placass10110.jpg,data/processed/160x120/Class1/Placass10110.jpg,data/splits/train/Class1/Placass10110.jpg,0
train,Class1,0,Placass10336.jpg,data/processed/160x120/Class1/Placass10336.jpg,data/splits/train/Class1/Placass10336.jpg,0
train,Class1,0,Placass10272.jpg,data/processed/160x120/Class1/Placass10272.jpg,data/splits/train/Class1/Placass10272.jpg,0
train,Class1,0,Placasm11067.jpg,data/processed/160x120/Class1/Placasm11067.jpg,data/splits/train/Class1/Placasm11067.jpg,0
train,Class1,0,Placass11603.jpg,data/processed/160x120/Class1/Placass11603.jpg,data/splits/train/Class1/Placass11603.jpg,0
train,Class1,0,Placass10197.jpg,data/processed/160x120/Class1/Placass10197.jpg,data/splits/train/Class1/Placass10197.jpg,0
train,Class1,0,Placas11584.jpg,data/processed/160x120/Class1/Placas11584.jpg,data/splits/train/Class1/Placas11584.jpg,0
train,Class1,0,Placass10978.jpg,data/processed/160x120/Class1/Placass10978.jpg,data/splits/train/Class1/Placass10978.jpg,0
train,Class1,0,Placass10682.jpg,data/processed/160x120/Class1/Placass10682.jpg,data/splits/train/Class1/Placass10682.jpg,0
train,Class1,0,Placass11323.jpg,data/processed/160x120/Class1/Placass11323.jpg,data/splits/train/Class1/Placass11323.jpg,0
train,Class1,0,placas1479.jpg,data/processed/160x120/Class1/placas1479.jpg,data/splits/train/Class1/placas1479.jpg,0
train,Class1,0,placaas11016.jpg,data/processed/160x120/Class1/placaas11016.jpg,data/splits/train/Class1/placaas11016.jpg,0
train,Class1,0,Placasm10674.jpg,data/processed/160x120/Class1/Placasm10674.jpg,data/splits/train/Class1/Placasm10674.jpg,0
train,Class1,0,placaas10007.jpg,data/processed/160x120/Class1/placaas10007.jpg,data/splits/train/Class1/placaas10007.jpg,0
train,Class1,0,Placasm10037.jpg,data/processed/160x120/Class1/Placasm10037.jpg,data/splits/train/Class1/Placasm10037.jpg,0
train,Class1,0,placas1488.jpg,data/processed/160x120/Class1/placas1488.jpg,data/splits/train/Class1/placas1488.jpg,0
train,Class1,0,placaas10417.jpg,data/processed/160x120/Class1/placaas10417.jpg,data/splits/train/Class1/placaas10417.jpg,0
train,Class1,0,Placas11320.jpg,data/processed/160x120/Class1/Placas11320.jpg,data/splits/train/Class1/Placas11320.jpg,0
train,Class1,0,Placass10128.jpg,data/processed/160x120/Class1/Placass10128.jpg,data/splits/train/Class1/Placass10128.jpg,0
train,Class1,0,placaas10394.jpg,data/processed/160x120/Class1/placaas10394.jpg,data/splits/train/Class1/placaas10394.jpg,0
train,Class1,0,Placass10463.jpg,data/processed/160x120/Class1/Placass10463.jpg,data/splits/train/Class1/Placass10463.jpg,0
train,Class1,0,Placas11227.jpg,data/processed/160x120/Class1/Placas11227.jpg,data/splits/train/Class1/Placas11227.jpg,0
train,Class1,0,placaas11266.jpg,data/processed/160x120/Class1/placaas11266.jpg,data/splits/train/Class1/placaas11266.jpg,0
train,Class1,0,Placass10616.jpg,data/processed/160x120/Class1/Placass10616.jpg,data/splits/train/Class1/Placass10616.jpg,0
train,Class1,0,placas1163.jpg,data/processed/160x120/Class1/placas1163.jpg,data/splits/train/Class1/placas1163.jpg,0
train,Class1,0,Placass11670.jpg,data/processed/160x120/Class1/Placass11670.jpg,data/splits/train/Class1/Placass11670.jpg,0
train,Class1,0,placaas10434.jpg,data/processed/160x120/Class1/placaas10434.jpg,data/splits/train/Class1/placaas10434.jpg,0
train,Class1,0,Placasm10172.jpg,data/processed/160x120/Class1/Placasm10172.jpg,data/splits/train/Class1/Placasm10172.jpg,0
train,Class1,0,Placass11097.jpg,data/processed/160x120/Class1/Placass11097.jpg,data/splits/train/Class1/Placass11097.jpg,0
train,Class1,0,placaas10962.jpg,data/processed/160x120/Class1/placaas10962.jpg,data/splits/train/Class1/placaas10962.jpg,0
train,Class1,0,Placass10462.jpg,data/processed/160x120/Class1/Placass10462.jpg,data/splits/train/Class1/Placass10462.jpg,0
train,Class1,0,placaas10741.jpg,data/processed/160x120/Class1/placaas10741.jpg,data/splits/train/Class1/placaas10741.jpg,0
train,Class1,0,plaacaas1092.jpg,data/processed/160x120/Class1/plaacaas1092.jpg,data/splits/train/Class1/plaacaas1092.jpg,0
train,Class1,0,Placass10863.jpg,data/processed/160x120/Class1/Placass10863.jpg,data/splits/train/Class1/Placass10863.jpg,0
train,Class1,0,placaas11337.jpg,data/processed/160x120/Class1/placaas11337.jpg,data/splits/train/Class1/placaas11337.jpg,0
train,Class1,0,placaas10093.jpg,data/processed/160x120/Class1/placaas10093.jpg,data/splits/train/Class1/placaas10093.jpg,0
train,Class1,0,Placass10639.jpg,data/processed/160x120/Class1/Placass10639.jpg,data/splits/train/Class1/Placass10639.jpg,0
train,Class1,0,Placass10906.jpg,data/processed/160x120/Class1/Placass10906.jpg,data/splits/train/Class1/Placass10906.jpg,0
train,Class1,0,plaacaas1016.jpg,data/processed/160x120/Class1/plaacaas1016.jpg,data/splits/train/Class1/plaacaas1016.jpg,0
train,Class1,0,placaas11364.jpg,data/processed/160x120/Class1/placaas11364.jpg,data/splits/train/Class1/placaas11364.jpg,0
train,Class1,0,plaacaas1133.jpg,data/processed/160x120/Class1/plaacaas1133.jpg,data/splits/train/Class1/plaacaas1133.jpg,0
train,Class1,0,Placas11281.jpg,data/processed/160x120/Class1/Placas11281.jpg,data/splits/train/Class1/Placas11281.jpg,0
train,Class1,0,Placasm11088.jpg,data/processed/160x120/Class1/Placasm11088.jpg,data/splits/train/Class1/Placasm11088.jpg,0
train,Class1,0,placaas10592.jpg,data/processed/160x120/Class1/placaas10592.jpg,data/splits/train/Class1/placaas10592.jpg,0
train,Class1,0,Placas11210.jpg,data/processed/160x120/Class1/Placas11210.jpg,data/splits/train/Class1/Placas11210.jpg,0
train,Class1,0,Placas11143.jpg,data/processed/160x120/Class1/Placas11143.jpg,data/splits/train/Class1/Placas11143.jpg,0
train,Class1,0,plaacaas1019.jpg,data/processed/160x120/Class1/plaacaas1019.jpg,data/splits/train/Class1/plaacaas1019.jpg,0
train,Class1,0,Placass10494.jpg,data/processed/160x120/Class1/Placass10494.jpg,data/splits/train/Class1/Placass10494.jpg,0
train,Class1,0,placas1636.jpg,data/processed/160x120/Class1/placas1636.jpg,data/splits/train/Class1/placas1636.jpg,0
train,Class1,0,placaas10125.jpg,data/processed/160x120/Class1/placaas10125.jpg,data/splits/train/Class1/placaas10125.jpg,0
train,Class1,0,placas1207.jpg,data/processed/160x120/Class1/placas1207.jpg,data/splits/train/Class1/placas1207.jpg,0
train,Class1,0,placaas11187.jpg,data/processed/160x120/Class1/placaas11187.jpg,data/splits/train/Class1/placaas11187.jpg,0
train,Class1,0,Placas11209.jpg,data/processed/160x120/Class1/Placas11209.jpg,data/splits/train/Class1/Placas11209.jpg,0
train,Class1,0,placas1578.jpg,data/processed/160x120/Class1/placas1578.jpg,data/splits/train/Class1/placas1578.jpg,0
train,Class1,0,placaas10068.jpg,data/processed/160x120/Class1/placaas10068.jpg,data/splits/train/Class1/placaas10068.jpg,0
train,Class1,0,Placass10014.jpg,data/processed/160x120/Class1/Placass10014.jpg,data/splits/train/Class1/Placass10014.jpg,0
train,Class1,0,Placass11031.jpg,data/processed/160x120/Class1/Placass11031.jpg,data/splits/train/Class1/Placass11031.jpg,0
train,Class1,0,Placass11445.jpg,data/processed/160x120/Class1/Placass11445.jpg,data/splits/train/Class1/Placass11445.jpg,0
train,Class1,0,placaas10959.jpg,data/processed/160x120/Class1/placaas10959.jpg,data/splits/train/Class1/placaas10959.jpg,0
train,Class1,0,Placas11254.jpg,data/processed/160x120/Class1/Placas11254.jpg,data/splits/train/Class1/Placas11254.jpg,0
train,Class1,0,Placass10432.jpg,data/processed/160x120/Class1/Placass10432.jpg,data/splits/train/Class1/Placass10432.jpg,0
train,Class1,0,Placas11556.jpg,data/processed/160x120/Class1/Placas11556.jpg,data/splits/train/Class1/Placas11556.jpg,0
train,Class1,0,placas1317.jpg,data/processed/160x120/Class1/placas1317.jpg,data/splits/train/Class1/placas1317.jpg,0
train,Class1,0,placaas11165.jpg,data/processed/160x120/Class1/placaas11165.jpg,data/splits/train/Class1/placaas11165.jpg,0
train,Class1,0,placaas11276.jpg,data/processed/160x120/Class1/placaas11276.jpg,data/splits/train/Class1/placaas11276.jpg,0
train,Class1,0,Placass11014.jpg,data/processed/160x120/Class1/Placass11014.jpg,data/splits/train/Class1/Placass11014.jpg,0
train,Class1,0,plaacaas1283.jpg,data/processed/160x120/Class1/plaacaas1283.jpg,data/splits/train/Class1/plaacaas1283.jpg,0
train,Class1,0,placaas10864.jpg,data/processed/160x120/Class1/placaas10864.jpg,data/splits/train/Class1/placaas10864.jpg,0
train,Class1,0,placaas10472.jpg,data/processed/160x120/Class1/placaas10472.jpg,data/splits/train/Class1/placaas10472.jpg,0
train,Class1,0,placaas10017.jpg,data/processed/160x120/Class1/placaas10017.jpg,data/splits/train/Class1/placaas10017.jpg,0
train,Class1,0,Placass10460.jpg,data/processed/160x120/Class1/Placass10460.jpg,data/splits/train/Class1/Placass10460.jpg,0
train,Class1,0,placaas10692.jpg,data/processed/160x120/Class1/placaas10692.jpg,data/splits/train/Class1/placaas10692.jpg,0
train,Class1,0,placaas11309.jpg,data/processed/160x120/Class1/placaas11309.jpg,data/splits/train/Class1/placaas11309.jpg,0
train,Class1,0,plaacaas1204.jpg,data/processed/160x120/Class1/plaacaas1204.jpg,data/splits/train/Class1/plaacaas1204.jpg,0
train,Class1,0,Placass10596.jpg,data/processed/160x120/Class1/Placass10596.jpg,data/splits/train/Class1/Placass10596.jpg,0
train,Class1,0,placaas10597.jpg,data/processed/160x120/Class1/placaas10597.jpg,data/splits/train/Class1/placaas10597.jpg,0
train,Class1,0,Placasm10062.jpg,data/processed/160x120/Class1/Placasm10062.jpg,data/splits/train/Class1/Placasm10062.jpg,0
train,Class1,0,plaacaas1256.jpg,data/processed/160x120/Class1/plaacaas1256.jpg,data/splits/train/Class1/plaacaas1256.jpg,0
train,Class1,0,Placass11110.jpg,data/processed/160x120/Class1/Placass11110.jpg,data/splits/train/Class1/Placass11110.jpg,0
train,Class1,0,Placas11560.jpg,data/processed/160x120/Class1/Placas11560.jpg,data/splits/train/Class1/Placas11560.jpg,0
train,Class1,0,Placass10949.jpg,data/processed/160x120/Class1/Placass10949.jpg,data/splits/train/Class1/Placass10949.jpg,0
train,Class1,0,Placasm10040.jpg,data/processed/160x120/Class1/Placasm10040.jpg,data/splits/train/Class1/Placasm10040.jpg,0
train,Class1,0,Placasm10248.jpg,data/processed/160x120/Class1/Placasm10248.jpg,data/splits/train/Class1/Placasm10248.jpg,0
train,Class1,0,Placasm10745.jpg,data/processed/160x120/Class1/Placasm10745.jpg,data/splits/train/Class1/Placasm10745.jpg,0
train,Class1,0,Placas11543.jpg,data/processed/160x120/Class1/Placas11543.jpg,data/splits/train/Class1/Placas11543.jpg,0
train,Class1,0,placaas11238.jpg,data/processed/160x120/Class1/placaas11238.jpg,data/splits/train/Class1/placaas11238.jpg,0
train,Class1,0,plaacaas1141.jpg,data/processed/160x120/Class1/plaacaas1141.jpg,data/splits/train/Class1/plaacaas1141.jpg,0
train,Class1,0,placas1721.jpg,data/processed/160x120/Class1/placas1721.jpg,data/splits/train/Class1/placas1721.jpg,0
train,Class1,0,Placass11069.jpg,data/processed/160x120/Class1/Placass11069.jpg,data/splits/train/Class1/Placass11069.jpg,0
train,Class1,0,Placass10148.jpg,data/processed/160x120/Class1/Placass10148.jpg,data/splits/train/Class1/Placass10148.jpg,0
train,Class1,0,Placass10143.jpg,data/processed/160x120/Class1/Placass10143.jpg,data/splits/train/Class1/Placass10143.jpg,0
train,Class1,0,placas1141.jpg,data/processed/160x120/Class1/placas1141.jpg,data/splits/train/Class1/placas1141.jpg,0
train,Class1,0,Placass10649.jpg,data/processed/160x120/Class1/Placass10649.jpg,data/splits/train/Class1/Placass10649.jpg,0
train,Class1,0,placas1318.jpg,data/processed/160x120/Class1/placas1318.jpg,data/splits/train/Class1/placas1318.jpg,0
train,Class1,0,Placass11435.jpg,data/processed/160x120/Class1/Placass11435.jpg,data/splits/train/Class1/Placass11435.jpg,0
train,Class1,0,Placass11498.jpg,data/processed/160x120/Class1/Placass11498.jpg,data/splits/train/Class1/Placass11498.jpg,0
train,Class1,0,Placass10650.jpg,data/processed/160x120/Class1/Placass10650.jpg,data/splits/train/Class1/Placass10650.jpg,0
train,Class1,0,placaas11174.jpg,data/processed/160x120/Class1/placaas11174.jpg,data/splits/train/Class1/placaas11174.jpg,0
train,Class1,0,Placasm10005.jpg,data/processed/160x120/Class1/Placasm10005.jpg,data/splits/train/Class1/Placasm10005.jpg,0
train,Class1,0,Placass10097.jpg,data/processed/160x120/Class1/Placass10097.jpg,data/splits/train/Class1/Placass10097.jpg,0
train,Class1,0,placaas11077.jpg,data/processed/160x120/Class1/placaas11077.jpg,data/splits/train/Class1/placaas11077.jpg,0
train,Class1,0,Placass11512.jpg,data/processed/160x120/Class1/Placass11512.jpg,data/splits/train/Class1/Placass11512.jpg,0
train,Class1,0,Placass10035.jpg,data/processed/160x120/Class1/Placass10035.jpg,data/splits/train/Class1/Placass10035.jpg,0
train,Class1,0,placaas10069.jpg,data/processed/160x120/Class1/placaas10069.jpg,data/splits/train/Class1/placaas10069.jpg,0
train,Class1,0,Placas11294.jpg,data/processed/160x120/Class1/Placas11294.jpg,data/splits/train/Class1/Placas11294.jpg,0
train,Class1,0,Placass10686.jpg,data/processed/160x120/Class1/Placass10686.jpg,data/splits/train/Class1/Placass10686.jpg,0
train,Class1,0,plaacaas1025.jpg,data/processed/160x120/Class1/plaacaas1025.jpg,data/splits/train/Class1/plaacaas1025.jpg,0
train,Class1,0,Placass10893.jpg,data/processed/160x120/Class1/Placass10893.jpg,data/splits/train/Class1/Placass10893.jpg,0
train,Class1,0,placaas10803.jpg,data/processed/160x120/Class1/placaas10803.jpg,data/splits/train/Class1/placaas10803.jpg,0
train,Class1,0,plaacaas1102.jpg,data/processed/160x120/Class1/plaacaas1102.jpg,data/splits/train/Class1/plaacaas1102.jpg,0
train,Class1,0,Placas11395.jpg,data/processed/160x120/Class1/Placas11395.jpg,data/splits/train/Class1/Placas11395.jpg,0
train,Class1,0,Placass10421.jpg,data/processed/160x120/Class1/Placass10421.jpg,data/splits/train/Class1/Placass10421.jpg,0
train,Class1,0,placaas11286.jpg,data/processed/160x120/Class1/placaas11286.jpg,data/splits/train/Class1/placaas11286.jpg,0
train,Class1,0,placaas10674.jpg,data/processed/160x120/Class1/placaas10674.jpg,data/splits/train/Class1/placaas10674.jpg,0
train,Class1,0,Placass11227.jpg,data/processed/160x120/Class1/Placass11227.jpg,data/splits/train/Class1/Placass11227.jpg,0
train,Class1,0,placas1179.jpg,data/processed/160x120/Class1/placas1179.jpg,data/splits/train/Class1/placas1179.jpg,0
train,Class1,0,plaacaas1094.jpg,data/processed/160x120/Class1/plaacaas1094.jpg,data/splits/train/Class1/plaacaas1094.jpg,0
train,Class1,0,Placasm10033.jpg,data/processed/160x120/Class1/Placasm10033.jpg,data/splits/train/Class1/Placasm10033.jpg,0
train,Class1,0,placas1535.jpg,data/processed/160x120/Class1/placas1535.jpg,data/splits/train/Class1/placas1535.jpg,0
train,Class1,0,Placas11084.jpg,data/processed/160x120/Class1/Placas11084.jpg,data/splits/train/Class1/Placas11084.jpg,0
train,Class1,0,Placass10321.jpg,data/processed/160x120/Class1/Placass10321.jpg,data/splits/train/Class1/Placass10321.jpg,0
train,Class1,0,Placass11667.jpg,data/processed/160x120/Class1/Placass11667.jpg,data/splits/train/Class1/Placass11667.jpg,0
train,Class1,0,Placass11488.jpg,data/processed/160x120/Class1/Placass11488.jpg,data/splits/train/Class1/Placass11488.jpg,0
train,Class1,0,Placass10368.jpg,data/processed/160x120/Class1/Placass10368.jpg,data/splits/train/Class1/Placass10368.jpg,0
train,Class1,0,Placass11054.jpg,data/processed/160x120/Class1/Placass11054.jpg,data/splits/train/Class1/Placass11054.jpg,0
train,Class1,0,placaas10712.jpg,data/processed/160x120/Class1/placaas10712.jpg,data/splits/train/Class1/placaas10712.jpg,0
train,Class1,0,Placass10320.jpg,data/processed/160x120/Class1/Placass10320.jpg,data/splits/train/Class1/Placass10320.jpg,0
train,Class1,0,Placass10840.jpg,data/processed/160x120/Class1/Placass10840.jpg,data/splits/train/Class1/Placass10840.jpg,0
train,Class1,0,Placass10403.jpg,data/processed/160x120/Class1/Placass10403.jpg,data/splits/train/Class1/Placass10403.jpg,0
train,Class1,0,placaas10390.jpg,data/processed/160x120/Class1/placaas10390.jpg,data/splits/train/Class1/placaas10390.jpg,0
train,Class1,0,placaas10530.jpg,data/processed/160x120/Class1/placaas10530.jpg,data/splits/train/Class1/placaas10530.jpg,0
train,Class1,0,Placas11287.jpg,data/processed/160x120/Class1/Placas11287.jpg,data/splits/train/Class1/Placas11287.jpg,0
train,Class1,0,placaas10150.jpg,data/processed/160x120/Class1/placaas10150.jpg,data/splits/train/Class1/placaas10150.jpg,0
train,Class1,0,placaas11368.jpg,data/processed/160x120/Class1/placaas11368.jpg,data/splits/train/Class1/placaas11368.jpg,0
train,Class1,0,Placass10419.jpg,data/processed/160x120/Class1/Placass10419.jpg,data/splits/train/Class1/Placass10419.jpg,0
train,Class1,0,placas1184.jpg,data/processed/160x120/Class1/placas1184.jpg,data/splits/train/Class1/placas1184.jpg,0
train,Class1,0,plaacaas1247(1).jpg,data/processed/160x120/Class1/plaacaas1247(1).jpg,data/splits/train/Class1/plaacaas1247(1).jpg,0
train,Class1,0,placaas10205.jpg,data/processed/160x120/Class1/placaas10205.jpg,data/splits/train/Class1/placaas10205.jpg,0
train,Class1,0,placaas11232.jpg,data/processed/160x120/Class1/placaas11232.jpg,data/splits/train/Class1/placaas11232.jpg,0
train,Class1,0,Placass11153.jpg,data/processed/160x120/Class1/Placass11153.jpg,data/splits/train/Class1/Placass11153.jpg,0
train,Class1,0,Placass10786.jpg,data/processed/160x120/Class1/Placass10786.jpg,data/splits/train/Class1/Placass10786.jpg,0
train,Class1,0,Placass10614.jpg,data/processed/160x120/Class1/Placass10614.jpg,data/splits/train/Class1/Placass10614.jpg,0
train,Class1,0,placaas10044.jpg,data/processed/160x120/Class1/placaas10044.jpg,data/splits/train/Class1/placaas10044.jpg,0
train,Class1,0,placaas10670.jpg,data/processed/160x120/Class1/placaas10670.jpg,data/splits/train/Class1/placaas10670.jpg,0
train,Class1,0,Placass10709.jpg,data/processed/160x120/Class1/Placass10709.jpg,data/splits/train/Class1/Placass10709.jpg,0
train,Class1,0,placaas11156.jpg,data/processed/160x120/Class1/placaas11156.jpg,data/splits/train/Class1/placaas11156.jpg,0
train,Class1,0,Placas11479.jpg,data/processed/160x120/Class1/Placas11479.jpg,data/splits/train/Class1/Placas11479.jpg,0
train,Class1,0,plaacaas1301.jpg,data/processed/160x120/Class1/plaacaas1301.jpg,data/splits/train/Class1/plaacaas1301.jpg,0
train,Class1,0,Placass11669.jpg,data/processed/160x120/Class1/Placass11669.jpg,data/splits/train/Class1/Placass11669.jpg,0
train,Class1,0,placas1108.jpg,data/processed/160x120/Class1/placas1108.jpg,data/splits/train/Class1/placas1108.jpg,0
train,Class1,0,Placass11412.jpg,data/processed/160x120/Class1/Placass11412.jpg,data/splits/train/Class1/Placass11412.jpg,0
train,Class1,0,Placas11444.jpg,data/processed/160x120/Class1/Placas11444.jpg,data/splits/train/Class1/Placas11444.jpg,0
train,Class1,0,plaacaas1216.jpg,data/processed/160x120/Class1/plaacaas1216.jpg,data/splits/train/Class1/plaacaas1216.jpg,0
train,Class1,0,placaas10332.jpg,data/processed/160x120/Class1/placaas10332.jpg,data/splits/train/Class1/placaas10332.jpg,0
train,Class1,0,Placasm10739.jpg,data/processed/160x120/Class1/Placasm10739.jpg,data/splits/train/Class1/Placasm10739.jpg,0
train,Class1,0,placaas10821.jpg,data/processed/160x120/Class1/placaas10821.jpg,data/splits/train/Class1/placaas10821.jpg,0
train,Class1,0,placaas10757.jpg,data/processed/160x120/Class1/placaas10757.jpg,data/splits/train/Class1/placaas10757.jpg,0
train,Class1,0,placas1354.jpg,data/processed/160x120/Class1/placas1354.jpg,data/splits/train/Class1/placas1354.jpg,0
train,Class1,0,placas1651.jpg,data/processed/160x120/Class1/placas1651.jpg,data/splits/train/Class1/placas1651.jpg,0
train,Class1,0,Placas11025.jpg,data/processed/160x120/Class1/Placas11025.jpg,data/splits/train/Class1/Placas11025.jpg,0
train,Class1,0,Placas11204.jpg,data/processed/160x120/Class1/Placas11204.jpg,data/splits/train/Class1/Placas11204.jpg,0
train,Class1,0,Placass10929.jpg,data/processed/160x120/Class1/Placass10929.jpg,data/splits/train/Class1/Placass10929.jpg,0
train,Class1,0,Placass10294.jpg,data/processed/160x120/Class1/Placass10294.jpg,data/splits/train/Class1/Placass10294.jpg,0
train,Class1,0,Placasm10413.jpg,data/processed/160x120/Class1/Placasm10413.jpg,data/splits/train/Class1/Placasm10413.jpg,0
train,Class1,0,Placas11172.jpg,data/processed/160x120/Class1/Placas11172.jpg,data/splits/train/Class1/Placas11172.jpg,0
train,Class1,0,Placass10028.jpg,data/processed/160x120/Class1/Placass10028.jpg,data/splits/train/Class1/Placass10028.jpg,0
train,Class1,0,placas1034.jpg,data/processed/160x120/Class1/placas1034.jpg,data/splits/train/Class1/placas1034.jpg,0
train,Class1,0,Placass10694.jpg,data/processed/160x120/Class1/Placass10694.jpg,data/splits/train/Class1/Placass10694.jpg,0
train,Class1,0,placaas10684.jpg,data/processed/160x120/Class1/placaas10684.jpg,data/splits/train/Class1/placaas10684.jpg,0
train,Class1,0,Placass10904.jpg,data/processed/160x120/Class1/Placass10904.jpg,data/splits/train/Class1/Placass10904.jpg,0
train,Class1,0,placas1667.jpg,data/processed/160x120/Class1/placas1667.jpg,data/splits/train/Class1/placas1667.jpg,0
train,Class1,0,placaas10028.jpg,data/processed/160x120/Class1/placaas10028.jpg,data/splits/train/Class1/placaas10028.jpg,0
train,Class1,0,Placasm11069.jpg,data/processed/160x120/Class1/Placasm11069.jpg,data/splits/train/Class1/Placasm11069.jpg,0
train,Class1,0,Placas11408.jpg,data/processed/160x120/Class1/Placas11408.jpg,data/splits/train/Class1/Placas11408.jpg,0
train,Class1,0,plaacaas1229.jpg,data/processed/160x120/Class1/plaacaas1229.jpg,data/splits/train/Class1/plaacaas1229.jpg,0
train,Class1,0,Placass10133.jpg,data/processed/160x120/Class1/Placass10133.jpg,data/splits/train/Class1/Placass10133.jpg,0
train,Class1,0,Placas11419.jpg,data/processed/160x120/Class1/Placas11419.jpg,data/splits/train/Class1/Placas11419.jpg,0
train,Class1,0,placaas10801.jpg,data/processed/160x120/Class1/placaas10801.jpg,data/splits/train/Class1/placaas10801.jpg,0
train,Class1,0,Placass11429.jpg,data/processed/160x120/Class1/Placass11429.jpg,data/splits/train/Class1/Placass11429.jpg,0
train,Class1,0,Placasm10377.jpg,data/processed/160x120/Class1/Placasm10377.jpg,data/splits/train/Class1/Placasm10377.jpg,0
train,Class1,0,plaacaas1246.jpg,data/processed/160x120/Class1/plaacaas1246.jpg,data/splits/train/Class1/plaacaas1246.jpg,0
train,Class1,0,Placass10352.jpg,data/processed/160x120/Class1/Placass10352.jpg,data/splits/train/Class1/Placass10352.jpg,0
train,Class1,0,Placass10439.jpg,data/processed/160x120/Class1/Placass10439.jpg,data/splits/train/Class1/Placass10439.jpg,0
train,Class1,0,placaas10744.jpg,data/processed/160x120/Class1/placaas10744.jpg,data/splits/train/Class1/placaas10744.jpg,0
train,Class1,0,placaas10779.jpg,data/processed/160x120/Class1/placaas10779.jpg,data/splits/train/Class1/placaas10779.jpg,0
train,Class1,0,placaas10108.jpg,data/processed/160x120/Class1/placaas10108.jpg,data/splits/train/Class1/placaas10108.jpg,0
train,Class1,0,placaas10935.jpg,data/processed/160x120/Class1/placaas10935.jpg,data/splits/train/Class1/placaas10935.jpg,0
train,Class1,0,placas1153.jpg,data/processed/160x120/Class1/placas1153.jpg,data/splits/train/Class1/placas1153.jpg,0
train,Class1,0,Placasm10973.jpg,data/processed/160x120/Class1/Placasm10973.jpg,data/splits/train/Class1/Placasm10973.jpg,0
train,Class1,0,Placas11311.jpg,data/processed/160x120/Class1/Placas11311.jpg,data/splits/train/Class1/Placas11311.jpg,0
train,Class1,0,Placass11173.jpg,data/processed/160x120/Class1/Placass11173.jpg,data/splits/train/Class1/Placass11173.jpg,0
train,Class1,0,placaas11229.jpg,data/processed/160x120/Class1/placaas11229.jpg,data/splits/train/Class1/placaas11229.jpg,0
train,Class1,0,Placass10998.jpg,data/processed/160x120/Class1/Placass10998.jpg,data/splits/train/Class1/Placass10998.jpg,0
train,Class1,0,placaas10279.jpg,data/processed/160x120/Class1/placaas10279.jpg,data/splits/train/Class1/placaas10279.jpg,0
train,Class1,0,Placass11478.jpg,data/processed/160x120/Class1/Placass11478.jpg,data/splits/train/Class1/Placass11478.jpg,0
train,Class1,0,Placas11569.jpg,data/processed/160x120/Class1/Placas11569.jpg,data/splits/train/Class1/Placas11569.jpg,0
train,Class1,0,plaacaas1037.jpg,data/processed/160x120/Class1/plaacaas1037.jpg,data/splits/train/Class1/plaacaas1037.jpg,0
train,Class1,0,Placas11321.jpg,data/processed/160x120/Class1/Placas11321.jpg,data/splits/train/Class1/Placas11321.jpg,0
train,Class1,0,Placass10914.jpg,data/processed/160x120/Class1/Placass10914.jpg,data/splits/train/Class1/Placass10914.jpg,0
train,Class1,0,placaas11067.jpg,data/processed/160x120/Class1/placaas11067.jpg,data/splits/train/Class1/placaas11067.jpg,0
train,Class1,0,Placass10075.jpg,data/processed/160x120/Class1/Placass10075.jpg,data/splits/train/Class1/Placass10075.jpg,0
train,Class1,0,Placass11314.jpg,data/processed/160x120/Class1/Placass11314.jpg,data/splits/train/Class1/Placass11314.jpg,0
train,Class1,0,Placass10038.jpg,data/processed/160x120/Class1/Placass10038.jpg,data/splits/train/Class1/Placass10038.jpg,0
train,Class1,0,Placass10216.jpg,data/processed/160x120/Class1/Placass10216.jpg,data/splits/train/Class1/Placass10216.jpg,0
train,Class1,0,placas1257.jpg,data/processed/160x120/Class1/placas1257.jpg,data/splits/train/Class1/placas1257.jpg,0
train,Class1,0,Placass10121.jpg,data/processed/160x120/Class1/Placass10121.jpg,data/splits/train/Class1/Placass10121.jpg,0
train,Class1,0,Placass11673.jpg,data/processed/160x120/Class1/Placass11673.jpg,data/splits/train/Class1/Placass11673.jpg,0
train,Class1,0,Placass10374.jpg,data/processed/160x120/Class1/Placass10374.jpg,data/splits/train/Class1/Placass10374.jpg,0
train,Class1,0,Placass10240.jpg,data/processed/160x120/Class1/Placass10240.jpg,data/splits/train/Class1/Placass10240.jpg,0
train,Class1,0,Placass11655.jpg,data/processed/160x120/Class1/Placass11655.jpg,data/splits/train/Class1/Placass11655.jpg,0
train,Class1,0,plaacaas1280.jpg,data/processed/160x120/Class1/plaacaas1280.jpg,data/splits/train/Class1/plaacaas1280.jpg,0
train,Class1,0,plaacaas1265.jpg,data/processed/160x120/Class1/plaacaas1265.jpg,data/splits/train/Class1/plaacaas1265.jpg,0
train,Class1,0,plaacaas1115.jpg,data/processed/160x120/Class1/plaacaas1115.jpg,data/splits/train/Class1/plaacaas1115.jpg,0
train,Class1,0,placaas10230.jpg,data/processed/160x120/Class1/placaas10230.jpg,data/splits/train/Class1/placaas10230.jpg,0
train,Class1,0,plaacaas1157.jpg,data/processed/160x120/Class1/plaacaas1157.jpg,data/splits/train/Class1/plaacaas1157.jpg,0
train,Class1,0,placaas10768.jpg,data/processed/160x120/Class1/placaas10768.jpg,data/splits/train/Class1/placaas10768.jpg,0
train,Class1,0,placas1166.jpg,data/processed/160x120/Class1/placas1166.jpg,data/splits/train/Class1/placas1166.jpg,0
train,Class1,0,Placas11257.jpg,data/processed/160x120/Class1/Placas11257.jpg,data/splits/train/Class1/Placas11257.jpg,0
train,Class1,0,Placass10308.jpg,data/processed/160x120/Class1/Placass10308.jpg,data/splits/train/Class1/Placass10308.jpg,0
train,Class1,0,Placass11115.jpg,data/processed/160x120/Class1/Placass11115.jpg,data/splits/train/Class1/Placass11115.jpg,0
train,Class1,0,placas1033.jpg,data/processed/160x120/Class1/placas1033.jpg,data/splits/train/Class1/placas1033.jpg,0
train,Class1,0,placas1402.jpg,data/processed/160x120/Class1/placas1402.jpg,data/splits/train/Class1/placas1402.jpg,0
train,Class1,0,Placasm10108.jpg,data/processed/160x120/Class1/Placasm10108.jpg,data/splits/train/Class1/Placasm10108.jpg,0
train,Class1,0,Placas11022.jpg,data/processed/160x120/Class1/Placas11022.jpg,data/splits/train/Class1/Placas11022.jpg,0
train,Class1,0,Placass10146.jpg,data/processed/160x120/Class1/Placass10146.jpg,data/splits/train/Class1/Placass10146.jpg,0
train,Class1,0,placaas11070.jpg,data/processed/160x120/Class1/placaas11070.jpg,data/splits/train/Class1/placaas11070.jpg,0
train,Class1,0,placaas10005.jpg,data/processed/160x120/Class1/placaas10005.jpg,data/splits/train/Class1/placaas10005.jpg,0
train,Class1,0,Placass11553.jpg,data/processed/160x120/Class1/Placass11553.jpg,data/splits/train/Class1/Placass11553.jpg,0
train,Class1,0,Placass11261.jpg,data/processed/160x120/Class1/Placass11261.jpg,data/splits/train/Class1/Placass11261.jpg,0
train,Class1,0,placas1735.jpg,data/processed/160x120/Class1/placas1735.jpg,data/splits/train/Class1/placas1735.jpg,0
train,Class1,0,Placasm10100.jpg,data/processed/160x120/Class1/Placasm10100.jpg,data/splits/train/Class1/Placasm10100.jpg,0
train,Class1,0,Placas11116.jpg,data/processed/160x120/Class1/Placas11116.jpg,data/splits/train/Class1/Placas11116.jpg,0
train,Class1,0,Placasm10876.jpg,data/processed/160x120/Class1/Placasm10876.jpg,data/splits/train/Class1/Placasm10876.jpg,0
train,Class1,0,Placass11239.jpg,data/processed/160x120/Class1/Placass11239.jpg,data/splits/train/Class1/Placass11239.jpg,0
train,Class1,0,Placass11117.jpg,data/processed/160x120/Class1/Placass11117.jpg,data/splits/train/Class1/Placass11117.jpg,0
train,Class1,0,Placass10977.jpg,data/processed/160x120/Class1/Placass10977.jpg,data/splits/train/Class1/Placass10977.jpg,0
train,Class1,0,Placas11106.jpg,data/processed/160x120/Class1/Placas11106.jpg,data/splits/train/Class1/Placas11106.jpg,0
train,Class1,0,placas1094.jpg,data/processed/160x120/Class1/placas1094.jpg,data/splits/train/Class1/placas1094.jpg,0
train,Class1,0,Placass11059.jpg,data/processed/160x120/Class1/Placass11059.jpg,data/splits/train/Class1/Placass11059.jpg,0
train,Class1,0,placaas10751.jpg,data/processed/160x120/Class1/placaas10751.jpg,data/splits/train/Class1/placaas10751.jpg,0
train,Class1,0,Placass10988.jpg,data/processed/160x120/Class1/Placass10988.jpg,data/splits/train/Class1/Placass10988.jpg,0
train,Class1,0,Placass11007.jpg,data/processed/160x120/Class1/Placass11007.jpg,data/splits/train/Class1/Placass11007.jpg,0
train,Class1,0,placaas10022.jpg,data/processed/160x120/Class1/placaas10022.jpg,data/splits/train/Class1/placaas10022.jpg,0
train,Class1,0,Placass10793.jpg,data/processed/160x120/Class1/Placass10793.jpg,data/splits/train/Class1/Placass10793.jpg,0
train,Class1,0,Placass10402.jpg,data/processed/160x120/Class1/Placass10402.jpg,data/splits/train/Class1/Placass10402.jpg,0
train,Class1,0,Placasm10454.jpg,data/processed/160x120/Class1/Placasm10454.jpg,data/splits/train/Class1/Placasm10454.jpg,0
train,Class1,0,placaas11101.jpg,data/processed/160x120/Class1/placaas11101.jpg,data/splits/train/Class1/placaas11101.jpg,0
train,Class1,0,Placasm11030.jpg,data/processed/160x120/Class1/Placasm11030.jpg,data/splits/train/Class1/Placasm11030.jpg,0
train,Class1,0,placaas10253.jpg,data/processed/160x120/Class1/placaas10253.jpg,data/splits/train/Class1/placaas10253.jpg,0
train,Class1,0,placas1344.jpg,data/processed/160x120/Class1/placas1344.jpg,data/splits/train/Class1/placas1344.jpg,0
train,Class1,0,plaacaas1135.jpg,data/processed/160x120/Class1/plaacaas1135.jpg,data/splits/train/Class1/plaacaas1135.jpg,0
train,Class1,0,placaas10414.jpg,data/processed/160x120/Class1/placaas10414.jpg,data/splits/train/Class1/placaas10414.jpg,0
train,Class1,0,placaas10169.jpg,data/processed/160x120/Class1/placaas10169.jpg,data/splits/train/Class1/placaas10169.jpg,0
train,Class1,0,placaas10759.jpg,data/processed/160x120/Class1/placaas10759.jpg,data/splits/train/Class1/placaas10759.jpg,0
train,Class1,0,Placasm10443.jpg,data/processed/160x120/Class1/Placasm10443.jpg,data/splits/train/Class1/Placasm10443.jpg,0
train,Class1,0,Placass10560.jpg,data/processed/160x120/Class1/Placass10560.jpg,data/splits/train/Class1/Placass10560.jpg,0
train,Class1,0,placaas11196.jpg,data/processed/160x120/Class1/placaas11196.jpg,data/splits/train/Class1/placaas11196.jpg,0
train,Class1,0,placas1675.jpg,data/processed/160x120/Class1/placas1675.jpg,data/splits/train/Class1/placas1675.jpg,0
train,Class1,0,placas1305.jpg,data/processed/160x120/Class1/placas1305.jpg,data/splits/train/Class1/placas1305.jpg,0
train,Class1,0,Placass10643.jpg,data/processed/160x120/Class1/Placass10643.jpg,data/splits/train/Class1/Placass10643.jpg,0
train,Class1,0,Placass10852.jpg,data/processed/160x120/Class1/Placass10852.jpg,data/splits/train/Class1/Placass10852.jpg,0
train,Class1,0,Placas11387.jpg,data/processed/160x120/Class1/Placas11387.jpg,data/splits/train/Class1/Placas11387.jpg,0
train,Class1,0,placaas11014.jpg,data/processed/160x120/Class1/placaas11014.jpg,data/splits/train/Class1/placaas11014.jpg,0
train,Class1,0,Placass10040.jpg,data/processed/160x120/Class1/Placass10040.jpg,data/splits/train/Class1/Placass10040.jpg,0
train,Class1,0,Placass10936.jpg,data/processed/160x120/Class1/Placass10936.jpg,data/splits/train/Class1/Placass10936.jpg,0
train,Class1,0,placaas10134.jpg,data/processed/160x120/Class1/placaas10134.jpg,data/splits/train/Class1/placaas10134.jpg,0
train,Class1,0,placas1385.jpg,data/processed/160x120/Class1/placas1385.jpg,data/splits/train/Class1/placas1385.jpg,0
train,Class1,0,placaas10432.jpg,data/processed/160x120/Class1/placaas10432.jpg,data/splits/train/Class1/placaas10432.jpg,0
train,Class1,0,placaas10846.jpg,data/processed/160x120/Class1/placaas10846.jpg,data/splits/train/Class1/placaas10846.jpg,0
train,Class1,0,Placass11415.jpg,data/processed/160x120/Class1/Placass11415.jpg,data/splits/train/Class1/Placass11415.jpg,0
train,Class1,0,placaas10376.jpg,data/processed/160x120/Class1/placaas10376.jpg,data/splits/train/Class1/placaas10376.jpg,0
train,Class1,0,Placass10155.jpg,data/processed/160x120/Class1/Placass10155.jpg,data/splits/train/Class1/Placass10155.jpg,0
train,Class1,0,Placass10343.jpg,data/processed/160x120/Class1/Placass10343.jpg,data/splits/train/Class1/Placass10343.jpg,0
train,Class1,0,plaacaas1218.jpg,data/processed/160x120/Class1/plaacaas1218.jpg,data/splits/train/Class1/plaacaas1218.jpg,0
train,Class1,0,placaas11064.jpg,data/processed/160x120/Class1/placaas11064.jpg,data/splits/train/Class1/placaas11064.jpg,0
train,Class1,0,Placass10089.jpg,data/processed/160x120/Class1/Placass10089.jpg,data/splits/train/Class1/Placass10089.jpg,0
train,Class1,0,Placass11598.jpg,data/processed/160x120/Class1/Placass11598.jpg,data/splits/train/Class1/Placass11598.jpg,0
train,Class1,0,Placass10799.jpg,data/processed/160x120/Class1/Placass10799.jpg,data/splits/train/Class1/Placass10799.jpg,0
train,Class1,0,placaas10183.jpg,data/processed/160x120/Class1/placaas10183.jpg,data/splits/train/Class1/placaas10183.jpg,0
train,Class1,0,placas1705.jpg,data/processed/160x120/Class1/placas1705.jpg,data/splits/train/Class1/placas1705.jpg,0
train,Class1,0,placaas10448.jpg,data/processed/160x120/Class1/placaas10448.jpg,data/splits/train/Class1/placaas10448.jpg,0
train,Class1,0,plaacaas1062.jpg,data/processed/160x120/Class1/plaacaas1062.jpg,data/splits/train/Class1/plaacaas1062.jpg,0
train,Class1,0,Placass10223.jpg,data/processed/160x120/Class1/Placass10223.jpg,data/splits/train/Class1/Placass10223.jpg,0
train,Class1,0,placaas11343.jpg,data/processed/160x120/Class1/placaas11343.jpg,data/splits/train/Class1/placaas11343.jpg,0
train,Class1,0,Placass11397.jpg,data/processed/160x120/Class1/Placass11397.jpg,data/splits/train/Class1/Placass11397.jpg,0
train,Class1,0,Placas11367.jpg,data/processed/160x120/Class1/Placas11367.jpg,data/splits/train/Class1/Placas11367.jpg,0
train,Class1,0,Placass10410.jpg,data/processed/160x120/Class1/Placass10410.jpg,data/splits/train/Class1/Placass10410.jpg,0
train,Class1,0,Placas11353.jpg,data/processed/160x120/Class1/Placas11353.jpg,data/splits/train/Class1/Placas11353.jpg,0
train,Class1,0,Placas11325.jpg,data/processed/160x120/Class1/Placas11325.jpg,data/splits/train/Class1/Placas11325.jpg,0
train,Class1,0,placaas11269.jpg,data/processed/160x120/Class1/placaas11269.jpg,data/splits/train/Class1/placaas11269.jpg,0
train,Class1,0,Placas11251.jpg,data/processed/160x120/Class1/Placas11251.jpg,data/splits/train/Class1/Placas11251.jpg,0
train,Class1,0,Placass10537.jpg,data/processed/160x120/Class1/Placass10537.jpg,data/splits/train/Class1/Placass10537.jpg,0
train,Class1,0,Placass11217.jpg,data/processed/160x120/Class1/Placass11217.jpg,data/splits/train/Class1/Placass11217.jpg,0
train,Class1,0,Placas11559.jpg,data/processed/160x120/Class1/Placas11559.jpg,data/splits/train/Class1/Placas11559.jpg,0
train,Class1,0,Placass10230.jpg,data/processed/160x120/Class1/Placass10230.jpg,data/splits/train/Class1/Placass10230.jpg,0
train,Class1,0,placaas10164.jpg,data/processed/160x120/Class1/placaas10164.jpg,data/splits/train/Class1/placaas10164.jpg,0
train,Class1,0,Placass11144.jpg,data/processed/160x120/Class1/Placass11144.jpg,data/splits/train/Class1/Placass11144.jpg,0
train,Class1,0,Placass11641.jpg,data/processed/160x120/Class1/Placass11641.jpg,data/splits/train/Class1/Placass11641.jpg,0
train,Class1,0,Placass10396.jpg,data/processed/160x120/Class1/Placass10396.jpg,data/splits/train/Class1/Placass10396.jpg,0
train,Class1,0,Placass10043.jpg,data/processed/160x120/Class1/Placass10043.jpg,data/splits/train/Class1/Placass10043.jpg,0
train,Class1,0,Placas11361.jpg,data/processed/160x120/Class1/Placas11361.jpg,data/splits/train/Class1/Placas11361.jpg,0
train,Class1,0,placas1577.jpg,data/processed/160x120/Class1/placas1577.jpg,data/splits/train/Class1/placas1577.jpg,0
train,Class1,0,placaas10543.jpg,data/processed/160x120/Class1/placaas10543.jpg,data/splits/train/Class1/placaas10543.jpg,0
train,Class1,0,placaas10816.jpg,data/processed/160x120/Class1/placaas10816.jpg,data/splits/train/Class1/placaas10816.jpg,0
train,Class1,0,Placass10469.jpg,data/processed/160x120/Class1/Placass10469.jpg,data/splits/train/Class1/Placass10469.jpg,0
train,Class1,0,Placass10112.jpg,data/processed/160x120/Class1/Placass10112.jpg,data/splits/train/Class1/Placass10112.jpg,0
train,Class1,0,placaas10924.jpg,data/processed/160x120/Class1/placaas10924.jpg,data/splits/train/Class1/placaas10924.jpg,0
train,Class1,0,placaas10587.jpg,data/processed/160x120/Class1/placaas10587.jpg,data/splits/train/Class1/placaas10587.jpg,0
train,Class1,0,placaas10677.jpg,data/processed/160x120/Class1/placaas10677.jpg,data/splits/train/Class1/placaas10677.jpg,0
train,Class1,0,Placass10404.jpg,data/processed/160x120/Class1/Placass10404.jpg,data/splits/train/Class1/Placass10404.jpg,0
train,Class1,0,Placasm10372.jpg,data/processed/160x120/Class1/Placasm10372.jpg,data/splits/train/Class1/Placasm10372.jpg,0
train,Class1,0,placaas10023.jpg,data/processed/160x120/Class1/placaas10023.jpg,data/splits/train/Class1/placaas10023.jpg,0
train,Class1,0,Placass10758.jpg,data/processed/160x120/Class1/Placass10758.jpg,data/splits/train/Class1/Placass10758.jpg,0
train,Class1,0,Placass11469.jpg,data/processed/160x120/Class1/Placass11469.jpg,data/splits/train/Class1/Placass11469.jpg,0
train,Class1,0,Placass11093.jpg,data/processed/160x120/Class1/Placass11093.jpg,data/splits/train/Class1/Placass11093.jpg,0
train,Class1,0,placaas10849.jpg,data/processed/160x120/Class1/placaas10849.jpg,data/splits/train/Class1/placaas10849.jpg,0
train,Class1,0,placas1013.jpg,data/processed/160x120/Class1/placas1013.jpg,data/splits/train/Class1/placas1013.jpg,0
train,Class1,0,Placass11259.jpg,data/processed/160x120/Class1/Placass11259.jpg,data/splits/train/Class1/Placass11259.jpg,0
train,Class1,0,placaas10783.jpg,data/processed/160x120/Class1/placaas10783.jpg,data/splits/train/Class1/placaas10783.jpg,0
train,Class1,0,plaacaas1137.jpg,data/processed/160x120/Class1/plaacaas1137.jpg,data/splits/train/Class1/plaacaas1137.jpg,0
train,Class1,0,placas1655.jpg,data/processed/160x120/Class1/placas1655.jpg,data/splits/train/Class1/placas1655.jpg,0
train,Class1,0,placas1553.jpg,data/processed/160x120/Class1/placas1553.jpg,data/splits/train/Class1/placas1553.jpg,0
train,Class1,0,Placass10636.jpg,data/processed/160x120/Class1/Placass10636.jpg,data/splits/train/Class1/Placass10636.jpg,0
train,Class1,0,placaas10049.jpg,data/processed/160x120/Class1/placaas10049.jpg,data/splits/train/Class1/placaas10049.jpg,0
train,Class1,0,placaas11050.jpg,data/processed/160x120/Class1/placaas11050.jpg,data/splits/train/Class1/placaas11050.jpg,0
train,Class1,0,placaas11353.jpg,data/processed/160x120/Class1/placaas11353.jpg,data/splits/train/Class1/placaas11353.jpg,0
train,Class1,0,placaas11161.jpg,data/processed/160x120/Class1/placaas11161.jpg,data/splits/train/Class1/placaas11161.jpg,0
train,Class1,0,plaacaas1232.jpg,data/processed/160x120/Class1/plaacaas1232.jpg,data/splits/train/Class1/plaacaas1232.jpg,0
train,Class1,0,placas1124.jpg,data/processed/160x120/Class1/placas1124.jpg,data/splits/train/Class1/placas1124.jpg,0
train,Class1,0,placas1677.jpg,data/processed/160x120/Class1/placas1677.jpg,data/splits/train/Class1/placas1677.jpg,0
train,Class1,0,placas1689.jpg,data/processed/160x120/Class1/placas1689.jpg,data/splits/train/Class1/placas1689.jpg,0
train,Class1,0,Placass10881.jpg,data/processed/160x120/Class1/Placass10881.jpg,data/splits/train/Class1/Placass10881.jpg,0
train,Class1,0,Placass11036.jpg,data/processed/160x120/Class1/Placass11036.jpg,data/splits/train/Class1/Placass11036.jpg,0
train,Class1,0,Placass11013.jpg,data/processed/160x120/Class1/Placass11013.jpg,data/splits/train/Class1/Placass11013.jpg,0
train,Class1,0,Placasm10995.jpg,data/processed/160x120/Class1/Placasm10995.jpg,data/splits/train/Class1/Placasm10995.jpg,0
train,Class1,0,Placas11468.jpg,data/processed/160x120/Class1/Placas11468.jpg,data/splits/train/Class1/Placas11468.jpg,0
train,Class1,0,Placas11248.jpg,data/processed/160x120/Class1/Placas11248.jpg,data/splits/train/Class1/Placas11248.jpg,0
train,Class1,0,placaas10705.jpg,data/processed/160x120/Class1/placaas10705.jpg,data/splits/train/Class1/placaas10705.jpg,0
train,Class1,0,placaas10484.jpg,data/processed/160x120/Class1/placaas10484.jpg,data/splits/train/Class1/placaas10484.jpg,0
train,Class1,0,Placass10069.jpg,data/processed/160x120/Class1/Placass10069.jpg,data/splits/train/Class1/Placass10069.jpg,0
train,Class1,0,Placas11303.jpg,data/processed/160x120/Class1/Placas11303.jpg,data/splits/train/Class1/Placas11303.jpg,0
train,Class1,0,placaas10426.jpg,data/processed/160x120/Class1/placaas10426.jpg,data/splits/train/Class1/placaas10426.jpg,0
train,Class1,0,plaacaas1143.jpg,data/processed/160x120/Class1/plaacaas1143.jpg,data/splits/train/Class1/plaacaas1143.jpg,0
train,Class1,0,Placass11289.jpg,data/processed/160x120/Class1/Placass11289.jpg,data/splits/train/Class1/Placass11289.jpg,0
train,Class1,0,Placass10586.jpg,data/processed/160x120/Class1/Placass10586.jpg,data/splits/train/Class1/Placass10586.jpg,0
train,Class1,0,plaacaas1226.jpg,data/processed/160x120/Class1/plaacaas1226.jpg,data/splits/train/Class1/plaacaas1226.jpg,0
train,Class1,0,Placass11213.jpg,data/processed/160x120/Class1/Placass11213.jpg,data/splits/train/Class1/Placass11213.jpg,0
train,Class1,0,placaas11357.jpg,data/processed/160x120/Class1/placaas11357.jpg,data/splits/train/Class1/placaas11357.jpg,0
train,Class1,0,Placass10311.jpg,data/processed/160x120/Class1/Placass10311.jpg,data/splits/train/Class1/Placass10311.jpg,0
train,Class1,0,placaas10382.jpg,data/processed/160x120/Class1/placaas10382.jpg,data/splits/train/Class1/placaas10382.jpg,0
train,Class1,0,plaacaas1127.jpg,data/processed/160x120/Class1/plaacaas1127.jpg,data/splits/train/Class1/plaacaas1127.jpg,0
train,Class1,0,Placas11122.jpg,data/processed/160x120/Class1/Placas11122.jpg,data/splits/train/Class1/Placas11122.jpg,0
train,Class1,0,Placass11060.jpg,data/processed/160x120/Class1/Placass11060.jpg,data/splits/train/Class1/Placass11060.jpg,0
train,Class1,0,placas1458.jpg,data/processed/160x120/Class1/placas1458.jpg,data/splits/train/Class1/placas1458.jpg,0
train,Class1,0,placaas10947.jpg,data/processed/160x120/Class1/placaas10947.jpg,data/splits/train/Class1/placaas10947.jpg,0
train,Class1,0,Placass10678.jpg,data/processed/160x120/Class1/Placass10678.jpg,data/splits/train/Class1/Placass10678.jpg,0
train,Class1,0,Placass11122.jpg,data/processed/160x120/Class1/Placass11122.jpg,data/splits/train/Class1/Placass11122.jpg,0
train,Class1,0,Placass11521.jpg,data/processed/160x120/Class1/Placass11521.jpg,data/splits/train/Class1/Placass11521.jpg,0
train,Class1,0,Placass11334.jpg,data/processed/160x120/Class1/Placass11334.jpg,data/splits/train/Class1/Placass11334.jpg,0
train,Class1,0,Placas11164.jpg,data/processed/160x120/Class1/Placas11164.jpg,data/splits/train/Class1/Placas11164.jpg,0
train,Class1,0,placaas10491.jpg,data/processed/160x120/Class1/placaas10491.jpg,data/splits/train/Class1/placaas10491.jpg,0
train,Class1,0,plaacaas1212.jpg,data/processed/160x120/Class1/plaacaas1212.jpg,data/splits/train/Class1/plaacaas1212.jpg,0
train,Class1,0,Placass10629.jpg,data/processed/160x120/Class1/Placass10629.jpg,data/splits/train/Class1/Placass10629.jpg,0
train,Class1,0,Placass10466.jpg,data/processed/160x120/Class1/Placass10466.jpg,data/splits/train/Class1/Placass10466.jpg,0
train,Class1,0,placaas10617.jpg,data/processed/160x120/Class1/placaas10617.jpg,data/splits/train/Class1/placaas10617.jpg,0
train,Class1,0,placas1028.jpg,data/processed/160x120/Class1/placas1028.jpg,data/splits/train/Class1/placas1028.jpg,0
train,Class1,0,Placass10657.jpg,data/processed/160x120/Class1/Placass10657.jpg,data/splits/train/Class1/Placass10657.jpg,0
train,Class1,0,Placass10186.jpg,data/processed/160x120/Class1/Placass10186.jpg,data/splits/train/Class1/Placass10186.jpg,0
train,Class1,0,placas1254.jpg,data/processed/160x120/Class1/placas1254.jpg,data/splits/train/Class1/placas1254.jpg,0
train,Class1,0,placaas11399.jpg,data/processed/160x120/Class1/placaas11399.jpg,data/splits/train/Class1/placaas11399.jpg,0
train,Class1,0,Placass10548.jpg,data/processed/160x120/Class1/Placass10548.jpg,data/splits/train/Class1/Placass10548.jpg,0
train,Class1,0,placas1706.jpg,data/processed/160x120/Class1/placas1706.jpg,data/splits/train/Class1/placas1706.jpg,0
train,Class1,0,Placass11402.jpg,data/processed/160x120/Class1/Placass11402.jpg,data/splits/train/Class1/Placass11402.jpg,0
train,Class1,0,placaas11422.jpg,data/processed/160x120/Class1/placaas11422.jpg,data/splits/train/Class1/placaas11422.jpg,0
train,Class1,0,Placass10690.jpg,data/processed/160x120/Class1/Placass10690.jpg,data/splits/train/Class1/Placass10690.jpg,0
train,Class1,0,placaas11307.jpg,data/processed/160x120/Class1/placaas11307.jpg,data/splits/train/Class1/placaas11307.jpg,0
train,Class1,0,Placass11391.jpg,data/processed/160x120/Class1/Placass11391.jpg,data/splits/train/Class1/Placass11391.jpg,0
train,Class1,0,Placas11469.jpg,data/processed/160x120/Class1/Placas11469.jpg,data/splits/train/Class1/Placas11469.jpg,0
train,Class1,0,Placas11196.jpg,data/processed/160x120/Class1/Placas11196.jpg,data/splits/train/Class1/Placas11196.jpg,0
train,Class1,0,Placasm10852.jpg,data/processed/160x120/Class1/Placasm10852.jpg,data/splits/train/Class1/Placasm10852.jpg,0
train,Class1,0,placas1710.jpg,data/processed/160x120/Class1/placas1710.jpg,data/splits/train/Class1/placas1710.jpg,0
train,Class1,0,placaas11333.jpg,data/processed/160x120/Class1/placaas11333.jpg,data/splits/train/Class1/placaas11333.jpg,0
train,Class1,0,Placass10074.jpg,data/processed/160x120/Class1/Placass10074.jpg,data/splits/train/Class1/Placass10074.jpg,0
train,Class1,0,placaas10687.jpg,data/processed/160x120/Class1/placaas10687.jpg,data/splits/train/Class1/placaas10687.jpg,0
train,Class1,0,Placasm10561.jpg,data/processed/160x120/Class1/Placasm10561.jpg,data/splits/train/Class1/Placasm10561.jpg,0
train,Class1,0,Placass11537.jpg,data/processed/160x120/Class1/Placass11537.jpg,data/splits/train/Class1/Placass11537.jpg,0
train,Class1,0,Placass11541.jpg,data/processed/160x120/Class1/Placass11541.jpg,data/splits/train/Class1/Placass11541.jpg,0
train,Class1,0,Placass10171.jpg,data/processed/160x120/Class1/Placass10171.jpg,data/splits/train/Class1/Placass10171.jpg,0
train,Class1,0,Placas11065.jpg,data/processed/160x120/Class1/Placas11065.jpg,data/splits/train/Class1/Placas11065.jpg,0
train,Class1,0,plaacaas1311.jpg,data/processed/160x120/Class1/plaacaas1311.jpg,data/splits/train/Class1/plaacaas1311.jpg,0
train,Class1,0,Placas11105.jpg,data/processed/160x120/Class1/Placas11105.jpg,data/splits/train/Class1/Placas11105.jpg,0
train,Class1,0,placas1168.jpg,data/processed/160x120/Class1/placas1168.jpg,data/splits/train/Class1/placas1168.jpg,0
train,Class1,0,Placas11406.jpg,data/processed/160x120/Class1/Placas11406.jpg,data/splits/train/Class1/Placas11406.jpg,0
train,Class1,0,Placasm10049.jpg,data/processed/160x120/Class1/Placasm10049.jpg,data/splits/train/Class1/Placasm10049.jpg,0
train,Class1,0,placas1378.jpg,data/processed/160x120/Class1/placas1378.jpg,data/splits/train/Class1/placas1378.jpg,0
train,Class1,0,placaas10031.jpg,data/processed/160x120/Class1/placaas10031.jpg,data/splits/train/Class1/placaas10031.jpg,0
train,Class1,0,plaacaas1169.jpg,data/processed/160x120/Class1/plaacaas1169.jpg,data/splits/train/Class1/plaacaas1169.jpg,0
train,Class1,0,Placas11483.jpg,data/processed/160x120/Class1/Placas11483.jpg,data/splits/train/Class1/Placas11483.jpg,0
train,Class1,0,Placas11537.jpg,data/processed/160x120/Class1/Placas11537.jpg,data/splits/train/Class1/Placas11537.jpg,0
train,Class1,0,plaacaas1043.jpg,data/processed/160x120/Class1/plaacaas1043.jpg,data/splits/train/Class1/plaacaas1043.jpg,0
train,Class1,0,Placasm11017.jpg,data/processed/160x120/Class1/Placasm11017.jpg,data/splits/train/Class1/Placasm11017.jpg,0
train,Class1,0,Placas11010.jpg,data/processed/160x120/Class1/Placas11010.jpg,data/splits/train/Class1/Placas11010.jpg,0
train,Class1,0,Placass10913.jpg,data/processed/160x120/Class1/Placass10913.jpg,data/splits/train/Class1/Placass10913.jpg,0
train,Class1,0,placaas10911.jpg,data/processed/160x120/Class1/placaas10911.jpg,data/splits/train/Class1/placaas10911.jpg,0
train,Class1,0,Placas11546.jpg,data/processed/160x120/Class1/Placas11546.jpg,data/splits/train/Class1/Placas11546.jpg,0
train,Class1,0,Placass11486.jpg,data/processed/160x120/Class1/Placass11486.jpg,data/splits/train/Class1/Placass11486.jpg,0
train,Class1,0,Placass10086.jpg,data/processed/160x120/Class1/Placass10086.jpg,data/splits/train/Class1/Placass10086.jpg,0
train,Class1,0,Placasm10514.jpg,data/processed/160x120/Class1/Placasm10514.jpg,data/splits/train/Class1/Placasm10514.jpg,0
train,Class1,0,plaacaas1077.jpg,data/processed/160x120/Class1/plaacaas1077.jpg,data/splits/train/Class1/plaacaas1077.jpg,0
train,Class1,0,Placass11618.jpg,data/processed/160x120/Class1/Placass11618.jpg,data/splits/train/Class1/Placass11618.jpg,0
train,Class1,0,placaas10791.jpg,data/processed/160x120/Class1/placaas10791.jpg,data/splits/train/Class1/placaas10791.jpg,0
train,Class1,0,placas1619.jpg,data/processed/160x120/Class1/placas1619.jpg,data/splits/train/Class1/placas1619.jpg,0
train,Class1,0,placaas11324.jpg,data/processed/160x120/Class1/placaas11324.jpg,data/splits/train/Class1/placaas11324.jpg,0
train,Class1,0,placaas11112.jpg,data/processed/160x120/Class1/placaas11112.jpg,data/splits/train/Class1/placaas11112.jpg,0
train,Class1,0,Placass11461.jpg,data/processed/160x120/Class1/Placass11461.jpg,data/splits/train/Class1/Placass11461.jpg,0
train,Class1,0,placaas11130.jpg,data/processed/160x120/Class1/placaas11130.jpg,data/splits/train/Class1/placaas11130.jpg,0
train,Class1,0,Placas11255.jpg,data/processed/160x120/Class1/Placas11255.jpg,data/splits/train/Class1/Placas11255.jpg,0
train,Class1,0,placaas10606.jpg,data/processed/160x120/Class1/placaas10606.jpg,data/splits/train/Class1/placaas10606.jpg,0
train,Class1,0,Placass10806.jpg,data/processed/160x120/Class1/Placass10806.jpg,data/splits/train/Class1/Placass10806.jpg,0
train,Class1,0,placaas10934.jpg,data/processed/160x120/Class1/placaas10934.jpg,data/splits/train/Class1/placaas10934.jpg,0
train,Class1,0,Placas11465.jpg,data/processed/160x120/Class1/Placas11465.jpg,data/splits/train/Class1/Placas11465.jpg,0
train,Class1,0,Placasm10594.jpg,data/processed/160x120/Class1/Placasm10594.jpg,data/splits/train/Class1/Placasm10594.jpg,0
train,Class1,0,Placass10098.jpg,data/processed/160x120/Class1/Placass10098.jpg,data/splits/train/Class1/Placass10098.jpg,0
train,Class1,0,Placass11533.jpg,data/processed/160x120/Class1/Placass11533.jpg,data/splits/train/Class1/Placass11533.jpg,0
train,Class1,0,Placas11192.jpg,data/processed/160x120/Class1/Placas11192.jpg,data/splits/train/Class1/Placas11192.jpg,0
train,Class1,0,Placas11085.jpg,data/processed/160x120/Class1/Placas11085.jpg,data/splits/train/Class1/Placas11085.jpg,0
train,Class1,0,placaas10294.jpg,data/processed/160x120/Class1/placaas10294.jpg,data/splits/train/Class1/placaas10294.jpg,0
train,Class1,0,placaas10954.jpg,data/processed/160x120/Class1/placaas10954.jpg,data/splits/train/Class1/placaas10954.jpg,0
train,Class1,0,Placass11057.jpg,data/processed/160x120/Class1/Placass11057.jpg,data/splits/train/Class1/Placass11057.jpg,0
train,Class1,0,Placasm10346.jpg,data/processed/160x120/Class1/Placasm10346.jpg,data/splits/train/Class1/Placasm10346.jpg,0
train,Class1,0,Placass11133.jpg,data/processed/160x120/Class1/Placass11133.jpg,data/splits/train/Class1/Placass11133.jpg,0
train,Class1,0,placas1607.jpg,data/processed/160x120/Class1/placas1607.jpg,data/splits/train/Class1/placas1607.jpg,0
train,Class1,0,plaacaas1238.jpg,data/processed/160x120/Class1/plaacaas1238.jpg,data/splits/train/Class1/plaacaas1238.jpg,0
train,Class1,0,placaas10163.jpg,data/processed/160x120/Class1/placaas10163.jpg,data/splits/train/Class1/placaas10163.jpg,0
train,Class1,0,plaacaas1017.jpg,data/processed/160x120/Class1/plaacaas1017.jpg,data/splits/train/Class1/plaacaas1017.jpg,0
train,Class1,0,Placas11453.jpg,data/processed/160x120/Class1/Placas11453.jpg,data/splits/train/Class1/Placas11453.jpg,0
train,Class1,0,Placasm10179.jpg,data/processed/160x120/Class1/Placasm10179.jpg,data/splits/train/Class1/Placasm10179.jpg,0
train,Class1,0,Placasm11005.jpg,data/processed/160x120/Class1/Placasm11005.jpg,data/splits/train/Class1/Placasm11005.jpg,0
train,Class1,0,placaas11052.jpg,data/processed/160x120/Class1/placaas11052.jpg,data/splits/train/Class1/placaas11052.jpg,0
train,Class1,0,Placas11224.jpg,data/processed/160x120/Class1/Placas11224.jpg,data/splits/train/Class1/Placas11224.jpg,0
train,Class1,0,placaas10629.jpg,data/processed/160x120/Class1/placaas10629.jpg,data/splits/train/Class1/placaas10629.jpg,0
train,Class1,0,placaas10997.jpg,data/processed/160x120/Class1/placaas10997.jpg,data/splits/train/Class1/placaas10997.jpg,0
train,Class1,0,placaas10482.jpg,data/processed/160x120/Class1/placaas10482.jpg,data/splits/train/Class1/placaas10482.jpg,0
train,Class1,0,Placass10211.jpg,data/processed/160x120/Class1/Placass10211.jpg,data/splits/train/Class1/Placass10211.jpg,0
train,Class1,0,placaas10063.jpg,data/processed/160x120/Class1/placaas10063.jpg,data/splits/train/Class1/placaas10063.jpg,0
train,Class1,0,Placas11375.jpg,data/processed/160x120/Class1/Placas11375.jpg,data/splits/train/Class1/Placas11375.jpg,0
train,Class1,0,Placass10187.jpg,data/processed/160x120/Class1/Placass10187.jpg,data/splits/train/Class1/Placass10187.jpg,0
train,Class1,0,placaas11271.jpg,data/processed/160x120/Class1/placaas11271.jpg,data/splits/train/Class1/placaas11271.jpg,0
train,Class1,0,Placasm10545.jpg,data/processed/160x120/Class1/Placasm10545.jpg,data/splits/train/Class1/Placasm10545.jpg,0
train,Class1,0,Placass10446.jpg,data/processed/160x120/Class1/Placass10446.jpg,data/splits/train/Class1/Placass10446.jpg,0
train,Class1,0,Placass10444.jpg,data/processed/160x120/Class1/Placass10444.jpg,data/splits/train/Class1/Placass10444.jpg,0
train,Class1,0,placaas11173.jpg,data/processed/160x120/Class1/placaas11173.jpg,data/splits/train/Class1/placaas11173.jpg,0
train,Class1,0,placaas11392.jpg,data/processed/160x120/Class1/placaas11392.jpg,data/splits/train/Class1/placaas11392.jpg,0
train,Class1,0,placaas10106.jpg,data/processed/160x120/Class1/placaas10106.jpg,data/splits/train/Class1/placaas10106.jpg,0
train,Class1,0,Placas11127.jpg,data/processed/160x120/Class1/Placas11127.jpg,data/splits/train/Class1/Placas11127.jpg,0
train,Class1,0,Placasm11033.jpg,data/processed/160x120/Class1/Placasm11033.jpg,data/splits/train/Class1/Placasm11033.jpg,0
train,Class1,0,Placass10330.jpg,data/processed/160x120/Class1/Placass10330.jpg,data/splits/train/Class1/Placass10330.jpg,0
train,Class1,0,Placass10993.jpg,data/processed/160x120/Class1/Placass10993.jpg,data/splits/train/Class1/Placass10993.jpg,0
train,Class1,0,placaas11046.jpg,data/processed/160x120/Class1/placaas11046.jpg,data/splits/train/Class1/placaas11046.jpg,0
train,Class1,0,Placass11688.jpg,data/processed/160x120/Class1/Placass11688.jpg,data/splits/train/Class1/Placass11688.jpg,0
train,Class1,0,Placas11374.jpg,data/processed/160x120/Class1/Placas11374.jpg,data/splits/train/Class1/Placas11374.jpg,0
train,Class1,0,Placass11108.jpg,data/processed/160x120/Class1/Placass11108.jpg,data/splits/train/Class1/Placass11108.jpg,0
train,Class1,0,Placass10359.jpg,data/processed/160x120/Class1/Placass10359.jpg,data/splits/train/Class1/Placass10359.jpg,0
train,Class1,0,placaas11259.jpg,data/processed/160x120/Class1/placaas11259.jpg,data/splits/train/Class1/placaas11259.jpg,0
train,Class1,0,Placas11566.jpg,data/processed/160x120/Class1/Placas11566.jpg,data/splits/train/Class1/Placas11566.jpg,0
train,Class1,0,Placass11333.jpg,data/processed/160x120/Class1/Placass11333.jpg,data/splits/train/Class1/Placass11333.jpg,0
train,Class1,0,Placass11392.jpg,data/processed/160x120/Class1/Placass11392.jpg,data/splits/train/Class1/Placass11392.jpg,0
train,Class1,0,placas1319.jpg,data/processed/160x120/Class1/placas1319.jpg,data/splits/train/Class1/placas1319.jpg,0
train,Class1,0,placas1554.jpg,data/processed/160x120/Class1/placas1554.jpg,data/splits/train/Class1/placas1554.jpg,0
train,Class1,0,placaas10742.jpg,data/processed/160x120/Class1/placaas10742.jpg,data/splits/train/Class1/placaas10742.jpg,0
train,Class1,0,Placass11247.jpg,data/processed/160x120/Class1/Placass11247.jpg,data/splits/train/Class1/Placass11247.jpg,0
train,Class1,0,Placass11393.jpg,data/processed/160x120/Class1/Placass11393.jpg,data/splits/train/Class1/Placass11393.jpg,0
train,Class1,0,Placass11166.jpg,data/processed/160x120/Class1/Placass11166.jpg,data/splits/train/Class1/Placass11166.jpg,0
train,Class1,0,Placass10218.jpg,data/processed/160x120/Class1/Placass10218.jpg,data/splits/train/Class1/Placass10218.jpg,0
train,Class1,0,Placass10470.jpg,data/processed/160x120/Class1/Placass10470.jpg,data/splits/train/Class1/Placass10470.jpg,0
train,Class1,0,placaas10635.jpg,data/processed/160x120/Class1/placaas10635.jpg,data/splits/train/Class1/placaas10635.jpg,0
train,Class1,0,Placas11503.jpg,data/processed/160x120/Class1/Placas11503.jpg,data/splits/train/Class1/Placas11503.jpg,0
train,Class1,0,Placass10723.jpg,data/processed/160x120/Class1/Placass10723.jpg,data/splits/train/Class1/Placass10723.jpg,0
train,Class1,0,placaas10993.jpg,data/processed/160x120/Class1/placaas10993.jpg,data/splits/train/Class1/placaas10993.jpg,0
train,Class1,0,Placasm10529.jpg,data/processed/160x120/Class1/Placasm10529.jpg,data/splits/train/Class1/Placasm10529.jpg,0
train,Class1,0,Placas11371.jpg,data/processed/160x120/Class1/Placas11371.jpg,data/splits/train/Class1/Placas11371.jpg,0
train,Class1,0,placas1264.jpg,data/processed/160x120/Class1/placas1264.jpg,data/splits/train/Class1/placas1264.jpg,0
train,Class1,0,placaas11404.jpg,data/processed/160x120/Class1/placaas11404.jpg,data/splits/train/Class1/placaas11404.jpg,0
train,Class1,0,placaas10248.jpg,data/processed/160x120/Class1/placaas10248.jpg,data/splits/train/Class1/placaas10248.jpg,0
train,Class1,0,Placas11142.jpg,data/processed/160x120/Class1/Placas11142.jpg,data/splits/train/Class1/Placas11142.jpg,0
train,Class1,0,Placas11170.jpg,data/processed/160x120/Class1/Placas11170.jpg,data/splits/train/Class1/Placas11170.jpg,0
train,Class1,0,placaas11141.jpg,data/processed/160x120/Class1/placaas11141.jpg,data/splits/train/Class1/placaas11141.jpg,0
train,Class1,0,Placas11427.jpg,data/processed/160x120/Class1/Placas11427.jpg,data/splits/train/Class1/Placas11427.jpg,0
train,Class1,0,placaas11387.jpg,data/processed/160x120/Class1/placaas11387.jpg,data/splits/train/Class1/placaas11387.jpg,0
train,Class1,0,Placass11088.jpg,data/processed/160x120/Class1/Placass11088.jpg,data/splits/train/Class1/Placass11088.jpg,0
train,Class1,0,placaas10098.jpg,data/processed/160x120/Class1/placaas10098.jpg,data/splits/train/Class1/placaas10098.jpg,0
train,Class1,0,Placass11257.jpg,data/processed/160x120/Class1/Placass11257.jpg,data/splits/train/Class1/Placass11257.jpg,0
train,Class1,0,plaacaas1309.jpg,data/processed/160x120/Class1/plaacaas1309.jpg,data/splits/train/Class1/plaacaas1309.jpg,0
train,Class1,0,Placass10505.jpg,data/processed/160x120/Class1/Placass10505.jpg,data/splits/train/Class1/Placass10505.jpg,0
train,Class1,0,placaas10172.jpg,data/processed/160x120/Class1/placaas10172.jpg,data/splits/train/Class1/placaas10172.jpg,0
train,Class1,0,Placass11044.jpg,data/processed/160x120/Class1/Placass11044.jpg,data/splits/train/Class1/Placass11044.jpg,0
train,Class1,0,Placas11238.jpg,data/processed/160x120/Class1/Placas11238.jpg,data/splits/train/Class1/Placas11238.jpg,0
train,Class1,0,Placass11079.jpg,data/processed/160x120/Class1/Placass11079.jpg,data/splits/train/Class1/Placass11079.jpg,0
train,Class1,0,Placasm10430.jpg,data/processed/160x120/Class1/Placasm10430.jpg,data/splits/train/Class1/Placasm10430.jpg,0
train,Class1,0,Placass10980.jpg,data/processed/160x120/Class1/Placass10980.jpg,data/splits/train/Class1/Placass10980.jpg,0
train,Class1,0,plaacaas1214.jpg,data/processed/160x120/Class1/plaacaas1214.jpg,data/splits/train/Class1/plaacaas1214.jpg,0
train,Class1,0,Placass10085.jpg,data/processed/160x120/Class1/Placass10085.jpg,data/splits/train/Class1/Placass10085.jpg,0
train,Class1,0,Placass10798.jpg,data/processed/160x120/Class1/Placass10798.jpg,data/splits/train/Class1/Placass10798.jpg,0
train,Class1,0,placaas10396.jpg,data/processed/160x120/Class1/placaas10396.jpg,data/splits/train/Class1/placaas10396.jpg,0
train,Class1,0,Placass11002.jpg,data/processed/160x120/Class1/Placass11002.jpg,data/splits/train/Class1/Placass11002.jpg,0
train,Class1,0,placaas10918.jpg,data/processed/160x120/Class1/placaas10918.jpg,data/splits/train/Class1/placaas10918.jpg,0
train,Class1,0,Placass10531.jpg,data/processed/160x120/Class1/Placass10531.jpg,data/splits/train/Class1/Placass10531.jpg,0
train,Class1,0,Placasm10521.jpg,data/processed/160x120/Class1/Placasm10521.jpg,data/splits/train/Class1/Placasm10521.jpg,0
train,Class1,0,placaas10841.jpg,data/processed/160x120/Class1/placaas10841.jpg,data/splits/train/Class1/placaas10841.jpg,0
train,Class1,0,placas1127.jpg,data/processed/160x120/Class1/placas1127.jpg,data/splits/train/Class1/placas1127.jpg,0
train,Class1,0,Placass10219.jpg,data/processed/160x120/Class1/Placass10219.jpg,data/splits/train/Class1/Placass10219.jpg,0
train,Class1,0,Placass11050.jpg,data/processed/160x120/Class1/Placass11050.jpg,data/splits/train/Class1/Placass11050.jpg,0
train,Class1,0,Placass11654.jpg,data/processed/160x120/Class1/Placass11654.jpg,data/splits/train/Class1/Placass11654.jpg,0
train,Class1,0,placaas10323.jpg,data/processed/160x120/Class1/placaas10323.jpg,data/splits/train/Class1/placaas10323.jpg,0
train,Class1,0,Placass10880.jpg,data/processed/160x120/Class1/Placass10880.jpg,data/splits/train/Class1/Placass10880.jpg,0
train,Class1,0,placaas10391.jpg,data/processed/160x120/Class1/placaas10391.jpg,data/splits/train/Class1/placaas10391.jpg,0
train,Class1,0,placaas10876.jpg,data/processed/160x120/Class1/placaas10876.jpg,data/splits/train/Class1/placaas10876.jpg,0
train,Class1,0,Placass11411.jpg,data/processed/160x120/Class1/Placass11411.jpg,data/splits/train/Class1/Placass11411.jpg,0
train,Class1,0,placaas10722.jpg,data/processed/160x120/Class1/placaas10722.jpg,data/splits/train/Class1/placaas10722.jpg,0
train,Class1,0,Placass10213.jpg,data/processed/160x120/Class1/Placass10213.jpg,data/splits/train/Class1/Placass10213.jpg,0
train,Class1,0,placas1383.jpg,data/processed/160x120/Class1/placas1383.jpg,data/splits/train/Class1/placas1383.jpg,0
train,Class1,0,Placas11459.jpg,data/processed/160x120/Class1/Placas11459.jpg,data/splits/train/Class1/Placas11459.jpg,0
train,Class1,0,Placass10720.jpg,data/processed/160x120/Class1/Placass10720.jpg,data/splits/train/Class1/Placass10720.jpg,0
train,Class1,0,placas1154.jpg,data/processed/160x120/Class1/placas1154.jpg,data/splits/train/Class1/placas1154.jpg,0
train,Class1,0,Placas11061.jpg,data/processed/160x120/Class1/Placas11061.jpg,data/splits/train/Class1/Placas11061.jpg,0
train,Class1,0,Placass10293.jpg,data/processed/160x120/Class1/Placass10293.jpg,data/splits/train/Class1/Placass10293.jpg,0
train,Class1,0,Placass11544.jpg,data/processed/160x120/Class1/Placass11544.jpg,data/splits/train/Class1/Placass11544.jpg,0
train,Class1,0,placaas11042.jpg,data/processed/160x120/Class1/placaas11042.jpg,data/splits/train/Class1/placaas11042.jpg,0
train,Class1,0,placaas10347.jpg,data/processed/160x120/Class1/placaas10347.jpg,data/splits/train/Class1/placaas10347.jpg,0
train,Class1,0,placaas11194.jpg,data/processed/160x120/Class1/placaas11194.jpg,data/splits/train/Class1/placaas11194.jpg,0
train,Class1,0,plaacaas1261.jpg,data/processed/160x120/Class1/plaacaas1261.jpg,data/splits/train/Class1/plaacaas1261.jpg,0
train,Class1,0,placas1039.jpg,data/processed/160x120/Class1/placas1039.jpg,data/splits/train/Class1/placas1039.jpg,0
train,Class1,0,Placass10300.jpg,data/processed/160x120/Class1/Placass10300.jpg,data/splits/train/Class1/Placass10300.jpg,0
train,Class1,0,Placass11174.jpg,data/processed/160x120/Class1/Placass11174.jpg,data/splits/train/Class1/Placass11174.jpg,0
train,Class1,0,placaas10752.jpg,data/processed/160x120/Class1/placaas10752.jpg,data/splits/train/Class1/placaas10752.jpg,0
train,Class1,0,Placass11180.jpg,data/processed/160x120/Class1/Placass11180.jpg,data/splits/train/Class1/Placass11180.jpg,0
train,Class1,0,plaacaas1047.jpg,data/processed/160x120/Class1/plaacaas1047.jpg,data/splits/train/Class1/plaacaas1047.jpg,0
train,Class1,0,Placasm10453.jpg,data/processed/160x120/Class1/Placasm10453.jpg,data/splits/train/Class1/Placasm10453.jpg,0
train,Class1,0,Placass11426.jpg,data/processed/160x120/Class1/Placass11426.jpg,data/splits/train/Class1/Placass11426.jpg,0
train,Class1,0,Placas11520.jpg,data/processed/160x120/Class1/Placas11520.jpg,data/splits/train/Class1/Placas11520.jpg,0
train,Class1,0,Placas11277.jpg,data/processed/160x120/Class1/Placas11277.jpg,data/splits/train/Class1/Placas11277.jpg,0
train,Class1,0,Placass10524.jpg,data/processed/160x120/Class1/Placass10524.jpg,data/splits/train/Class1/Placass10524.jpg,0
train,Class1,0,Placas11421.jpg,data/processed/160x120/Class1/Placas11421.jpg,data/splits/train/Class1/Placas11421.jpg,0
train,Class1,0,placaas10139.jpg,data/processed/160x120/Class1/placaas10139.jpg,data/splits/train/Class1/placaas10139.jpg,0
train,Class1,0,Placass10111.jpg,data/processed/160x120/Class1/Placass10111.jpg,data/splits/train/Class1/Placass10111.jpg,0
train,Class1,0,plaacaas1083.jpg,data/processed/160x120/Class1/plaacaas1083.jpg,data/splits/train/Class1/plaacaas1083.jpg,0
train,Class1,0,Placass11403.jpg,data/processed/160x120/Class1/Placass11403.jpg,data/splits/train/Class1/Placass11403.jpg,0
train,Class1,0,placaas10984.jpg,data/processed/160x120/Class1/placaas10984.jpg,data/splits/train/Class1/placaas10984.jpg,0
train,Class1,0,Placass11597.jpg,data/processed/160x120/Class1/Placass11597.jpg,data/splits/train/Class1/Placass11597.jpg,0
train,Class1,0,placaas10165.jpg,data/processed/160x120/Class1/placaas10165.jpg,data/splits/train/Class1/placaas10165.jpg,0
train,Class1,0,placaas11231.jpg,data/processed/160x120/Class1/placaas11231.jpg,data/splits/train/Class1/placaas11231.jpg,0
train,Class1,0,placaas10231.jpg,data/processed/160x120/Class1/placaas10231.jpg,data/splits/train/Class1/placaas10231.jpg,0
train,Class1,0,Placasm10751.jpg,data/processed/160x120/Class1/Placasm10751.jpg,data/splits/train/Class1/Placasm10751.jpg,0
train,Class1,0,Placas11605.jpg,data/processed/160x120/Class1/Placas11605.jpg,data/splits/train/Class1/Placas11605.jpg,0
train,Class1,0,Placass11676.jpg,data/processed/160x120/Class1/Placass11676.jpg,data/splits/train/Class1/Placass11676.jpg,0
train,Class1,0,Placasm10978.jpg,data/processed/160x120/Class1/Placasm10978.jpg,data/splits/train/Class1/Placasm10978.jpg,0
train,Class1,0,placaas10333.jpg,data/processed/160x120/Class1/placaas10333.jpg,data/splits/train/Class1/placaas10333.jpg,0
train,Class1,0,Placass10618.jpg,data/processed/160x120/Class1/Placass10618.jpg,data/splits/train/Class1/Placass10618.jpg,0
train,Class1,0,placaas11175.jpg,data/processed/160x120/Class1/placaas11175.jpg,data/splits/train/Class1/placaas11175.jpg,0
train,Class1,0,Placass10208.jpg,data/processed/160x120/Class1/Placass10208.jpg,data/splits/train/Class1/Placass10208.jpg,0
train,Class1,0,placaas10387.jpg,data/processed/160x120/Class1/placaas10387.jpg,data/splits/train/Class1/placaas10387.jpg,0
train,Class1,0,Placass10727.jpg,data/processed/160x120/Class1/Placass10727.jpg,data/splits/train/Class1/Placass10727.jpg,0
train,Class1,0,Placass11531.jpg,data/processed/160x120/Class1/Placass11531.jpg,data/splits/train/Class1/Placass11531.jpg,0
train,Class1,0,Placas11491.jpg,data/processed/160x120/Class1/Placas11491.jpg,data/splits/train/Class1/Placas11491.jpg,0
train,Class1,0,placaas10193.jpg,data/processed/160x120/Class1/placaas10193.jpg,data/splits/train/Class1/placaas10193.jpg,0
train,Class1,0,Placasm10053.jpg,data/processed/160x120/Class1/Placasm10053.jpg,data/splits/train/Class1/Placasm10053.jpg,0
train,Class1,0,Placass10360.jpg,data/processed/160x120/Class1/Placass10360.jpg,data/splits/train/Class1/Placass10360.jpg,0
train,Class1,0,Placass11405.jpg,data/processed/160x120/Class1/Placass11405.jpg,data/splits/train/Class1/Placass11405.jpg,0
train,Class1,0,placas1520.jpg,data/processed/160x120/Class1/placas1520.jpg,data/splits/train/Class1/placas1520.jpg,0
train,Class1,0,placaas10073.jpg,data/processed/160x120/Class1/placaas10073.jpg,data/splits/train/Class1/placaas10073.jpg,0
train,Class1,0,placaas10425.jpg,data/processed/160x120/Class1/placaas10425.jpg,data/splits/train/Class1/placaas10425.jpg,0
train,Class1,0,Placas11341.jpg,data/processed/160x120/Class1/Placas11341.jpg,data/splits/train/Class1/Placas11341.jpg,0
train,Class1,0,Placas11490.jpg,data/processed/160x120/Class1/Placas11490.jpg,data/splits/train/Class1/Placas11490.jpg,0
train,Class1,0,Placass11365.jpg,data/processed/160x120/Class1/Placass11365.jpg,data/splits/train/Class1/Placass11365.jpg,0
train,Class1,0,Placass10206.jpg,data/processed/160x120/Class1/Placass10206.jpg,data/splits/train/Class1/Placass10206.jpg,0
train,Class1,0,Placass10858.jpg,data/processed/160x120/Class1/Placass10858.jpg,data/splits/train/Class1/Placass10858.jpg,0
train,Class1,0,Placas11128.jpg,data/processed/160x120/Class1/Placas11128.jpg,data/splits/train/Class1/Placas11128.jpg,0
train,Class1,0,placas1176.jpg,data/processed/160x120/Class1/placas1176.jpg,data/splits/train/Class1/placas1176.jpg,0
train,Class1,0,Placass11538.jpg,data/processed/160x120/Class1/Placass11538.jpg,data/splits/train/Class1/Placass11538.jpg,0
train,Class1,0,placas1371.jpg,data/processed/160x120/Class1/placas1371.jpg,data/splits/train/Class1/placas1371.jpg,0
train,Class1,0,placaas10914.jpg,data/processed/160x120/Class1/placaas10914.jpg,data/splits/train/Class1/placaas10914.jpg,0
train,Class1,0,Placass11073.jpg,data/processed/160x120/Class1/Placass11073.jpg,data/splits/train/Class1/Placass11073.jpg,0
train,Class1,0,placaas11135.jpg,data/processed/160x120/Class1/placaas11135.jpg,data/splits/train/Class1/placaas11135.jpg,0
train,Class1,0,plaacaas1180.jpg,data/processed/160x120/Class1/plaacaas1180.jpg,data/splits/train/Class1/plaacaas1180.jpg,0
train,Class1,0,Placas11370.jpg,data/processed/160x120/Class1/Placas11370.jpg,data/splits/train/Class1/Placas11370.jpg,0
train,Class1,0,placaas11385.jpg,data/processed/160x120/Class1/placaas11385.jpg,data/splits/train/Class1/placaas11385.jpg,0
train,Class1,0,placaas10203.jpg,data/processed/160x120/Class1/placaas10203.jpg,data/splits/train/Class1/placaas10203.jpg,0
train,Class1,0,placaas10901.jpg,data/processed/160x120/Class1/placaas10901.jpg,data/splits/train/Class1/placaas10901.jpg,0
train,Class1,0,placaas11030.jpg,data/processed/160x120/Class1/placaas11030.jpg,data/splits/train/Class1/placaas11030.jpg,0
train,Class1,0,placaas10433.jpg,data/processed/160x120/Class1/placaas10433.jpg,data/splits/train/Class1/placaas10433.jpg,0
train,Class1,0,placaas10325.jpg,data/processed/160x120/Class1/placaas10325.jpg,data/splits/train/Class1/placaas10325.jpg,0
train,Class1,0,Placass11313.jpg,data/processed/160x120/Class1/Placass11313.jpg,data/splits/train/Class1/Placass11313.jpg,0
train,Class1,0,Placass11430.jpg,data/processed/160x120/Class1/Placass11430.jpg,data/splits/train/Class1/Placass11430.jpg,0
train,Class1,0,Placass11183.jpg,data/processed/160x120/Class1/Placass11183.jpg,data/splits/train/Class1/Placass11183.jpg,0
train,Class1,0,Placasm10690.jpg,data/processed/160x120/Class1/Placasm10690.jpg,data/splits/train/Class1/Placasm10690.jpg,0
train,Class1,0,placaas11059.jpg,data/processed/160x120/Class1/placaas11059.jpg,data/splits/train/Class1/placaas11059.jpg,0
train,Class1,0,Placasm10180.jpg,data/processed/160x120/Class1/Placasm10180.jpg,data/splits/train/Class1/Placasm10180.jpg,0
train,Class1,0,placaas10257.jpg,data/processed/160x120/Class1/placaas10257.jpg,data/splits/train/Class1/placaas10257.jpg,0
train,Class1,0,Placasm10406.jpg,data/processed/160x120/Class1/Placasm10406.jpg,data/splits/train/Class1/Placasm10406.jpg,0
train,Class1,0,placaas10745.jpg,data/processed/160x120/Class1/placaas10745.jpg,data/splits/train/Class1/placaas10745.jpg,0
train,Class1,0,placas1049.jpg,data/processed/160x120/Class1/placas1049.jpg,data/splits/train/Class1/placas1049.jpg,0
train,Class1,0,Placass10969.jpg,data/processed/160x120/Class1/Placass10969.jpg,data/splits/train/Class1/Placass10969.jpg,0
train,Class1,0,Placasm10493.jpg,data/processed/160x120/Class1/Placasm10493.jpg,data/splits/train/Class1/Placasm10493.jpg,0
train,Class1,0,placaas11025.jpg,data/processed/160x120/Class1/placaas11025.jpg,data/splits/train/Class1/placaas11025.jpg,0
train,Class1,0,Placass11494.jpg,data/processed/160x120/Class1/Placass11494.jpg,data/splits/train/Class1/Placass11494.jpg,0
train,Class1,0,Placasm11086.jpg,data/processed/160x120/Class1/Placasm11086.jpg,data/splits/train/Class1/Placasm11086.jpg,0
train,Class1,0,placas1194.jpg,data/processed/160x120/Class1/placas1194.jpg,data/splits/train/Class1/placas1194.jpg,0
train,Class1,0,plaacaas1181.jpg,data/processed/160x120/Class1/plaacaas1181.jpg,data/splits/train/Class1/plaacaas1181.jpg,0
train,Class1,0,Placass11685.jpg,data/processed/160x120/Class1/Placass11685.jpg,data/splits/train/Class1/Placass11685.jpg,0
train,Class1,0,Placass10604.jpg,data/processed/160x120/Class1/Placass10604.jpg,data/splits/train/Class1/Placass10604.jpg,0
train,Class1,0,Placass11401.jpg,data/processed/160x120/Class1/Placass11401.jpg,data/splits/train/Class1/Placass11401.jpg,0
train,Class1,0,Placass10961.jpg,data/processed/160x120/Class1/Placass10961.jpg,data/splits/train/Class1/Placass10961.jpg,0
train,Class1,0,plaacaas1200.jpg,data/processed/160x120/Class1/plaacaas1200.jpg,data/splits/train/Class1/plaacaas1200.jpg,0
train,Class1,0,placaas11049.jpg,data/processed/160x120/Class1/placaas11049.jpg,data/splits/train/Class1/placaas11049.jpg,0
train,Class1,0,Placass11400.jpg,data/processed/160x120/Class1/Placass11400.jpg,data/splits/train/Class1/Placass11400.jpg,0
train,Class1,0,Placass11502.jpg,data/processed/160x120/Class1/Placass11502.jpg,data/splits/train/Class1/Placass11502.jpg,0
train,Class1,0,placaas11304.jpg,data/processed/160x120/Class1/placaas11304.jpg,data/splits/train/Class1/placaas11304.jpg,0
train,Class1,0,plaacaas1061.jpg,data/processed/160x120/Class1/plaacaas1061.jpg,data/splits/train/Class1/plaacaas1061.jpg,0
train,Class1,0,placaas10638.jpg,data/processed/160x120/Class1/placaas10638.jpg,data/splits/train/Class1/placaas10638.jpg,0
train,Class1,0,Placas11026.jpg,data/processed/160x120/Class1/Placas11026.jpg,data/splits/train/Class1/Placas11026.jpg,0
train,Class1,0,Placasm10992.jpg,data/processed/160x120/Class1/Placasm10992.jpg,data/splits/train/Class1/Placasm10992.jpg,0
train,Class1,0,placaas10511.jpg,data/processed/160x120/Class1/placaas10511.jpg,data/splits/train/Class1/placaas10511.jpg,0
train,Class1,0,Placass11120.jpg,data/processed/160x120/Class1/Placass11120.jpg,data/splits/train/Class1/Placass11120.jpg,0
train,Class1,0,placaas10312.jpg,data/processed/160x120/Class1/placaas10312.jpg,data/splits/train/Class1/placaas10312.jpg,0
train,Class1,0,Placas11089.jpg,data/processed/160x120/Class1/Placas11089.jpg,data/splits/train/Class1/Placas11089.jpg,0
train,Class1,0,placaas11023.jpg,data/processed/160x120/Class1/placaas11023.jpg,data/splits/train/Class1/placaas11023.jpg,0
train,Class1,0,placaas11206.jpg,data/processed/160x120/Class1/placaas11206.jpg,data/splits/train/Class1/placaas11206.jpg,0
train,Class1,0,Placasm11180.jpg,data/processed/160x120/Class1/Placasm11180.jpg,data/splits/train/Class1/Placasm11180.jpg,0
train,Class1,0,placaas10199.jpg,data/processed/160x120/Class1/placaas10199.jpg,data/splits/train/Class1/placaas10199.jpg,0
train,Class1,0,Placass10176.jpg,data/processed/160x120/Class1/Placass10176.jpg,data/splits/train/Class1/Placass10176.jpg,0
train,Class1,0,Placass10832.jpg,data/processed/160x120/Class1/Placass10832.jpg,data/splits/train/Class1/Placass10832.jpg,0
train,Class1,0,Placass10256.jpg,data/processed/160x120/Class1/Placass10256.jpg,data/splits/train/Class1/Placass10256.jpg,0
train,Class1,0,placaas10569.jpg,data/processed/160x120/Class1/placaas10569.jpg,data/splits/train/Class1/placaas10569.jpg,0
train,Class1,0,Placas11397.jpg,data/processed/160x120/Class1/Placas11397.jpg,data/splits/train/Class1/Placas11397.jpg,0
train,Class1,0,Placass10562.jpg,data/processed/160x120/Class1/Placass10562.jpg,data/splits/train/Class1/Placass10562.jpg,0
train,Class1,0,placaas10992.jpg,data/processed/160x120/Class1/placaas10992.jpg,data/splits/train/Class1/placaas10992.jpg,0
train,Class1,0,placas1610.jpg,data/processed/160x120/Class1/placas1610.jpg,data/splits/train/Class1/placas1610.jpg,0
train,Class1,0,Placasm10257.jpg,data/processed/160x120/Class1/Placasm10257.jpg,data/splits/train/Class1/Placasm10257.jpg,0
train,Class1,0,Placass10008.jpg,data/processed/160x120/Class1/Placass10008.jpg,data/splits/train/Class1/Placass10008.jpg,0
train,Class1,0,placas1661.jpg,data/processed/160x120/Class1/placas1661.jpg,data/splits/train/Class1/placas1661.jpg,0
train,Class1,0,Placass10478.jpg,data/processed/160x120/Class1/Placass10478.jpg,data/splits/train/Class1/Placass10478.jpg,0
train,Class1,0,Placasm10688.jpg,data/processed/160x120/Class1/Placasm10688.jpg,data/splits/train/Class1/Placasm10688.jpg,0
train,Class1,0,placaas10282.jpg,data/processed/160x120/Class1/placaas10282.jpg,data/splits/train/Class1/placaas10282.jpg,0
train,Class1,0,placas1152.jpg,data/processed/160x120/Class1/placas1152.jpg,data/splits/train/Class1/placas1152.jpg,0
train,Class1,0,placaas10034.jpg,data/processed/160x120/Class1/placaas10034.jpg,data/splits/train/Class1/placaas10034.jpg,0
train,Class1,0,Placass11051.jpg,data/processed/160x120/Class1/Placass11051.jpg,data/splits/train/Class1/Placass11051.jpg,0
train,Class1,0,Placasm11216.jpg,data/processed/160x120/Class1/Placasm11216.jpg,data/splits/train/Class1/Placasm11216.jpg,0
train,Class1,0,Placass10887.jpg,data/processed/160x120/Class1/Placass10887.jpg,data/splits/train/Class1/Placass10887.jpg,0
train,Class1,0,placas1067.jpg,data/processed/160x120/Class1/placas1067.jpg,data/splits/train/Class1/placas1067.jpg,0
train,Class1,0,Placass10134.jpg,data/processed/160x120/Class1/Placass10134.jpg,data/splits/train/Class1/Placass10134.jpg,0
train,Class1,0,plaacaas1292.jpg,data/processed/160x120/Class1/plaacaas1292.jpg,data/splits/train/Class1/plaacaas1292.jpg,0
train,Class1,0,Placass10438.jpg,data/processed/160x120/Class1/Placass10438.jpg,data/splits/train/Class1/Placass10438.jpg,0
train,Class1,0,placaas10245.jpg,data/processed/160x120/Class1/placaas10245.jpg,data/splits/train/Class1/placaas10245.jpg,0
train,Class1,0,placas1310.jpg,data/processed/160x120/Class1/placas1310.jpg,data/splits/train/Class1/placas1310.jpg,0
train,Class1,0,placaas10354.jpg,data/processed/160x120/Class1/placaas10354.jpg,data/splits/train/Class1/placaas10354.jpg,0
train,Class1,0,Placass11182.jpg,data/processed/160x120/Class1/Placass11182.jpg,data/splits/train/Class1/Placass11182.jpg,0
train,Class1,0,Placasm11100.jpg,data/processed/160x120/Class1/Placasm11100.jpg,data/splits/train/Class1/Placasm11100.jpg,0
train,Class1,0,placaas10527.jpg,data/processed/160x120/Class1/placaas10527.jpg,data/splits/train/Class1/placaas10527.jpg,0
train,Class1,0,placas1700.jpg,data/processed/160x120/Class1/placas1700.jpg,data/splits/train/Class1/placas1700.jpg,0
train,Class1,0,Placass11588.jpg,data/processed/160x120/Class1/Placass11588.jpg,data/splits/train/Class1/Placass11588.jpg,0
train,Class1,0,plaacaas1164.jpg,data/processed/160x120/Class1/plaacaas1164.jpg,data/splits/train/Class1/plaacaas1164.jpg,0
train,Class1,0,Placas11036.jpg,data/processed/160x120/Class1/Placas11036.jpg,data/splits/train/Class1/Placas11036.jpg,0
train,Class1,0,placaas10439.jpg,data/processed/160x120/Class1/placaas10439.jpg,data/splits/train/Class1/placaas10439.jpg,0
train,Class1,0,placas1695.jpg,data/processed/160x120/Class1/placas1695.jpg,data/splits/train/Class1/placas1695.jpg,0
train,Class1,0,Placass10489.jpg,data/processed/160x120/Class1/Placass10489.jpg,data/splits/train/Class1/Placass10489.jpg,0
train,Class1,0,Placasm10719.jpg,data/processed/160x120/Class1/Placasm10719.jpg,data/splits/train/Class1/Placasm10719.jpg,0
train,Class1,0,Placass11049.jpg,data/processed/160x120/Class1/Placass11049.jpg,data/splits/train/Class1/Placass11049.jpg,0
train,Class1,0,placaas10664.jpg,data/processed/160x120/Class1/placaas10664.jpg,data/splits/train/Class1/placaas10664.jpg,0
train,Class1,0,Placasm10507.jpg,data/processed/160x120/Class1/Placasm10507.jpg,data/splits/train/Class1/Placasm10507.jpg,0
train,Class1,0,Placas11531.jpg,data/processed/160x120/Class1/Placas11531.jpg,data/splits/train/Class1/Placas11531.jpg,0
train,Class1,0,Placass10875.jpg,data/processed/160x120/Class1/Placass10875.jpg,data/splits/train/Class1/Placass10875.jpg,0
train,Class1,0,placaas11003.jpg,data/processed/160x120/Class1/placaas11003.jpg,data/splits/train/Class1/placaas11003.jpg,0
train,Class1,0,placaas10147.jpg,data/processed/160x120/Class1/placaas10147.jpg,data/splits/train/Class1/placaas10147.jpg,0
train,Class1,0,placas1261.jpg,data/processed/160x120/Class1/placas1261.jpg,data/splits/train/Class1/placas1261.jpg,0
train,Class1,0,placaas11215.jpg,data/processed/160x120/Class1/placaas11215.jpg,data/splits/train/Class1/placaas11215.jpg,0
train,Class1,0,Placas11581.jpg,data/processed/160x120/Class1/Placas11581.jpg,data/splits/train/Class1/Placas11581.jpg,0
train,Class1,0,placaas10455.jpg,data/processed/160x120/Class1/placaas10455.jpg,data/splits/train/Class1/placaas10455.jpg,0
train,Class1,0,Placass10114.jpg,data/processed/160x120/Class1/Placass10114.jpg,data/splits/train/Class1/Placass10114.jpg,0
train,Class1,0,Placass10179.jpg,data/processed/160x120/Class1/Placass10179.jpg,data/splits/train/Class1/Placass10179.jpg,0
train,Class1,0,Placass11658.jpg,data/processed/160x120/Class1/Placass11658.jpg,data/splits/train/Class1/Placass11658.jpg,0
train,Class1,0,placaas11377.jpg,data/processed/160x120/Class1/placaas11377.jpg,data/splits/train/Class1/placaas11377.jpg,0
train,Class1,0,Placasm11152.jpg,data/processed/160x120/Class1/Placasm11152.jpg,data/splits/train/Class1/Placasm11152.jpg,0
train,Class1,0,plaacaas1053.jpg,data/processed/160x120/Class1/plaacaas1053.jpg,data/splits/train/Class1/plaacaas1053.jpg,0
train,Class1,0,Placass11414.jpg,data/processed/160x120/Class1/Placass11414.jpg,data/splits/train/Class1/Placass11414.jpg,0
train,Class1,0,Placass11303.jpg,data/processed/160x120/Class1/Placass11303.jpg,data/splits/train/Class1/Placass11303.jpg,0
train,Class1,0,Placass10884.jpg,data/processed/160x120/Class1/Placass10884.jpg,data/splits/train/Class1/Placass10884.jpg,0
train,Class1,0,placas1471.jpg,data/processed/160x120/Class1/placas1471.jpg,data/splits/train/Class1/placas1471.jpg,0
train,Class1,0,placas1473.jpg,data/processed/160x120/Class1/placas1473.jpg,data/splits/train/Class1/placas1473.jpg,0
train,Class1,0,Placas11350.jpg,data/processed/160x120/Class1/Placas11350.jpg,data/splits/train/Class1/Placas11350.jpg,0
train,Class1,0,placaas10383.jpg,data/processed/160x120/Class1/placaas10383.jpg,data/splits/train/Class1/placaas10383.jpg,0
train,Class1,0,placaas11326.jpg,data/processed/160x120/Class1/placaas11326.jpg,data/splits/train/Class1/placaas11326.jpg,0
train,Class1,0,placas1061.jpg,data/processed/160x120/Class1/placas1061.jpg,data/splits/train/Class1/placas1061.jpg,0
train,Class1,0,plaacaas1134.jpg,data/processed/160x120/Class1/plaacaas1134.jpg,data/splits/train/Class1/plaacaas1134.jpg,0
train,Class1,0,placaas11160.jpg,data/processed/160x120/Class1/placaas11160.jpg,data/splits/train/Class1/placaas11160.jpg,0
train,Class1,0,placas1118.jpg,data/processed/160x120/Class1/placas1118.jpg,data/splits/train/Class1/placas1118.jpg,0
train,Class1,0,plaacaas1071.jpg,data/processed/160x120/Class1/plaacaas1071.jpg,data/splits/train/Class1/plaacaas1071.jpg,0
train,Class1,0,Placasm10101.jpg,data/processed/160x120/Class1/Placasm10101.jpg,data/splits/train/Class1/Placasm10101.jpg,0
train,Class1,0,placaas10632.jpg,data/processed/160x120/Class1/placaas10632.jpg,data/splits/train/Class1/placaas10632.jpg,0
train,Class1,0,Placass10845.jpg,data/processed/160x120/Class1/Placass10845.jpg,data/splits/train/Class1/Placass10845.jpg,0
train,Class1,0,Placass10526.jpg,data/processed/160x120/Class1/Placass10526.jpg,data/splits/train/Class1/Placass10526.jpg,0
train,Class1,0,placaas11417.jpg,data/processed/160x120/Class1/placaas11417.jpg,data/splits/train/Class1/placaas11417.jpg,0
train,Class1,0,placaas11262.jpg,data/processed/160x120/Class1/placaas11262.jpg,data/splits/train/Class1/placaas11262.jpg,0
train,Class1,0,placaas10071.jpg,data/processed/160x120/Class1/placaas10071.jpg,data/splits/train/Class1/placaas10071.jpg,0
train,Class1,0,Placass11037.jpg,data/processed/160x120/Class1/Placass11037.jpg,data/splits/train/Class1/Placass11037.jpg,0
train,Class1,0,placas1583.jpg,data/processed/160x120/Class1/placas1583.jpg,data/splits/train/Class1/placas1583.jpg,0
train,Class1,0,Placass11113.jpg,data/processed/160x120/Class1/Placass11113.jpg,data/splits/train/Class1/Placass11113.jpg,0
train,Class1,0,placaas11420.jpg,data/processed/160x120/Class1/placaas11420.jpg,data/splits/train/Class1/placaas11420.jpg,0
train,Class1,0,Placass11560.jpg,data/processed/160x120/Class1/Placass11560.jpg,data/splits/train/Class1/Placass11560.jpg,0
train,Class1,0,Placass11181.jpg,data/processed/160x120/Class1/Placass11181.jpg,data/splits/train/Class1/Placass11181.jpg,0
train,Class1,0,placas1240.jpg,data/processed/160x120/Class1/placas1240.jpg,data/splits/train/Class1/placas1240.jpg,0
train,Class1,0,plaacaas1268.jpg,data/processed/160x120/Class1/plaacaas1268.jpg,data/splits/train/Class1/plaacaas1268.jpg,0
train,Class1,0,Placas11552.jpg,data/processed/160x120/Class1/Placas11552.jpg,data/splits/train/Class1/Placas11552.jpg,0
train,Class1,0,Placass10030.jpg,data/processed/160x120/Class1/Placass10030.jpg,data/splits/train/Class1/Placass10030.jpg,0
train,Class1,0,Placass11649.jpg,data/processed/160x120/Class1/Placass11649.jpg,data/splits/train/Class1/Placass11649.jpg,0
train,Class1,0,Placasm11101.jpg,data/processed/160x120/Class1/Placasm11101.jpg,data/splits/train/Class1/Placasm11101.jpg,0
train,Class1,0,Placas11121.jpg,data/processed/160x120/Class1/Placas11121.jpg,data/splits/train/Class1/Placas11121.jpg,0
train,Class1,0,plaacaas1209.jpg,data/processed/160x120/Class1/plaacaas1209.jpg,data/splits/train/Class1/plaacaas1209.jpg,0
train,Class1,0,Placasm10258.jpg,data/processed/160x120/Class1/Placasm10258.jpg,data/splits/train/Class1/Placasm10258.jpg,0
train,Class1,0,plaacaas1110.jpg,data/processed/160x120/Class1/plaacaas1110.jpg,data/splits/train/Class1/plaacaas1110.jpg,0
train,Class1,0,placaas10637.jpg,data/processed/160x120/Class1/placaas10637.jpg,data/splits/train/Class1/placaas10637.jpg,0
train,Class1,0,Placass11137.jpg,data/processed/160x120/Class1/Placass11137.jpg,data/splits/train/Class1/Placass11137.jpg,0
train,Class1,0,placaas10177.jpg,data/processed/160x120/Class1/placaas10177.jpg,data/splits/train/Class1/placaas10177.jpg,0
train,Class1,0,placaas11242.jpg,data/processed/160x120/Class1/placaas11242.jpg,data/splits/train/Class1/placaas11242.jpg,0
train,Class1,0,Placas11271.jpg,data/processed/160x120/Class1/Placas11271.jpg,data/splits/train/Class1/Placas11271.jpg,0
train,Class1,0,placaas10128.jpg,data/processed/160x120/Class1/placaas10128.jpg,data/splits/train/Class1/placaas10128.jpg,0
train,Class1,0,Placass10017.jpg,data/processed/160x120/Class1/Placass10017.jpg,data/splits/train/Class1/Placass10017.jpg,0
train,Class1,0,Placass11480.jpg,data/processed/160x120/Class1/Placass11480.jpg,data/splits/train/Class1/Placass11480.jpg,0
train,Class1,0,Placass11451.jpg,data/processed/160x120/Class1/Placass11451.jpg,data/splits/train/Class1/Placass11451.jpg,0
train,Class1,0,placas1146.jpg,data/processed/160x120/Class1/placas1146.jpg,data/splits/train/Class1/placas1146.jpg,0
train,Class1,0,Placass11046.jpg,data/processed/160x120/Class1/Placass11046.jpg,data/splits/train/Class1/Placass11046.jpg,0
train,Class1,0,Placas11332.jpg,data/processed/160x120/Class1/Placas11332.jpg,data/splits/train/Class1/Placas11332.jpg,0
train,Class1,0,Placass11652.jpg,data/processed/160x120/Class1/Placass11652.jpg,data/splits/train/Class1/Placass11652.jpg,0
train,Class1,0,placaas10513.jpg,data/processed/160x120/Class1/placaas10513.jpg,data/splits/train/Class1/placaas10513.jpg,0
train,Class1,0,placaas10943.jpg,data/processed/160x120/Class1/placaas10943.jpg,data/splits/train/Class1/placaas10943.jpg,0
train,Class1,0,Placass10551.jpg,data/processed/160x120/Class1/Placass10551.jpg,data/splits/train/Class1/Placass10551.jpg,0
train,Class1,0,Placass10242.jpg,data/processed/160x120/Class1/Placass10242.jpg,data/splits/train/Class1/Placass10242.jpg,0
train,Class1,0,Placass11062.jpg,data/processed/160x120/Class1/Placass11062.jpg,data/splits/train/Class1/Placass11062.jpg,0
train,Class1,0,placaas11032.jpg,data/processed/160x120/Class1/placaas11032.jpg,data/splits/train/Class1/placaas11032.jpg,0
train,Class1,0,Placass11428.jpg,data/processed/160x120/Class1/Placass11428.jpg,data/splits/train/Class1/Placass11428.jpg,0
train,Class1,0,Placass11143.jpg,data/processed/160x120/Class1/Placass11143.jpg,data/splits/train/Class1/Placass11143.jpg,0
train,Class1,0,Placass11228.jpg,data/processed/160x120/Class1/Placass11228.jpg,data/splits/train/Class1/Placass11228.jpg,0
train,Class1,0,placaas10641.jpg,data/processed/160x120/Class1/placaas10641.jpg,data/splits/train/Class1/placaas10641.jpg,0
train,Class1,0,plaacaas1149.jpg,data/processed/160x120/Class1/plaacaas1149.jpg,data/splits/train/Class1/plaacaas1149.jpg,0
train,Class1,0,Placasm11204.jpg,data/processed/160x120/Class1/Placasm11204.jpg,data/splits/train/Class1/Placasm11204.jpg,0
train,Class1,0,placaas10083.jpg,data/processed/160x120/Class1/placaas10083.jpg,data/splits/train/Class1/placaas10083.jpg,0
train,Class1,0,placas1297.jpg,data/processed/160x120/Class1/placas1297.jpg,data/splits/train/Class1/placas1297.jpg,0
train,Class1,0,placaas10517.jpg,data/processed/160x120/Class1/placaas10517.jpg,data/splits/train/Class1/placaas10517.jpg,0
train,Class1,0,placaas10529.jpg,data/processed/160x120/Class1/placaas10529.jpg,data/splits/train/Class1/placaas10529.jpg,0
train,Class1,0,Placass10715.jpg,data/processed/160x120/Class1/Placass10715.jpg,data/splits/train/Class1/Placass10715.jpg,0
train,Class1,0,placas1294.jpg,data/processed/160x120/Class1/placas1294.jpg,data/splits/train/Class1/placas1294.jpg,0
train,Class1,0,Placass11188.jpg,data/processed/160x120/Class1/Placass11188.jpg,data/splits/train/Class1/Placass11188.jpg,0
train,Class1,0,placaas10938.jpg,data/processed/160x120/Class1/placaas10938.jpg,data/splits/train/Class1/placaas10938.jpg,0
train,Class1,0,placaas10706.jpg,data/processed/160x120/Class1/placaas10706.jpg,data/splits/train/Class1/placaas10706.jpg,0
train,Class1,0,Placas11514.jpg,data/processed/160x120/Class1/Placas11514.jpg,data/splits/train/Class1/Placas11514.jpg,0
train,Class1,0,Placasm10983.jpg,data/processed/160x120/Class1/Placasm10983.jpg,data/splits/train/Class1/Placasm10983.jpg,0
train,Class1,0,placaas10215.jpg,data/processed/160x120/Class1/placaas10215.jpg,data/splits/train/Class1/placaas10215.jpg,0
train,Class1,0,Placass10254.jpg,data/processed/160x120/Class1/Placass10254.jpg,data/splits/train/Class1/Placass10254.jpg,0
train,Class1,0,Placass11466.jpg,data/processed/160x120/Class1/Placass11466.jpg,data/splits/train/Class1/Placass11466.jpg,0
train,Class1,0,Placasm11111.jpg,data/processed/160x120/Class1/Placasm11111.jpg,data/splits/train/Class1/Placasm11111.jpg,0
train,Class1,0,plaacaas1208.jpg,data/processed/160x120/Class1/plaacaas1208.jpg,data/splits/train/Class1/plaacaas1208.jpg,0
train,Class1,0,placas1674.jpg,data/processed/160x120/Class1/placas1674.jpg,data/splits/train/Class1/placas1674.jpg,0
train,Class1,0,plaacaas1290.jpg,data/processed/160x120/Class1/plaacaas1290.jpg,data/splits/train/Class1/plaacaas1290.jpg,0
train,Class1,0,placaas10040.jpg,data/processed/160x120/Class1/placaas10040.jpg,data/splits/train/Class1/placaas10040.jpg,0
train,Class1,0,Placass11678.jpg,data/processed/160x120/Class1/Placass11678.jpg,data/splits/train/Class1/Placass11678.jpg,0
train,Class1,0,Placass10745.jpg,data/processed/160x120/Class1/Placass10745.jpg,data/splits/train/Class1/Placass10745.jpg,0
train,Class1,0,placaas10221.jpg,data/processed/160x120/Class1/placaas10221.jpg,data/splits/train/Class1/placaas10221.jpg,0
train,Class1,0,Placass10876.jpg,data/processed/160x120/Class1/Placass10876.jpg,data/splits/train/Class1/Placass10876.jpg,0
train,Class1,0,placaas10398.jpg,data/processed/160x120/Class1/placaas10398.jpg,data/splits/train/Class1/placaas10398.jpg,0
train,Class1,0,Placass10027.jpg,data/processed/160x120/Class1/Placass10027.jpg,data/splits/train/Class1/Placass10027.jpg,0
train,Class1,0,Placasm10534.jpg,data/processed/160x120/Class1/Placasm10534.jpg,data/splits/train/Class1/Placasm10534.jpg,0
train,Class1,0,plaacaas1233.jpg,data/processed/160x120/Class1/plaacaas1233.jpg,data/splits/train/Class1/plaacaas1233.jpg,0
train,Class1,0,Placasm10458.jpg,data/processed/160x120/Class1/Placasm10458.jpg,data/splits/train/Class1/Placasm10458.jpg,0
train,Class1,0,placaas10506.jpg,data/processed/160x120/Class1/placaas10506.jpg,data/splits/train/Class1/placaas10506.jpg,0
train,Class1,0,placaas10688.jpg,data/processed/160x120/Class1/placaas10688.jpg,data/splits/train/Class1/placaas10688.jpg,0
train,Class1,0,Placass11638.jpg,data/processed/160x120/Class1/Placass11638.jpg,data/splits/train/Class1/Placass11638.jpg,0
train,Class1,0,Placas11110.jpg,data/processed/160x120/Class1/Placas11110.jpg,data/splits/train/Class1/Placas11110.jpg,0
train,Class1,0,Placass11006.jpg,data/processed/160x120/Class1/Placass11006.jpg,data/splits/train/Class1/Placass11006.jpg,0
train,Class1,0,Placass10051.jpg,data/processed/160x120/Class1/Placass10051.jpg,data/splits/train/Class1/Placass10051.jpg,0
train,Class1,0,placas1410.jpg,data/processed/160x120/Class1/placas1410.jpg,data/splits/train/Class1/placas1410.jpg,0
train,Class1,0,placaas10880.jpg,data/processed/160x120/Class1/placaas10880.jpg,data/splits/train/Class1/placaas10880.jpg,0
train,Class1,0,placaas11006.jpg,data/processed/160x120/Class1/placaas11006.jpg,data/splits/train/Class1/placaas11006.jpg,0
train,Class1,0,placaas10056.jpg,data/processed/160x120/Class1/placaas10056.jpg,data/splits/train/Class1/placaas10056.jpg,0
train,Class1,0,placaas11340.jpg,data/processed/160x120/Class1/placaas11340.jpg,data/splits/train/Class1/placaas11340.jpg,0
train,Class1,0,Placass10847.jpg,data/processed/160x120/Class1/Placass10847.jpg,data/splits/train/Class1/Placass10847.jpg,0
train,Class1,0,placas1719.jpg,data/processed/160x120/Class1/placas1719.jpg,data/splits/train/Class1/placas1719.jpg,0
train,Class1,0,placas1551.jpg,data/processed/160x120/Class1/placas1551.jpg,data/splits/train/Class1/placas1551.jpg,0
train,Class1,0,placaas11303.jpg,data/processed/160x120/Class1/placaas11303.jpg,data/splits/train/Class1/placaas11303.jpg,0
train,Class1,0,Placas11385.jpg,data/processed/160x120/Class1/Placas11385.jpg,data/splits/train/Class1/Placas11385.jpg,0
train,Class1,0,plaacaas1122.jpg,data/processed/160x120/Class1/plaacaas1122.jpg,data/splits/train/Class1/plaacaas1122.jpg,0
train,Class1,0,placaas10153.jpg,data/processed/160x120/Class1/placaas10153.jpg,data/splits/train/Class1/placaas10153.jpg,0
train,Class1,0,placas1613.jpg,data/processed/160x120/Class1/placas1613.jpg,data/splits/train/Class1/placas1613.jpg,0
train,Class1,0,placaas10307.jpg,data/processed/160x120/Class1/placaas10307.jpg,data/splits/train/Class1/placaas10307.jpg,0
train,Class1,0,Placass10232.jpg,data/processed/160x120/Class1/Placass10232.jpg,data/splits/train/Class1/Placass10232.jpg,0
train,Class1,0,Placas11402.jpg,data/processed/160x120/Class1/Placas11402.jpg,data/splits/train/Class1/Placas11402.jpg,0
train,Class1,0,Placass11665.jpg,data/processed/160x120/Class1/Placass11665.jpg,data/splits/train/Class1/Placass11665.jpg,0
train,Class1,0,plaacaas1235(1).jpg,data/processed/160x120/Class1/plaacaas1235(1).jpg,data/splits/train/Class1/plaacaas1235(1).jpg,0
train,Class1,0,Placas11009.jpg,data/processed/160x120/Class1/Placas11009.jpg,data/splits/train/Class1/Placas11009.jpg,0
train,Class1,0,placaas10265.jpg,data/processed/160x120/Class1/placaas10265.jpg,data/splits/train/Class1/placaas10265.jpg,0
train,Class1,0,Placass11601.jpg,data/processed/160x120/Class1/Placass11601.jpg,data/splits/train/Class1/Placass11601.jpg,0
train,Class1,0,Placasm10503.jpg,data/processed/160x120/Class1/Placasm10503.jpg,data/splits/train/Class1/Placasm10503.jpg,0
train,Class1,0,Placass11076.jpg,data/processed/160x120/Class1/Placass11076.jpg,data/splits/train/Class1/Placass11076.jpg,0
train,Class1,0,placas1353.jpg,data/processed/160x120/Class1/placas1353.jpg,data/splits/train/Class1/placas1353.jpg,0
train,Class1,0,placas1409.jpg,data/processed/160x120/Class1/placas1409.jpg,data/splits/train/Class1/placas1409.jpg,0
train,Class1,0,Placasm10054.jpg,data/processed/160x120/Class1/Placasm10054.jpg,data/splits/train/Class1/Placasm10054.jpg,0
train,Class1,0,placaas10845.jpg,data/processed/160x120/Class1/placaas10845.jpg,data/splits/train/Class1/placaas10845.jpg,0
train,Class1,0,Placas11270.jpg,data/processed/160x120/Class1/Placas11270.jpg,data/splits/train/Class1/Placas11270.jpg,0
train,Class1,0,Placass11576.jpg,data/processed/160x120/Class1/Placass11576.jpg,data/splits/train/Class1/Placass11576.jpg,0
train,Class1,0,placaas10519.jpg,data/processed/160x120/Class1/placaas10519.jpg,data/splits/train/Class1/placaas10519.jpg,0
train,Class1,0,placaas10130.jpg,data/processed/160x120/Class1/placaas10130.jpg,data/splits/train/Class1/placaas10130.jpg,0
train,Class1,0,placaas11225.jpg,data/processed/160x120/Class1/placaas11225.jpg,data/splits/train/Class1/placaas11225.jpg,0
train,Class1,0,Placass11124.jpg,data/processed/160x120/Class1/Placass11124.jpg,data/splits/train/Class1/Placass11124.jpg,0
train,Class1,0,Placass10068.jpg,data/processed/160x120/Class1/Placass10068.jpg,data/splits/train/Class1/Placass10068.jpg,0
train,Class1,0,Placasm10328.jpg,data/processed/160x120/Class1/Placasm10328.jpg,data/splits/train/Class1/Placasm10328.jpg,0
train,Class1,0,Placass11058.jpg,data/processed/160x120/Class1/Placass11058.jpg,data/splits/train/Class1/Placass11058.jpg,0
train,Class1,0,Placass11147.jpg,data/processed/160x120/Class1/Placass11147.jpg,data/splits/train/Class1/Placass11147.jpg,0
train,Class1,0,placaas11124.jpg,data/processed/160x120/Class1/placaas11124.jpg,data/splits/train/Class1/placaas11124.jpg,0
train,Class1,0,Placass11246.jpg,data/processed/160x120/Class1/Placass11246.jpg,data/splits/train/Class1/Placass11246.jpg,0
train,Class1,0,plaacaas1271.jpg,data/processed/160x120/Class1/plaacaas1271.jpg,data/splits/train/Class1/plaacaas1271.jpg,0
train,Class1,0,Placasm10117.jpg,data/processed/160x120/Class1/Placasm10117.jpg,data/splits/train/Class1/Placasm10117.jpg,0
train,Class1,0,placaas10582.jpg,data/processed/160x120/Class1/placaas10582.jpg,data/splits/train/Class1/placaas10582.jpg,0
train,Class1,0,placaas10882.jpg,data/processed/160x120/Class1/placaas10882.jpg,data/splits/train/Class1/placaas10882.jpg,0
train,Class1,0,Placass10193.jpg,data/processed/160x120/Class1/Placass10193.jpg,data/splits/train/Class1/Placass10193.jpg,0
train,Class2,1,Motospl10974.jpg,data/processed/160x120/Class2/Motospl10974.jpg,data/splits/train/Class2/Motospl10974.jpg,0
train,Class2,1,Motospl10192.jpg,data/processed/160x120/Class2/Motospl10192.jpg,data/splits/train/Class2/Motospl10192.jpg,0
train,Class2,1,Placa119.png,data/processed/160x120/Class2/Placa119.png,data/splits/train/Class2/Placa119.png,0
train,Class2,1,Motospl10073.jpg,data/processed/160x120/Class2/Motospl10073.jpg,data/splits/train/Class2/Motospl10073.jpg,0
train,Class2,1,Motospl10460.jpg,data/processed/160x120/Class2/Motospl10460.jpg,data/splits/train/Class2/Motospl10460.jpg,0
train,Class2,1,Motospl11828.jpg,data/processed/160x120/Class2/Motospl11828.jpg,data/splits/train/Class2/Motospl11828.jpg,0
train,Class2,1,Motospl11072.jpg,data/processed/160x120/Class2/Motospl11072.jpg,data/splits/train/Class2/Motospl11072.jpg,0
train,Class2,1,Placa79.png,data/processed/160x120/Class2/Placa79.png,data/splits/train/Class2/Placa79.png,0
train,Class2,1,Motospl11632.jpg,data/processed/160x120/Class2/Motospl11632.jpg,data/splits/train/Class2/Motospl11632.jpg,0
train,Class2,1,Motospl11958.jpg,data/processed/160x120/Class2/Motospl11958.jpg,data/splits/train/Class2/Motospl11958.jpg,0
train,Class2,1,Motospl11323.jpg,data/processed/160x120/Class2/Motospl11323.jpg,data/splits/train/Class2/Motospl11323.jpg,0
train,Class2,1,Motospl11337.jpg,data/processed/160x120/Class2/Motospl11337.jpg,data/splits/train/Class2/Motospl11337.jpg,0
train,Class2,1,Motospl10350.jpg,data/processed/160x120/Class2/Motospl10350.jpg,data/splits/train/Class2/Motospl10350.jpg,0
train,Class2,1,Motospl11960.jpg,data/processed/160x120/Class2/Motospl11960.jpg,data/splits/train/Class2/Motospl11960.jpg,0
train,Class2,1,Motospl10374.jpg,data/processed/160x120/Class2/Motospl10374.jpg,data/splits/train/Class2/Motospl10374.jpg,0
train,Class2,1,Motospl10254.jpg,data/processed/160x120/Class2/Motospl10254.jpg,data/splits/train/Class2/Motospl10254.jpg,0
train,Class2,1,placaas10214.jpg,data/processed/160x120/Class2/placaas10214.jpg,data/splits/train/Class2/placaas10214.jpg,0
train,Class2,1,Motospl11733.jpg,data/processed/160x120/Class2/Motospl11733.jpg,data/splits/train/Class2/Motospl11733.jpg,0
train,Class2,1,Motospl11140.jpg,data/processed/160x120/Class2/Motospl11140.jpg,data/splits/train/Class2/Motospl11140.jpg,0
train,Class2,1,Motospl11625.jpg,data/processed/160x120/Class2/Motospl11625.jpg,data/splits/train/Class2/Motospl11625.jpg,0
train,Class2,1,Motospl10929.jpg,data/processed/160x120/Class2/Motospl10929.jpg,data/splits/train/Class2/Motospl10929.jpg,0
train,Class2,1,Motospl12094.jpg,data/processed/160x120/Class2/Motospl12094.jpg,data/splits/train/Class2/Motospl12094.jpg,0
train,Class2,1,placaas10872.jpg,data/processed/160x120/Class2/placaas10872.jpg,data/splits/train/Class2/placaas10872.jpg,0
train,Class2,1,Motospl10866.jpg,data/processed/160x120/Class2/Motospl10866.jpg,data/splits/train/Class2/Motospl10866.jpg,0
train,Class2,1,Placasm10947.jpg,data/processed/160x120/Class2/Placasm10947.jpg,data/splits/train/Class2/Placasm10947.jpg,0
train,Class2,1,Motospl10056.jpg,data/processed/160x120/Class2/Motospl10056.jpg,data/splits/train/Class2/Motospl10056.jpg,0
train,Class2,1,Motospl11801.jpg,data/processed/160x120/Class2/Motospl11801.jpg,data/splits/train/Class2/Motospl11801.jpg,0
train,Class2,1,placaas10884.jpg,data/processed/160x120/Class2/placaas10884.jpg,data/splits/train/Class2/placaas10884.jpg,0
train,Class2,1,placas1424.jpg,data/processed/160x120/Class2/placas1424.jpg,data/splits/train/Class2/placas1424.jpg,0
train,Class2,1,Motospl11203.jpg,data/processed/160x120/Class2/Motospl11203.jpg,data/splits/train/Class2/Motospl11203.jpg,0
train,Class2,1,Motospl10899.jpg,data/processed/160x120/Class2/Motospl10899.jpg,data/splits/train/Class2/Motospl10899.jpg,0
train,Class2,1,Placa135.png,data/processed/160x120/Class2/Placa135.png,data/splits/train/Class2/Placa135.png,0
train,Class2,1,Motospl11805.jpg,data/processed/160x120/Class2/Motospl11805.jpg,data/splits/train/Class2/Motospl11805.jpg,0
train,Class2,1,placas1104.jpg,data/processed/160x120/Class2/placas1104.jpg,data/splits/train/Class2/placas1104.jpg,0
train,Class2,1,Placasia1036.png,data/processed/160x120/Class2/Placasia1036.png,data/splits/train/Class2/Placasia1036.png,0
train,Class2,1,Placass10925.jpg,data/processed/160x120/Class2/Placass10925.jpg,data/splits/train/Class2/Placass10925.jpg,0
train,Class2,1,Motospl10741.jpg,data/processed/160x120/Class2/Motospl10741.jpg,data/splits/train/Class2/Motospl10741.jpg,0
train,Class2,1,placaas10466.jpg,data/processed/160x120/Class2/placaas10466.jpg,data/splits/train/Class2/placaas10466.jpg,0
train,Class2,1,Motospl11720.jpg,data/processed/160x120/Class2/Motospl11720.jpg,data/splits/train/Class2/Motospl11720.jpg,0
train,Class2,1,Placasm10078.jpg,data/processed/160x120/Class2/Placasm10078.jpg,data/splits/train/Class2/Placasm10078.jpg,0
train,Class2,1,Motospl11374.jpg,data/processed/160x120/Class2/Motospl11374.jpg,data/splits/train/Class2/Motospl11374.jpg,0
train,Class2,1,Motospl10486.jpg,data/processed/160x120/Class2/Motospl10486.jpg,data/splits/train/Class2/Motospl10486.jpg,0
train,Class2,1,placas1082.jpg,data/processed/160x120/Class2/placas1082.jpg,data/splits/train/Class2/placas1082.jpg,0
train,Class2,1,Motospl10063.jpg,data/processed/160x120/Class2/Motospl10063.jpg,data/splits/train/Class2/Motospl10063.jpg,0
train,Class2,1,placaas10317.jpg,data/processed/160x120/Class2/placaas10317.jpg,data/splits/train/Class2/placaas10317.jpg,0
train,Class2,1,Motospl11834.jpg,data/processed/160x120/Class2/Motospl11834.jpg,data/splits/train/Class2/Motospl11834.jpg,0
train,Class2,1,Motospl12226.jpg,data/processed/160x120/Class2/Motospl12226.jpg,data/splits/train/Class2/Motospl12226.jpg,0
train,Class2,1,Motospl12042.jpg,data/processed/160x120/Class2/Motospl12042.jpg,data/splits/train/Class2/Motospl12042.jpg,0
train,Class2,1,Placa99.png,data/processed/160x120/Class2/Placa99.png,data/splits/train/Class2/Placa99.png,0
train,Class2,1,Motospl10902.jpg,data/processed/160x120/Class2/Motospl10902.jpg,data/splits/train/Class2/Motospl10902.jpg,0
train,Class2,1,Motospl11985.jpg,data/processed/160x120/Class2/Motospl11985.jpg,data/splits/train/Class2/Motospl11985.jpg,0
train,Class2,1,Motospl10347.jpg,data/processed/160x120/Class2/Motospl10347.jpg,data/splits/train/Class2/Motospl10347.jpg,0
train,Class2,1,Motospl10614.jpg,data/processed/160x120/Class2/Motospl10614.jpg,data/splits/train/Class2/Motospl10614.jpg,0
train,Class2,1,Motospl10749.jpg,data/processed/160x120/Class2/Motospl10749.jpg,data/splits/train/Class2/Motospl10749.jpg,0
train,Class2,1,Motospl11997.jpg,data/processed/160x120/Class2/Motospl11997.jpg,data/splits/train/Class2/Motospl11997.jpg,0
train,Class2,1,Motospl10777.jpg,data/processed/160x120/Class2/Motospl10777.jpg,data/splits/train/Class2/Motospl10777.jpg,0
train,Class2,1,Motospl11763.jpg,data/processed/160x120/Class2/Motospl11763.jpg,data/splits/train/Class2/Motospl11763.jpg,0
train,Class2,1,Motospl10709.jpg,data/processed/160x120/Class2/Motospl10709.jpg,data/splits/train/Class2/Motospl10709.jpg,0
train,Class2,1,Motospl11838.jpg,data/processed/160x120/Class2/Motospl11838.jpg,data/splits/train/Class2/Motospl11838.jpg,0
train,Class2,1,placaas10342.jpg,data/processed/160x120/Class2/placaas10342.jpg,data/splits/train/Class2/placaas10342.jpg,0
train,Class2,1,Placa9.png,data/processed/160x120/Class2/Placa9.png,data/splits/train/Class2/Placa9.png,0
train,Class2,1,Motospl11639.jpg,data/processed/160x120/Class2/Motospl11639.jpg,data/splits/train/Class2/Motospl11639.jpg,0
train,Class2,1,Motospl10030.jpg,data/processed/160x120/Class2/Motospl10030.jpg,data/splits/train/Class2/Motospl10030.jpg,0
train,Class2,1,Motospl10302.jpg,data/processed/160x120/Class2/Motospl10302.jpg,data/splits/train/Class2/Motospl10302.jpg,0
train,Class2,1,Placa78.png,data/processed/160x120/Class2/Placa78.png,data/splits/train/Class2/Placa78.png,0
train,Class2,1,Motospl11335.jpg,data/processed/160x120/Class2/Motospl11335.jpg,data/splits/train/Class2/Motospl11335.jpg,0
train,Class2,1,Motospl10863.jpg,data/processed/160x120/Class2/Motospl10863.jpg,data/splits/train/Class2/Motospl10863.jpg,0
train,Class2,1,Motospl11571.jpg,data/processed/160x120/Class2/Motospl11571.jpg,data/splits/train/Class2/Motospl11571.jpg,0
train,Class2,1,Placasia1021.png,data/processed/160x120/Class2/Placasia1021.png,data/splits/train/Class2/Placasia1021.png,0
train,Class2,1,Motospl10116.jpg,data/processed/160x120/Class2/Motospl10116.jpg,data/splits/train/Class2/Motospl10116.jpg,0
train,Class2,1,Motospl12358.jpg,data/processed/160x120/Class2/Motospl12358.jpg,data/splits/train/Class2/Motospl12358.jpg,0
train,Class2,1,Motospl11100.jpg,data/processed/160x120/Class2/Motospl11100.jpg,data/splits/train/Class2/Motospl11100.jpg,0
train,Class2,1,Placas11342.jpg,data/processed/160x120/Class2/Placas11342.jpg,data/splits/train/Class2/Placas11342.jpg,0
train,Class2,1,Motospl10146.jpg,data/processed/160x120/Class2/Motospl10146.jpg,data/splits/train/Class2/Motospl10146.jpg,0
train,Class2,1,Motospl11840.jpg,data/processed/160x120/Class2/Motospl11840.jpg,data/splits/train/Class2/Motospl11840.jpg,0
train,Class2,1,Motospl11950.jpg,data/processed/160x120/Class2/Motospl11950.jpg,data/splits/train/Class2/Motospl11950.jpg,0
train,Class2,1,Motospl11259.jpg,data/processed/160x120/Class2/Motospl11259.jpg,data/splits/train/Class2/Motospl11259.jpg,0
train,Class2,1,Motospl11565.jpg,data/processed/160x120/Class2/Motospl11565.jpg,data/splits/train/Class2/Motospl11565.jpg,0
train,Class2,1,Motospl10976.jpg,data/processed/160x120/Class2/Motospl10976.jpg,data/splits/train/Class2/Motospl10976.jpg,0
train,Class2,1,Motospl10625.jpg,data/processed/160x120/Class2/Motospl10625.jpg,data/splits/train/Class2/Motospl10625.jpg,0
train,Class2,1,Motospl11255.jpg,data/processed/160x120/Class2/Motospl11255.jpg,data/splits/train/Class2/Motospl11255.jpg,0
train,Class2,1,Motospl10284.jpg,data/processed/160x120/Class2/Motospl10284.jpg,data/splits/train/Class2/Motospl10284.jpg,0
train,Class2,1,Motospl10819.jpg,data/processed/160x120/Class2/Motospl10819.jpg,data/splits/train/Class2/Motospl10819.jpg,0
train,Class2,1,Motospl12027.jpg,data/processed/160x120/Class2/Motospl12027.jpg,data/splits/train/Class2/Motospl12027.jpg,0
train,Class2,1,Motospl12328.jpg,data/processed/160x120/Class2/Motospl12328.jpg,data/splits/train/Class2/Motospl12328.jpg,0
train,Class2,1,placas1499.jpg,data/processed/160x120/Class2/placas1499.jpg,data/splits/train/Class2/placas1499.jpg,0
train,Class2,1,Placass11408.jpg,data/processed/160x120/Class2/Placass11408.jpg,data/splits/train/Class2/Placass11408.jpg,0
train,Class2,1,Motospl11788.jpg,data/processed/160x120/Class2/Motospl11788.jpg,data/splits/train/Class2/Motospl11788.jpg,0
train,Class2,1,Placa93.png,data/processed/160x120/Class2/Placa93.png,data/splits/train/Class2/Placa93.png,0
train,Class2,1,Motospl12129.jpg,data/processed/160x120/Class2/Motospl12129.jpg,data/splits/train/Class2/Motospl12129.jpg,0
train,Class2,1,Motospl10471.jpg,data/processed/160x120/Class2/Motospl10471.jpg,data/splits/train/Class2/Motospl10471.jpg,0
train,Class2,1,Motospl11419.jpg,data/processed/160x120/Class2/Motospl11419.jpg,data/splits/train/Class2/Motospl11419.jpg,0
train,Class2,1,Placa156.png,data/processed/160x120/Class2/Placa156.png,data/splits/train/Class2/Placa156.png,0
train,Class2,1,Placas11306.jpg,data/processed/160x120/Class2/Placas11306.jpg,data/splits/train/Class2/Placas11306.jpg,0
train,Class2,1,Placa137.png,data/processed/160x120/Class2/Placa137.png,data/splits/train/Class2/Placa137.png,0
train,Class2,1,Motospl12342.jpg,data/processed/160x120/Class2/Motospl12342.jpg,data/splits/train/Class2/Motospl12342.jpg,0
train,Class2,1,Placa200.png,data/processed/160x120/Class2/Placa200.png,data/splits/train/Class2/Placa200.png,0
train,Class2,1,Motospl11544.jpg,data/processed/160x120/Class2/Motospl11544.jpg,data/splits/train/Class2/Motospl11544.jpg,0
train,Class2,1,Motospl11738.jpg,data/processed/160x120/Class2/Motospl11738.jpg,data/splits/train/Class2/Motospl11738.jpg,0
train,Class2,1,Motospl12244.jpg,data/processed/160x120/Class2/Motospl12244.jpg,data/splits/train/Class2/Motospl12244.jpg,0
train,Class2,1,placas1664.jpg,data/processed/160x120/Class2/placas1664.jpg,data/splits/train/Class2/placas1664.jpg,0
train,Class2,1,Motospl10420.jpg,data/processed/160x120/Class2/Motospl10420.jpg,data/splits/train/Class2/Motospl10420.jpg,0
train,Class2,1,Motospl11856.jpg,data/processed/160x120/Class2/Motospl11856.jpg,data/splits/train/Class2/Motospl11856.jpg,0
train,Class2,1,Motospl10767.jpg,data/processed/160x120/Class2/Motospl10767.jpg,data/splits/train/Class2/Motospl10767.jpg,0
train,Class2,1,Motospl10154.jpg,data/processed/160x120/Class2/Motospl10154.jpg,data/splits/train/Class2/Motospl10154.jpg,0
train,Class2,1,Motospl11296.jpg,data/processed/160x120/Class2/Motospl11296.jpg,data/splits/train/Class2/Motospl11296.jpg,0
train,Class2,1,Motospl10252.jpg,data/processed/160x120/Class2/Motospl10252.jpg,data/splits/train/Class2/Motospl10252.jpg,0
train,Class2,1,Motospl10086.jpg,data/processed/160x120/Class2/Motospl10086.jpg,data/splits/train/Class2/Motospl10086.jpg,0
train,Class2,1,Motospl10904.jpg,data/processed/160x120/Class2/Motospl10904.jpg,data/splits/train/Class2/Motospl10904.jpg,0
train,Class2,1,Placa91.png,data/processed/160x120/Class2/Placa91.png,data/splits/train/Class2/Placa91.png,0
train,Class2,1,Motospl10653.jpg,data/processed/160x120/Class2/Motospl10653.jpg,data/splits/train/Class2/Motospl10653.jpg,0
train,Class2,1,Motospl10783.jpg,data/processed/160x120/Class2/Motospl10783.jpg,data/splits/train/Class2/Motospl10783.jpg,0
train,Class2,1,Motospl11616.jpg,data/processed/160x120/Class2/Motospl11616.jpg,data/splits/train/Class2/Motospl11616.jpg,0
train,Class2,1,Motospl12326.jpg,data/processed/160x120/Class2/Motospl12326.jpg,data/splits/train/Class2/Motospl12326.jpg,0
train,Class2,1,Motospl11136.jpg,data/processed/160x120/Class2/Motospl11136.jpg,data/splits/train/Class2/Motospl11136.jpg,0
train,Class2,1,Motospl10606.jpg,data/processed/160x120/Class2/Motospl10606.jpg,data/splits/train/Class2/Motospl10606.jpg,0
train,Class2,1,Motospl11104.jpg,data/processed/160x120/Class2/Motospl11104.jpg,data/splits/train/Class2/Motospl11104.jpg,0
train,Class2,1,Motospl11209.jpg,data/processed/160x120/Class2/Motospl11209.jpg,data/splits/train/Class2/Motospl11209.jpg,0
train,Class2,1,Motospl10640.jpg,data/processed/160x120/Class2/Motospl10640.jpg,data/splits/train/Class2/Motospl10640.jpg,0
train,Class2,1,placas1586.jpg,data/processed/160x120/Class2/placas1586.jpg,data/splits/train/Class2/placas1586.jpg,0
train,Class2,1,Motospl10781.jpg,data/processed/160x120/Class2/Motospl10781.jpg,data/splits/train/Class2/Motospl10781.jpg,0
train,Class2,1,Motospl10508.jpg,data/processed/160x120/Class2/Motospl10508.jpg,data/splits/train/Class2/Motospl10508.jpg,0
train,Class2,1,Placass11632.jpg,data/processed/160x120/Class2/Placass11632.jpg,data/splits/train/Class2/Placass11632.jpg,0
train,Class2,1,Motospl12063.jpg,data/processed/160x120/Class2/Motospl12063.jpg,data/splits/train/Class2/Motospl12063.jpg,0
train,Class2,1,Motospl11713.jpg,data/processed/160x120/Class2/Motospl11713.jpg,data/splits/train/Class2/Motospl11713.jpg,0
train,Class2,1,Motospl12012.jpg,data/processed/160x120/Class2/Motospl12012.jpg,data/splits/train/Class2/Motospl12012.jpg,0
train,Class2,1,Motospl11262.jpg,data/processed/160x120/Class2/Motospl11262.jpg,data/splits/train/Class2/Motospl11262.jpg,0
train,Class2,1,Motospl11412.jpg,data/processed/160x120/Class2/Motospl11412.jpg,data/splits/train/Class2/Motospl11412.jpg,0
train,Class2,1,Motospl11529.jpg,data/processed/160x120/Class2/Motospl11529.jpg,data/splits/train/Class2/Motospl11529.jpg,0
train,Class2,1,Placa94.png,data/processed/160x120/Class2/Placa94.png,data/splits/train/Class2/Placa94.png,0
train,Class2,1,Motospl12366.jpg,data/processed/160x120/Class2/Motospl12366.jpg,data/splits/train/Class2/Motospl12366.jpg,0
train,Class2,1,Motospl11011.jpg,data/processed/160x120/Class2/Motospl11011.jpg,data/splits/train/Class2/Motospl11011.jpg,0
train,Class2,1,Motospl10948.jpg,data/processed/160x120/Class2/Motospl10948.jpg,data/splits/train/Class2/Motospl10948.jpg,0
train,Class2,1,Placass11347.jpg,data/processed/160x120/Class2/Placass11347.jpg,data/splits/train/Class2/Placass11347.jpg,0
train,Class2,1,Motospl12011.jpg,data/processed/160x120/Class2/Motospl12011.jpg,data/splits/train/Class2/Motospl12011.jpg,0
train,Class2,1,Motospl11638.jpg,data/processed/160x120/Class2/Motospl11638.jpg,data/splits/train/Class2/Motospl11638.jpg,0
train,Class2,1,Motospl10734.jpg,data/processed/160x120/Class2/Motospl10734.jpg,data/splits/train/Class2/Motospl10734.jpg,0
train,Class2,1,Motospl10656.jpg,data/processed/160x120/Class2/Motospl10656.jpg,data/splits/train/Class2/Motospl10656.jpg,0
train,Class2,1,Motospl11042.jpg,data/processed/160x120/Class2/Motospl11042.jpg,data/splits/train/Class2/Motospl11042.jpg,0
train,Class2,1,Motospl10407.jpg,data/processed/160x120/Class2/Motospl10407.jpg,data/splits/train/Class2/Motospl10407.jpg,0
train,Class2,1,Motospl10127.jpg,data/processed/160x120/Class2/Motospl10127.jpg,data/splits/train/Class2/Motospl10127.jpg,0
train,Class2,1,Motospl12251.jpg,data/processed/160x120/Class2/Motospl12251.jpg,data/splits/train/Class2/Motospl12251.jpg,0
train,Class2,1,Motospl12018.jpg,data/processed/160x120/Class2/Motospl12018.jpg,data/splits/train/Class2/Motospl12018.jpg,0
train,Class2,1,placaas10359.jpg,data/processed/160x120/Class2/placaas10359.jpg,data/splits/train/Class2/placaas10359.jpg,0
train,Class2,1,Motospl11219.jpg,data/processed/160x120/Class2/Motospl11219.jpg,data/splits/train/Class2/Motospl11219.jpg,0
train,Class2,1,Motospl11973.jpg,data/processed/160x120/Class2/Motospl11973.jpg,data/splits/train/Class2/Motospl11973.jpg,0
train,Class2,1,Motospl11874.jpg,data/processed/160x120/Class2/Motospl11874.jpg,data/splits/train/Class2/Motospl11874.jpg,0
train,Class2,1,Motospl10720.jpg,data/processed/160x120/Class2/Motospl10720.jpg,data/splits/train/Class2/Motospl10720.jpg,0
train,Class2,1,Motospl10452.jpg,data/processed/160x120/Class2/Motospl10452.jpg,data/splits/train/Class2/Motospl10452.jpg,0
train,Class2,1,Motospl10705.jpg,data/processed/160x120/Class2/Motospl10705.jpg,data/splits/train/Class2/Motospl10705.jpg,0
train,Class2,1,Motospl12365.jpg,data/processed/160x120/Class2/Motospl12365.jpg,data/splits/train/Class2/Motospl12365.jpg,0
train,Class2,1,Placa49.png,data/processed/160x120/Class2/Placa49.png,data/splits/train/Class2/Placa49.png,0
train,Class2,1,Motospl12298.jpg,data/processed/160x120/Class2/Motospl12298.jpg,data/splits/train/Class2/Motospl12298.jpg,0
train,Class2,1,Placas11183.jpg,data/processed/160x120/Class2/Placas11183.jpg,data/splits/train/Class2/Placas11183.jpg,0
train,Class2,1,Motospl10993.jpg,data/processed/160x120/Class2/Motospl10993.jpg,data/splits/train/Class2/Motospl10993.jpg,0
train,Class2,1,placaas11147.jpg,data/processed/160x120/Class2/placaas11147.jpg,data/splits/train/Class2/placaas11147.jpg,0
train,Class2,1,Motospl11597.jpg,data/processed/160x120/Class2/Motospl11597.jpg,data/splits/train/Class2/Motospl11597.jpg,0
train,Class2,1,Motospl10126.jpg,data/processed/160x120/Class2/Motospl10126.jpg,data/splits/train/Class2/Motospl10126.jpg,0
train,Class2,1,Motospl11468.jpg,data/processed/160x120/Class2/Motospl11468.jpg,data/splits/train/Class2/Motospl11468.jpg,0
train,Class2,1,Motospl11254.jpg,data/processed/160x120/Class2/Motospl11254.jpg,data/splits/train/Class2/Motospl11254.jpg,0
train,Class2,1,Motospl11886.jpg,data/processed/160x120/Class2/Motospl11886.jpg,data/splits/train/Class2/Motospl11886.jpg,0
train,Class2,1,Motospl10216.jpg,data/processed/160x120/Class2/Motospl10216.jpg,data/splits/train/Class2/Motospl10216.jpg,0
train,Class2,1,Motospl10093.jpg,data/processed/160x120/Class2/Motospl10093.jpg,data/splits/train/Class2/Motospl10093.jpg,0
train,Class2,1,Motospl11644.jpg,data/processed/160x120/Class2/Motospl11644.jpg,data/splits/train/Class2/Motospl11644.jpg,0
train,Class2,1,Motospl10697.jpg,data/processed/160x120/Class2/Motospl10697.jpg,data/splits/train/Class2/Motospl10697.jpg,0
train,Class2,1,Motospl10449.jpg,data/processed/160x120/Class2/Motospl10449.jpg,data/splits/train/Class2/Motospl10449.jpg,0
train,Class2,1,Motospl10088.jpg,data/processed/160x120/Class2/Motospl10088.jpg,data/splits/train/Class2/Motospl10088.jpg,0
train,Class2,1,Motospl11120.jpg,data/processed/160x120/Class2/Motospl11120.jpg,data/splits/train/Class2/Motospl11120.jpg,0
train,Class2,1,Motospl11548.jpg,data/processed/160x120/Class2/Motospl11548.jpg,data/splits/train/Class2/Motospl11548.jpg,0
train,Class2,1,Motospl10526.jpg,data/processed/160x120/Class2/Motospl10526.jpg,data/splits/train/Class2/Motospl10526.jpg,0
train,Class2,1,Motospl10317.jpg,data/processed/160x120/Class2/Motospl10317.jpg,data/splits/train/Class2/Motospl10317.jpg,0
train,Class2,1,plaacaas1153.jpg,data/processed/160x120/Class2/plaacaas1153.jpg,data/splits/train/Class2/plaacaas1153.jpg,0
train,Class2,1,Placa161.png,data/processed/160x120/Class2/Placa161.png,data/splits/train/Class2/Placa161.png,0
train,Class2,1,Motospl10480.jpg,data/processed/160x120/Class2/Motospl10480.jpg,data/splits/train/Class2/Motospl10480.jpg,0
train,Class2,1,Motospl12258.jpg,data/processed/160x120/Class2/Motospl12258.jpg,data/splits/train/Class2/Motospl12258.jpg,0
train,Class2,1,Motospl11751.jpg,data/processed/160x120/Class2/Motospl11751.jpg,data/splits/train/Class2/Motospl11751.jpg,0
train,Class2,1,Placa166.png,data/processed/160x120/Class2/Placa166.png,data/splits/train/Class2/Placa166.png,0
train,Class2,1,Motospl12141.jpg,data/processed/160x120/Class2/Motospl12141.jpg,data/splits/train/Class2/Motospl12141.jpg,0
train,Class2,1,Motospl11691.jpg,data/processed/160x120/Class2/Motospl11691.jpg,data/splits/train/Class2/Motospl11691.jpg,0
train,Class2,1,Placass10963.jpg,data/processed/160x120/Class2/Placass10963.jpg,data/splits/train/Class2/Placass10963.jpg,0
train,Class2,1,Motospl10859.jpg,data/processed/160x120/Class2/Motospl10859.jpg,data/splits/train/Class2/Motospl10859.jpg,0
train,Class2,1,Motospl12387.jpg,data/processed/160x120/Class2/Motospl12387.jpg,data/splits/train/Class2/Motospl12387.jpg,0
train,Class2,1,Motospl11673.jpg,data/processed/160x120/Class2/Motospl11673.jpg,data/splits/train/Class2/Motospl11673.jpg,0
train,Class2,1,Placas11594.jpg,data/processed/160x120/Class2/Placas11594.jpg,data/splits/train/Class2/Placas11594.jpg,0
train,Class2,1,Motospl11890.jpg,data/processed/160x120/Class2/Motospl11890.jpg,data/splits/train/Class2/Motospl11890.jpg,0
train,Class2,1,Motospl12339.jpg,data/processed/160x120/Class2/Motospl12339.jpg,data/splits/train/Class2/Motospl12339.jpg,0
train,Class2,1,Motospl11637.jpg,data/processed/160x120/Class2/Motospl11637.jpg,data/splits/train/Class2/Motospl11637.jpg,0
train,Class2,1,Motospl11711.jpg,data/processed/160x120/Class2/Motospl11711.jpg,data/splits/train/Class2/Motospl11711.jpg,0
train,Class2,1,Motospl12222.jpg,data/processed/160x120/Class2/Motospl12222.jpg,data/splits/train/Class2/Motospl12222.jpg,0
train,Class2,1,Placa27.png,data/processed/160x120/Class2/Placa27.png,data/splits/train/Class2/Placa27.png,0
train,Class2,1,Motospl12364.jpg,data/processed/160x120/Class2/Motospl12364.jpg,data/splits/train/Class2/Motospl12364.jpg,0
train,Class2,1,placas1304.jpg,data/processed/160x120/Class2/placas1304.jpg,data/splits/train/Class2/placas1304.jpg,0
train,Class2,1,Motospl10062.jpg,data/processed/160x120/Class2/Motospl10062.jpg,data/splits/train/Class2/Motospl10062.jpg,0
train,Class2,1,Motospl10652.jpg,data/processed/160x120/Class2/Motospl10652.jpg,data/splits/train/Class2/Motospl10652.jpg,0
train,Class2,1,Motospl11312.jpg,data/processed/160x120/Class2/Motospl11312.jpg,data/splits/train/Class2/Motospl11312.jpg,0
train,Class2,1,Placa205.png,data/processed/160x120/Class2/Placa205.png,data/splits/train/Class2/Placa205.png,0
train,Class2,1,Motospl10402.jpg,data/processed/160x120/Class2/Motospl10402.jpg,data/splits/train/Class2/Motospl10402.jpg,0
train,Class2,1,Motospl11628.jpg,data/processed/160x120/Class2/Motospl11628.jpg,data/splits/train/Class2/Motospl11628.jpg,0
train,Class2,1,Motospl11919.jpg,data/processed/160x120/Class2/Motospl11919.jpg,data/splits/train/Class2/Motospl11919.jpg,0
train,Class2,1,plaacaas1082.jpg,data/processed/160x120/Class2/plaacaas1082.jpg,data/splits/train/Class2/plaacaas1082.jpg,0
train,Class2,1,Placasia1042.png,data/processed/160x120/Class2/Placasia1042.png,data/splits/train/Class2/Placasia1042.png,0
train,Class2,1,Motospl11411.jpg,data/processed/160x120/Class2/Motospl11411.jpg,data/splits/train/Class2/Motospl11411.jpg,0
train,Class2,1,Motospl10832.jpg,data/processed/160x120/Class2/Motospl10832.jpg,data/splits/train/Class2/Motospl10832.jpg,0
train,Class2,1,Motospl11291.jpg,data/processed/160x120/Class2/Motospl11291.jpg,data/splits/train/Class2/Motospl11291.jpg,0
train,Class2,1,Motospl11371.jpg,data/processed/160x120/Class2/Motospl11371.jpg,data/splits/train/Class2/Motospl11371.jpg,0
train,Class2,1,Motospl10143.jpg,data/processed/160x120/Class2/Motospl10143.jpg,data/splits/train/Class2/Motospl10143.jpg,0
train,Class2,1,Motospl10263.jpg,data/processed/160x120/Class2/Motospl10263.jpg,data/splits/train/Class2/Motospl10263.jpg,0
train,Class2,1,Motospl11156.jpg,data/processed/160x120/Class2/Motospl11156.jpg,data/splits/train/Class2/Motospl11156.jpg,0
train,Class2,1,Motospl11831.jpg,data/processed/160x120/Class2/Motospl11831.jpg,data/splits/train/Class2/Motospl11831.jpg,0
train,Class2,1,Motospl11515.jpg,data/processed/160x120/Class2/Motospl11515.jpg,data/splits/train/Class2/Motospl11515.jpg,0
train,Class2,1,Motospl10672.jpg,data/processed/160x120/Class2/Motospl10672.jpg,data/splits/train/Class2/Motospl10672.jpg,0
train,Class2,1,Motospl10446.jpg,data/processed/160x120/Class2/Motospl10446.jpg,data/splits/train/Class2/Motospl10446.jpg,0
train,Class2,1,Motospl12142.jpg,data/processed/160x120/Class2/Motospl12142.jpg,data/splits/train/Class2/Motospl12142.jpg,0
train,Class2,1,Placass10355.jpg,data/processed/160x120/Class2/Placass10355.jpg,data/splits/train/Class2/Placass10355.jpg,0
train,Class2,1,placaas11258.jpg,data/processed/160x120/Class2/placaas11258.jpg,data/splits/train/Class2/placaas11258.jpg,0
train,Class2,1,Motospl10773.jpg,data/processed/160x120/Class2/Motospl10773.jpg,data/splits/train/Class2/Motospl10773.jpg,0
train,Class2,1,Placass10975.jpg,data/processed/160x120/Class2/Placass10975.jpg,data/splits/train/Class2/Placass10975.jpg,0
train,Class2,1,Motospl10940.jpg,data/processed/160x120/Class2/Motospl10940.jpg,data/splits/train/Class2/Motospl10940.jpg,0
train,Class2,1,placas1662.jpg,data/processed/160x120/Class2/placas1662.jpg,data/splits/train/Class2/placas1662.jpg,0
train,Class2,1,Motospl10520.jpg,data/processed/160x120/Class2/Motospl10520.jpg,data/splits/train/Class2/Motospl10520.jpg,0
train,Class2,1,Motospl10923.jpg,data/processed/160x120/Class2/Motospl10923.jpg,data/splits/train/Class2/Motospl10923.jpg,0
train,Class2,1,Motospl10872.jpg,data/processed/160x120/Class2/Motospl10872.jpg,data/splits/train/Class2/Motospl10872.jpg,0
train,Class2,1,Motospl11192.jpg,data/processed/160x120/Class2/Motospl11192.jpg,data/splits/train/Class2/Motospl11192.jpg,0
train,Class2,1,Motospl10518.jpg,data/processed/160x120/Class2/Motospl10518.jpg,data/splits/train/Class2/Motospl10518.jpg,0
train,Class2,1,Motospl10828.jpg,data/processed/160x120/Class2/Motospl10828.jpg,data/splits/train/Class2/Motospl10828.jpg,0
train,Class2,1,Motospl12242.jpg,data/processed/160x120/Class2/Motospl12242.jpg,data/splits/train/Class2/Motospl12242.jpg,0
train,Class2,1,Motospl10809.jpg,data/processed/160x120/Class2/Motospl10809.jpg,data/splits/train/Class2/Motospl10809.jpg,0
train,Class2,1,Motospl10115.jpg,data/processed/160x120/Class2/Motospl10115.jpg,data/splits/train/Class2/Motospl10115.jpg,0
train,Class2,1,Motospl12321.jpg,data/processed/160x120/Class2/Motospl12321.jpg,data/splits/train/Class2/Motospl12321.jpg,0
train,Class2,1,Motospl11608.jpg,data/processed/160x120/Class2/Motospl11608.jpg,data/splits/train/Class2/Motospl11608.jpg,0
train,Class2,1,Motospl11090.jpg,data/processed/160x120/Class2/Motospl11090.jpg,data/splits/train/Class2/Motospl11090.jpg,0
train,Class2,1,Placasm10097.jpg,data/processed/160x120/Class2/Placasm10097.jpg,data/splits/train/Class2/Placasm10097.jpg,0
train,Class2,1,Motospl12240.jpg,data/processed/160x120/Class2/Motospl12240.jpg,data/splits/train/Class2/Motospl12240.jpg,0
train,Class2,1,Motospl10032.jpg,data/processed/160x120/Class2/Motospl10032.jpg,data/splits/train/Class2/Motospl10032.jpg,0
train,Class2,1,Placas11305.jpg,data/processed/160x120/Class2/Placas11305.jpg,data/splits/train/Class2/Placas11305.jpg,0
train,Class2,1,Motospl11228.jpg,data/processed/160x120/Class2/Motospl11228.jpg,data/splits/train/Class2/Motospl11228.jpg,0
train,Class2,1,placas1575.jpg,data/processed/160x120/Class2/placas1575.jpg,data/splits/train/Class2/placas1575.jpg,0
train,Class2,1,Placasm11072.jpg,data/processed/160x120/Class2/Placasm11072.jpg,data/splits/train/Class2/Placasm11072.jpg,0
train,Class2,1,Motospl11472.jpg,data/processed/160x120/Class2/Motospl11472.jpg,data/splits/train/Class2/Motospl11472.jpg,0
train,Class2,1,Motospl12279.jpg,data/processed/160x120/Class2/Motospl12279.jpg,data/splits/train/Class2/Motospl12279.jpg,0
train,Class2,1,Motospl12417.jpg,data/processed/160x120/Class2/Motospl12417.jpg,data/splits/train/Class2/Motospl12417.jpg,0
train,Class2,1,Motospl11863.jpg,data/processed/160x120/Class2/Motospl11863.jpg,data/splits/train/Class2/Motospl11863.jpg,0
train,Class2,1,Motospl10436.jpg,data/processed/160x120/Class2/Motospl10436.jpg,data/splits/train/Class2/Motospl10436.jpg,0
train,Class2,1,Motospl11395.jpg,data/processed/160x120/Class2/Motospl11395.jpg,data/splits/train/Class2/Motospl11395.jpg,0
train,Class2,1,Motospl10290.jpg,data/processed/160x120/Class2/Motospl10290.jpg,data/splits/train/Class2/Motospl10290.jpg,0
train,Class2,1,Motospl11297.jpg,data/processed/160x120/Class2/Motospl11297.jpg,data/splits/train/Class2/Motospl11297.jpg,0
train,Class2,1,Motospl11888.jpg,data/processed/160x120/Class2/Motospl11888.jpg,data/splits/train/Class2/Motospl11888.jpg,0
train,Class2,1,Placass11345.jpg,data/processed/160x120/Class2/Placass11345.jpg,data/splits/train/Class2/Placass11345.jpg,0
train,Class2,1,placas1461.jpg,data/processed/160x120/Class2/placas1461.jpg,data/splits/train/Class2/placas1461.jpg,0
train,Class2,1,Motospl11147.jpg,data/processed/160x120/Class2/Motospl11147.jpg,data/splits/train/Class2/Motospl11147.jpg,0
train,Class2,1,Motospl10038.jpg,data/processed/160x120/Class2/Motospl10038.jpg,data/splits/train/Class2/Motospl10038.jpg,0
train,Class2,1,Motospl11968.jpg,data/processed/160x120/Class2/Motospl11968.jpg,data/splits/train/Class2/Motospl11968.jpg,0
train,Class2,1,Motospl10195.jpg,data/processed/160x120/Class2/Motospl10195.jpg,data/splits/train/Class2/Motospl10195.jpg,0
train,Class2,1,Motospl11808.jpg,data/processed/160x120/Class2/Motospl11808.jpg,data/splits/train/Class2/Motospl11808.jpg,0
train,Class2,1,Motospl10020.jpg,data/processed/160x120/Class2/Motospl10020.jpg,data/splits/train/Class2/Motospl10020.jpg,0
train,Class2,1,Motospl10991.jpg,data/processed/160x120/Class2/Motospl10991.jpg,data/splits/train/Class2/Motospl10991.jpg,0
train,Class2,1,Motospl11724.jpg,data/processed/160x120/Class2/Motospl11724.jpg,data/splits/train/Class2/Motospl11724.jpg,0
train,Class2,1,Motospl11118.jpg,data/processed/160x120/Class2/Motospl11118.jpg,data/splits/train/Class2/Motospl11118.jpg,0
train,Class2,1,Motospl11630.jpg,data/processed/160x120/Class2/Motospl11630.jpg,data/splits/train/Class2/Motospl11630.jpg,0
train,Class2,1,Motospl12414.jpg,data/processed/160x120/Class2/Motospl12414.jpg,data/splits/train/Class2/Motospl12414.jpg,0
train,Class2,1,Motospl12114.jpg,data/processed/160x120/Class2/Motospl12114.jpg,data/splits/train/Class2/Motospl12114.jpg,0
train,Class2,1,Motospl10748.jpg,data/processed/160x120/Class2/Motospl10748.jpg,data/splits/train/Class2/Motospl10748.jpg,0
train,Class2,1,Motospl11410.jpg,data/processed/160x120/Class2/Motospl11410.jpg,data/splits/train/Class2/Motospl11410.jpg,0
train,Class2,1,Motospl10891.jpg,data/processed/160x120/Class2/Motospl10891.jpg,data/splits/train/Class2/Motospl10891.jpg,0
train,Class2,1,Motospl12091.jpg,data/processed/160x120/Class2/Motospl12091.jpg,data/splits/train/Class2/Motospl12091.jpg,0
train,Class2,1,Placa1.png,data/processed/160x120/Class2/Placa1.png,data/splits/train/Class2/Placa1.png,0
train,Class2,1,Motospl11177.jpg,data/processed/160x120/Class2/Motospl11177.jpg,data/splits/train/Class2/Motospl11177.jpg,0
train,Class2,1,Motospl12330.jpg,data/processed/160x120/Class2/Motospl12330.jpg,data/splits/train/Class2/Motospl12330.jpg,0
train,Class2,1,Motospl10648.jpg,data/processed/160x120/Class2/Motospl10648.jpg,data/splits/train/Class2/Motospl10648.jpg,0
train,Class2,1,Placas11358.jpg,data/processed/160x120/Class2/Placas11358.jpg,data/splits/train/Class2/Placas11358.jpg,0
train,Class2,1,placaas11047.jpg,data/processed/160x120/Class2/placaas11047.jpg,data/splits/train/Class2/placaas11047.jpg,0
train,Class2,1,Motospl10382.jpg,data/processed/160x120/Class2/Motospl10382.jpg,data/splits/train/Class2/Motospl10382.jpg,0
train,Class2,1,Motospl11662.jpg,data/processed/160x120/Class2/Motospl11662.jpg,data/splits/train/Class2/Motospl11662.jpg,0
train,Class2,1,Motospl11210.jpg,data/processed/160x120/Class2/Motospl11210.jpg,data/splits/train/Class2/Motospl11210.jpg,0
train,Class2,1,Motospl11457.jpg,data/processed/160x120/Class2/Motospl11457.jpg,data/splits/train/Class2/Motospl11457.jpg,0
train,Class2,1,Motospl10914.jpg,data/processed/160x120/Class2/Motospl10914.jpg,data/splits/train/Class2/Motospl10914.jpg,0
train,Class2,1,Motospl10495.jpg,data/processed/160x120/Class2/Motospl10495.jpg,data/splits/train/Class2/Motospl10495.jpg,0
train,Class2,1,Motospl11329.jpg,data/processed/160x120/Class2/Motospl11329.jpg,data/splits/train/Class2/Motospl11329.jpg,0
train,Class2,1,Motospl11582.jpg,data/processed/160x120/Class2/Motospl11582.jpg,data/splits/train/Class2/Motospl11582.jpg,0
train,Class2,1,Motospl11014.jpg,data/processed/160x120/Class2/Motospl11014.jpg,data/splits/train/Class2/Motospl11014.jpg,0
train,Class2,1,Placas11473.jpg,data/processed/160x120/Class2/Placas11473.jpg,data/splits/train/Class2/Placas11473.jpg,0
train,Class2,1,Motospl12277.jpg,data/processed/160x120/Class2/Motospl12277.jpg,data/splits/train/Class2/Motospl12277.jpg,0
train,Class2,1,Motospl10668.jpg,data/processed/160x120/Class2/Motospl10668.jpg,data/splits/train/Class2/Motospl10668.jpg,0
train,Class2,1,Motospl12377.jpg,data/processed/160x120/Class2/Motospl12377.jpg,data/splits/train/Class2/Motospl12377.jpg,0
train,Class2,1,Motospl11368.jpg,data/processed/160x120/Class2/Motospl11368.jpg,data/splits/train/Class2/Motospl11368.jpg,0
train,Class2,1,Placass10547.jpg,data/processed/160x120/Class2/Placass10547.jpg,data/splits/train/Class2/Placass10547.jpg,0
train,Class2,1,plaacaas1035.jpg,data/processed/160x120/Class2/plaacaas1035.jpg,data/splits/train/Class2/plaacaas1035.jpg,0
train,Class2,1,Motospl12078.jpg,data/processed/160x120/Class2/Motospl12078.jpg,data/splits/train/Class2/Motospl12078.jpg,0
train,Class2,1,placas1484.jpg,data/processed/160x120/Class2/placas1484.jpg,data/splits/train/Class2/placas1484.jpg,0
train,Class2,1,Motospl11153.jpg,data/processed/160x120/Class2/Motospl11153.jpg,data/splits/train/Class2/Motospl11153.jpg,0
train,Class2,1,Motospl10752.jpg,data/processed/160x120/Class2/Motospl10752.jpg,data/splits/train/Class2/Motospl10752.jpg,0
train,Class2,1,Motospl10036.jpg,data/processed/160x120/Class2/Motospl10036.jpg,data/splits/train/Class2/Motospl10036.jpg,0
train,Class2,1,Placass10870.jpg,data/processed/160x120/Class2/Placass10870.jpg,data/splits/train/Class2/Placass10870.jpg,0
train,Class2,1,Placa54.png,data/processed/160x120/Class2/Placa54.png,data/splits/train/Class2/Placa54.png,0
train,Class2,1,Motospl12419.jpg,data/processed/160x120/Class2/Motospl12419.jpg,data/splits/train/Class2/Motospl12419.jpg,0
train,Class2,1,Motospl10278.jpg,data/processed/160x120/Class2/Motospl10278.jpg,data/splits/train/Class2/Motospl10278.jpg,0
train,Class2,1,Motospl11435.jpg,data/processed/160x120/Class2/Motospl11435.jpg,data/splits/train/Class2/Motospl11435.jpg,0
train,Class2,1,Motospl11089.jpg,data/processed/160x120/Class2/Motospl11089.jpg,data/splits/train/Class2/Motospl11089.jpg,0
train,Class2,1,Motospl11729.jpg,data/processed/160x120/Class2/Motospl11729.jpg,data/splits/train/Class2/Motospl11729.jpg,0
train,Class2,1,Motospl11075.jpg,data/processed/160x120/Class2/Motospl11075.jpg,data/splits/train/Class2/Motospl11075.jpg,0
train,Class2,1,Motospl12439.jpg,data/processed/160x120/Class2/Motospl12439.jpg,data/splits/train/Class2/Motospl12439.jpg,0
train,Class2,1,Motospl10413.jpg,data/processed/160x120/Class2/Motospl10413.jpg,data/splits/train/Class2/Motospl10413.jpg,0
train,Class2,1,placaas11164.jpg,data/processed/160x120/Class2/placaas11164.jpg,data/splits/train/Class2/placaas11164.jpg,0
train,Class2,1,Motospl10114.jpg,data/processed/160x120/Class2/Motospl10114.jpg,data/splits/train/Class2/Motospl10114.jpg,0
train,Class2,1,Motospl10825.jpg,data/processed/160x120/Class2/Motospl10825.jpg,data/splits/train/Class2/Motospl10825.jpg,0
train,Class2,1,Motospl11438.jpg,data/processed/160x120/Class2/Motospl11438.jpg,data/splits/train/Class2/Motospl11438.jpg,0
train,Class2,1,Motospl10515.jpg,data/processed/160x120/Class2/Motospl10515.jpg,data/splits/train/Class2/Motospl10515.jpg,0
train,Class2,1,Motospl12144.jpg,data/processed/160x120/Class2/Motospl12144.jpg,data/splits/train/Class2/Motospl12144.jpg,0
train,Class2,1,placas1450.jpg,data/processed/160x120/Class2/placas1450.jpg,data/splits/train/Class2/placas1450.jpg,0
train,Class2,1,Motospl10951.jpg,data/processed/160x120/Class2/Motospl10951.jpg,data/splits/train/Class2/Motospl10951.jpg,0
train,Class2,1,placas1522.jpg,data/processed/160x120/Class2/placas1522.jpg,data/splits/train/Class2/placas1522.jpg,0
train,Class2,1,Placa66.png,data/processed/160x120/Class2/Placa66.png,data/splits/train/Class2/Placa66.png,0
train,Class2,1,Motospl11343.jpg,data/processed/160x120/Class2/Motospl11343.jpg,data/splits/train/Class2/Motospl11343.jpg,0
train,Class2,1,Motospl10686.jpg,data/processed/160x120/Class2/Motospl10686.jpg,data/splits/train/Class2/Motospl10686.jpg,0
train,Class2,1,Motospl11242.jpg,data/processed/160x120/Class2/Motospl11242.jpg,data/splits/train/Class2/Motospl11242.jpg,0
train,Class2,1,Motospl10003.jpg,data/processed/160x120/Class2/Motospl10003.jpg,data/splits/train/Class2/Motospl10003.jpg,0
train,Class2,1,Motospl11851.jpg,data/processed/160x120/Class2/Motospl11851.jpg,data/splits/train/Class2/Motospl11851.jpg,0
train,Class2,1,placas1023.jpg,data/processed/160x120/Class2/placas1023.jpg,data/splits/train/Class2/placas1023.jpg,0
train,Class2,1,Motospl11503.jpg,data/processed/160x120/Class2/Motospl11503.jpg,data/splits/train/Class2/Motospl11503.jpg,0
train,Class2,1,Motospl11449.jpg,data/processed/160x120/Class2/Motospl11449.jpg,data/splits/train/Class2/Motospl11449.jpg,0
train,Class2,1,Motospl12286.jpg,data/processed/160x120/Class2/Motospl12286.jpg,data/splits/train/Class2/Motospl12286.jpg,0
train,Class2,1,Motospl12353.jpg,data/processed/160x120/Class2/Motospl12353.jpg,data/splits/train/Class2/Motospl12353.jpg,0
train,Class2,1,Motospl11918.jpg,data/processed/160x120/Class2/Motospl11918.jpg,data/splits/train/Class2/Motospl11918.jpg,0
train,Class2,1,Motospl10255.jpg,data/processed/160x120/Class2/Motospl10255.jpg,data/splits/train/Class2/Motospl10255.jpg,0
train,Class2,1,Placa56.png,data/processed/160x120/Class2/Placa56.png,data/splits/train/Class2/Placa56.png,0
train,Class2,1,Motospl10763.jpg,data/processed/160x120/Class2/Motospl10763.jpg,data/splits/train/Class2/Motospl10763.jpg,0
train,Class2,1,Motospl11600.jpg,data/processed/160x120/Class2/Motospl11600.jpg,data/splits/train/Class2/Motospl11600.jpg,0
train,Class2,1,Motospl11477.jpg,data/processed/160x120/Class2/Motospl11477.jpg,data/splits/train/Class2/Motospl11477.jpg,0
train,Class2,1,placaas10300.jpg,data/processed/160x120/Class2/placaas10300.jpg,data/splits/train/Class2/placaas10300.jpg,0
train,Class2,1,Motospl10367.jpg,data/processed/160x120/Class2/Motospl10367.jpg,data/splits/train/Class2/Motospl10367.jpg,0
train,Class2,1,Motospl11257.jpg,data/processed/160x120/Class2/Motospl11257.jpg,data/splits/train/Class2/Motospl11257.jpg,0
train,Class2,1,placaas10800.jpg,data/processed/160x120/Class2/placaas10800.jpg,data/splits/train/Class2/placaas10800.jpg,0
train,Class2,1,Motospl10753.jpg,data/processed/160x120/Class2/Motospl10753.jpg,data/splits/train/Class2/Motospl10753.jpg,0
train,Class2,1,Placa69.png,data/processed/160x120/Class2/Placa69.png,data/splits/train/Class2/Placa69.png,0
train,Class2,1,Motospl11338.jpg,data/processed/160x120/Class2/Motospl11338.jpg,data/splits/train/Class2/Motospl11338.jpg,0
train,Class2,1,placas1024.jpg,data/processed/160x120/Class2/placas1024.jpg,data/splits/train/Class2/placas1024.jpg,0
train,Class2,1,Motospl11357.jpg,data/processed/160x120/Class2/Motospl11357.jpg,data/splits/train/Class2/Motospl11357.jpg,0
train,Class2,1,placas1525.jpg,data/processed/160x120/Class2/placas1525.jpg,data/splits/train/Class2/placas1525.jpg,0
train,Class2,1,Motospl10160.jpg,data/processed/160x120/Class2/Motospl10160.jpg,data/splits/train/Class2/Motospl10160.jpg,0
train,Class2,1,Motospl12398.jpg,data/processed/160x120/Class2/Motospl12398.jpg,data/splits/train/Class2/Motospl12398.jpg,0
train,Class2,1,Motospl10047.jpg,data/processed/160x120/Class2/Motospl10047.jpg,data/splits/train/Class2/Motospl10047.jpg,0
train,Class2,1,placas1696.jpg,data/processed/160x120/Class2/placas1696.jpg,data/splits/train/Class2/placas1696.jpg,0
train,Class2,1,Motospl11927.jpg,data/processed/160x120/Class2/Motospl11927.jpg,data/splits/train/Class2/Motospl11927.jpg,0
train,Class2,1,Motospl10250.jpg,data/processed/160x120/Class2/Motospl10250.jpg,data/splits/train/Class2/Motospl10250.jpg,0
train,Class2,1,Placasia1038.png,data/processed/160x120/Class2/Placasia1038.png,data/splits/train/Class2/Placasia1038.png,0
train,Class2,1,placaas10220.jpg,data/processed/160x120/Class2/placaas10220.jpg,data/splits/train/Class2/placaas10220.jpg,0
train,Class2,1,Motospl11406.jpg,data/processed/160x120/Class2/Motospl11406.jpg,data/splits/train/Class2/Motospl11406.jpg,0
train,Class2,1,Placass11208.jpg,data/processed/160x120/Class2/Placass11208.jpg,data/splits/train/Class2/Placass11208.jpg,0
train,Class2,1,Motospl11077.jpg,data/processed/160x120/Class2/Motospl11077.jpg,data/splits/train/Class2/Motospl11077.jpg,0
train,Class2,1,Motospl12274.jpg,data/processed/160x120/Class2/Motospl12274.jpg,data/splits/train/Class2/Motospl12274.jpg,0
train,Class2,1,Motospl11284.jpg,data/processed/160x120/Class2/Motospl11284.jpg,data/splits/train/Class2/Motospl11284.jpg,0
train,Class2,1,Motospl10294.jpg,data/processed/160x120/Class2/Motospl10294.jpg,data/splits/train/Class2/Motospl10294.jpg,0
train,Class2,1,Motospl10331.jpg,data/processed/160x120/Class2/Motospl10331.jpg,data/splits/train/Class2/Motospl10331.jpg,0
train,Class2,1,Placass11084.jpg,data/processed/160x120/Class2/Placass11084.jpg,data/splits/train/Class2/Placass11084.jpg,0
train,Class2,1,Motospl11480.jpg,data/processed/160x120/Class2/Motospl11480.jpg,data/splits/train/Class2/Motospl11480.jpg,0
train,Class2,1,Placa28.png,data/processed/160x120/Class2/Placa28.png,data/splits/train/Class2/Placa28.png,0
train,Class2,1,placas1670.jpg,data/processed/160x120/Class2/placas1670.jpg,data/splits/train/Class2/placas1670.jpg,0
train,Class2,1,Motospl10977.jpg,data/processed/160x120/Class2/Motospl10977.jpg,data/splits/train/Class2/Motospl10977.jpg,0
train,Class2,1,Motospl11025.jpg,data/processed/160x120/Class2/Motospl11025.jpg,data/splits/train/Class2/Motospl11025.jpg,0
train,Class2,1,Motospl12441.jpg,data/processed/160x120/Class2/Motospl12441.jpg,data/splits/train/Class2/Motospl12441.jpg,0
train,Class2,1,Motospl10930.jpg,data/processed/160x120/Class2/Motospl10930.jpg,data/splits/train/Class2/Motospl10930.jpg,0
train,Class2,1,Motospl10972.jpg,data/processed/160x120/Class2/Motospl10972.jpg,data/splits/train/Class2/Motospl10972.jpg,0
train,Class2,1,Motospl11047.jpg,data/processed/160x120/Class2/Motospl11047.jpg,data/splits/train/Class2/Motospl11047.jpg,0
train,Class2,1,Motospl11418.jpg,data/processed/160x120/Class2/Motospl11418.jpg,data/splits/train/Class2/Motospl11418.jpg,0
train,Class2,1,Placa14.png,data/processed/160x120/Class2/Placa14.png,data/splits/train/Class2/Placa14.png,0
train,Class2,1,placas1526.jpg,data/processed/160x120/Class2/placas1526.jpg,data/splits/train/Class2/placas1526.jpg,0
train,Class2,1,Motospl10995.jpg,data/processed/160x120/Class2/Motospl10995.jpg,data/splits/train/Class2/Motospl10995.jpg,0
train,Class2,1,Motospl10684.jpg,data/processed/160x120/Class2/Motospl10684.jpg,data/splits/train/Class2/Motospl10684.jpg,0
train,Class2,1,Motospl10898.jpg,data/processed/160x120/Class2/Motospl10898.jpg,data/splits/train/Class2/Motospl10898.jpg,0
train,Class2,1,Motospl12374.jpg,data/processed/160x120/Class2/Motospl12374.jpg,data/splits/train/Class2/Motospl12374.jpg,0
train,Class2,1,Motospl12045.jpg,data/processed/160x120/Class2/Motospl12045.jpg,data/splits/train/Class2/Motospl12045.jpg,0
train,Class2,1,Motospl10014.jpg,data/processed/160x120/Class2/Motospl10014.jpg,data/splits/train/Class2/Motospl10014.jpg,0
train,Class2,1,Placa31.png,data/processed/160x120/Class2/Placa31.png,data/splits/train/Class2/Placa31.png,0
train,Class2,1,Motospl10562.jpg,data/processed/160x120/Class2/Motospl10562.jpg,data/splits/train/Class2/Motospl10562.jpg,0
train,Class2,1,Placas11231.jpg,data/processed/160x120/Class2/Placas11231.jpg,data/splits/train/Class2/Placas11231.jpg,0
train,Class2,1,Motospl11268.jpg,data/processed/160x120/Class2/Motospl11268.jpg,data/splits/train/Class2/Motospl11268.jpg,0
train,Class2,1,Motospl12038.jpg,data/processed/160x120/Class2/Motospl12038.jpg,data/splits/train/Class2/Motospl12038.jpg,0
train,Class2,1,Motospl11676.jpg,data/processed/160x120/Class2/Motospl11676.jpg,data/splits/train/Class2/Motospl11676.jpg,0
train,Class2,1,Motospl11774.jpg,data/processed/160x120/Class2/Motospl11774.jpg,data/splits/train/Class2/Motospl11774.jpg,0
train,Class2,1,placaas10204.jpg,data/processed/160x120/Class2/placaas10204.jpg,data/splits/train/Class2/placaas10204.jpg,0
train,Class2,1,Motospl12289.jpg,data/processed/160x120/Class2/Motospl12289.jpg,data/splits/train/Class2/Motospl12289.jpg,0
train,Class2,1,Motospl10119.jpg,data/processed/160x120/Class2/Motospl10119.jpg,data/splits/train/Class2/Motospl10119.jpg,0
train,Class2,1,Motospl11369.jpg,data/processed/160x120/Class2/Motospl11369.jpg,data/splits/train/Class2/Motospl11369.jpg,0
train,Class2,1,Motospl11009.jpg,data/processed/160x120/Class2/Motospl11009.jpg,data/splits/train/Class2/Motospl11009.jpg,0
train,Class2,1,Motospl12255.jpg,data/processed/160x120/Class2/Motospl12255.jpg,data/splits/train/Class2/Motospl12255.jpg,0
train,Class2,1,Motospl10600.jpg,data/processed/160x120/Class2/Motospl10600.jpg,data/splits/train/Class2/Motospl10600.jpg,0
train,Class2,1,Placasm10825.jpg,data/processed/160x120/Class2/Placasm10825.jpg,data/splits/train/Class2/Placasm10825.jpg,0
train,Class2,1,Motospl10322.jpg,data/processed/160x120/Class2/Motospl10322.jpg,data/splits/train/Class2/Motospl10322.jpg,0
train,Class2,1,placaas10967.jpg,data/processed/160x120/Class2/placaas10967.jpg,data/splits/train/Class2/placaas10967.jpg,0
train,Class2,1,Motospl11290.jpg,data/processed/160x120/Class2/Motospl11290.jpg,data/splits/train/Class2/Motospl11290.jpg,0
train,Class2,1,Motospl10044.jpg,data/processed/160x120/Class2/Motospl10044.jpg,data/splits/train/Class2/Motospl10044.jpg,0
train,Class2,1,Motospl10645.jpg,data/processed/160x120/Class2/Motospl10645.jpg,data/splits/train/Class2/Motospl10645.jpg,0
train,Class2,1,Motospl11771.jpg,data/processed/160x120/Class2/Motospl11771.jpg,data/splits/train/Class2/Motospl11771.jpg,0
train,Class2,1,Placas11486.jpg,data/processed/160x120/Class2/Placas11486.jpg,data/splits/train/Class2/Placas11486.jpg,0
train,Class2,1,Motospl10893.jpg,data/processed/160x120/Class2/Motospl10893.jpg,data/splits/train/Class2/Motospl10893.jpg,0
train,Class2,1,Motospl10013.jpg,data/processed/160x120/Class2/Motospl10013.jpg,data/splits/train/Class2/Motospl10013.jpg,0
train,Class2,1,Motospl10028.jpg,data/processed/160x120/Class2/Motospl10028.jpg,data/splits/train/Class2/Motospl10028.jpg,0
train,Class2,1,Motospl11244.jpg,data/processed/160x120/Class2/Motospl11244.jpg,data/splits/train/Class2/Motospl11244.jpg,0
train,Class2,1,Motospl11663.jpg,data/processed/160x120/Class2/Motospl11663.jpg,data/splits/train/Class2/Motospl11663.jpg,0
train,Class2,1,Placa72.png,data/processed/160x120/Class2/Placa72.png,data/splits/train/Class2/Placa72.png,0
train,Class2,1,placas1704.jpg,data/processed/160x120/Class2/placas1704.jpg,data/splits/train/Class2/placas1704.jpg,0
train,Class2,1,Motospl11969.jpg,data/processed/160x120/Class2/Motospl11969.jpg,data/splits/train/Class2/Motospl11969.jpg,0
train,Class2,1,Motospl12150.jpg,data/processed/160x120/Class2/Motospl12150.jpg,data/splits/train/Class2/Motospl12150.jpg,0
train,Class2,1,Motospl10512.jpg,data/processed/160x120/Class2/Motospl10512.jpg,data/splits/train/Class2/Motospl10512.jpg,0
train,Class2,1,Motospl10109.jpg,data/processed/160x120/Class2/Motospl10109.jpg,data/splits/train/Class2/Motospl10109.jpg,0
train,Class2,1,Motospl12070.jpg,data/processed/160x120/Class2/Motospl12070.jpg,data/splits/train/Class2/Motospl12070.jpg,0
train,Class2,1,Motospl10390.jpg,data/processed/160x120/Class2/Motospl10390.jpg,data/splits/train/Class2/Motospl10390.jpg,0
train,Class2,1,Motospl12261.jpg,data/processed/160x120/Class2/Motospl12261.jpg,data/splits/train/Class2/Motospl12261.jpg,0
train,Class2,1,Motospl12404.jpg,data/processed/160x120/Class2/Motospl12404.jpg,data/splits/train/Class2/Motospl12404.jpg,0
train,Class2,1,Placa160.png,data/processed/160x120/Class2/Placa160.png,data/splits/train/Class2/Placa160.png,0
train,Class2,1,Motospl11045.jpg,data/processed/160x120/Class2/Motospl11045.jpg,data/splits/train/Class2/Motospl11045.jpg,0
train,Class2,1,placaas11054.jpg,data/processed/160x120/Class2/placaas11054.jpg,data/splits/train/Class2/placaas11054.jpg,0
train,Class2,1,Motospl10379.jpg,data/processed/160x120/Class2/Motospl10379.jpg,data/splits/train/Class2/Motospl10379.jpg,0
train,Class2,1,Motospl10066.jpg,data/processed/160x120/Class2/Motospl10066.jpg,data/splits/train/Class2/Motospl10066.jpg,0
train,Class2,1,Motospl12432.jpg,data/processed/160x120/Class2/Motospl12432.jpg,data/splits/train/Class2/Motospl12432.jpg,0
train,Class2,1,Motospl12084.jpg,data/processed/160x120/Class2/Motospl12084.jpg,data/splits/train/Class2/Motospl12084.jpg,0
train,Class2,1,Placa176.png,data/processed/160x120/Class2/Placa176.png,data/splits/train/Class2/Placa176.png,0
train,Class2,1,Motospl10691.jpg,data/processed/160x120/Class2/Motospl10691.jpg,data/splits/train/Class2/Motospl10691.jpg,0
train,Class2,1,Placasm10822.jpg,data/processed/160x120/Class2/Placasm10822.jpg,data/splits/train/Class2/Placasm10822.jpg,0
train,Class2,1,Motospl12167.jpg,data/processed/160x120/Class2/Motospl12167.jpg,data/splits/train/Class2/Motospl12167.jpg,0
train,Class2,1,Motospl10306.jpg,data/processed/160x120/Class2/Motospl10306.jpg,data/splits/train/Class2/Motospl10306.jpg,0
train,Class2,1,Motospl11977.jpg,data/processed/160x120/Class2/Motospl11977.jpg,data/splits/train/Class2/Motospl11977.jpg,0
train,Class2,1,Motospl11246.jpg,data/processed/160x120/Class2/Motospl11246.jpg,data/splits/train/Class2/Motospl11246.jpg,0
train,Class2,1,Motospl12115.jpg,data/processed/160x120/Class2/Motospl12115.jpg,data/splits/train/Class2/Motospl12115.jpg,0
train,Class2,1,Placass10238.jpg,data/processed/160x120/Class2/Placass10238.jpg,data/splits/train/Class2/Placass10238.jpg,0
train,Class2,1,Motospl10141.jpg,data/processed/160x120/Class2/Motospl10141.jpg,data/splits/train/Class2/Motospl10141.jpg,0
train,Class2,1,Motospl10205.jpg,data/processed/160x120/Class2/Motospl10205.jpg,data/splits/train/Class2/Motospl10205.jpg,0
train,Class2,1,Motospl10336.jpg,data/processed/160x120/Class2/Motospl10336.jpg,data/splits/train/Class2/Motospl10336.jpg,0
train,Class2,1,plaacaas1079.jpg,data/processed/160x120/Class2/plaacaas1079.jpg,data/splits/train/Class2/plaacaas1079.jpg,0
train,Class2,1,Motospl12304.jpg,data/processed/160x120/Class2/Motospl12304.jpg,data/splits/train/Class2/Motospl12304.jpg,0
train,Class2,1,Motospl12020.jpg,data/processed/160x120/Class2/Motospl12020.jpg,data/splits/train/Class2/Motospl12020.jpg,0
train,Class2,1,Motospl10718.jpg,data/processed/160x120/Class2/Motospl10718.jpg,data/splits/train/Class2/Motospl10718.jpg,0
train,Class2,1,Placa43.png,data/processed/160x120/Class2/Placa43.png,data/splits/train/Class2/Placa43.png,0
train,Class2,1,Motospl10165.jpg,data/processed/160x120/Class2/Motospl10165.jpg,data/splits/train/Class2/Motospl10165.jpg,0
train,Class2,1,Motospl10163.jpg,data/processed/160x120/Class2/Motospl10163.jpg,data/splits/train/Class2/Motospl10163.jpg,0
train,Class2,1,Placass10501.jpg,data/processed/160x120/Class2/Placass10501.jpg,data/splits/train/Class2/Placass10501.jpg,0
train,Class2,1,Motospl10178.jpg,data/processed/160x120/Class2/Motospl10178.jpg,data/splits/train/Class2/Motospl10178.jpg,0
train,Class2,1,Motospl11062.jpg,data/processed/160x120/Class2/Motospl11062.jpg,data/splits/train/Class2/Motospl11062.jpg,0
train,Class2,1,Motospl12145.jpg,data/processed/160x120/Class2/Motospl12145.jpg,data/splits/train/Class2/Motospl12145.jpg,0
train,Class2,1,placaas10235.jpg,data/processed/160x120/Class2/placaas10235.jpg,data/splits/train/Class2/placaas10235.jpg,0
train,Class2,1,placas1237.jpg,data/processed/160x120/Class2/placas1237.jpg,data/splits/train/Class2/placas1237.jpg,0
train,Class2,1,Motospl10610.jpg,data/processed/160x120/Class2/Motospl10610.jpg,data/splits/train/Class2/Motospl10610.jpg,0
train,Class2,1,placaas10324.jpg,data/processed/160x120/Class2/placaas10324.jpg,data/splits/train/Class2/placaas10324.jpg,0
train,Class2,1,Motospl11954.jpg,data/processed/160x120/Class2/Motospl11954.jpg,data/splits/train/Class2/Motospl11954.jpg,0
train,Class2,1,Placa202.png,data/processed/160x120/Class2/Placa202.png,data/splits/train/Class2/Placa202.png,0
train,Class2,1,Motospl11629.jpg,data/processed/160x120/Class2/Motospl11629.jpg,data/splits/train/Class2/Motospl11629.jpg,0
train,Class2,1,Motospl10175.jpg,data/processed/160x120/Class2/Motospl10175.jpg,data/splits/train/Class2/Motospl10175.jpg,0
train,Class2,1,Motospl11550.jpg,data/processed/160x120/Class2/Motospl11550.jpg,data/splits/train/Class2/Motospl11550.jpg,0
train,Class2,1,Motospl10333.jpg,data/processed/160x120/Class2/Motospl10333.jpg,data/splits/train/Class2/Motospl10333.jpg,0
train,Class2,1,Motospl12176.jpg,data/processed/160x120/Class2/Motospl12176.jpg,data/splits/train/Class2/Motospl12176.jpg,0
train,Class2,1,Motospl10488.jpg,data/processed/160x120/Class2/Motospl10488.jpg,data/splits/train/Class2/Motospl10488.jpg,0
train,Class2,1,Motospl10754.jpg,data/processed/160x120/Class2/Motospl10754.jpg,data/splits/train/Class2/Motospl10754.jpg,0
train,Class2,1,Motospl11171.jpg,data/processed/160x120/Class2/Motospl11171.jpg,data/splits/train/Class2/Motospl11171.jpg,0
train,Class2,1,Motospl10716.jpg,data/processed/160x120/Class2/Motospl10716.jpg,data/splits/train/Class2/Motospl10716.jpg,0
train,Class2,1,Motospl10913.jpg,data/processed/160x120/Class2/Motospl10913.jpg,data/splits/train/Class2/Motospl10913.jpg,0
train,Class2,1,placas1440.jpg,data/processed/160x120/Class2/placas1440.jpg,data/splits/train/Class2/placas1440.jpg,0
train,Class2,1,placas1047.jpg,data/processed/160x120/Class2/placas1047.jpg,data/splits/train/Class2/placas1047.jpg,0
train,Class2,1,Motospl10946.jpg,data/processed/160x120/Class2/Motospl10946.jpg,data/splits/train/Class2/Motospl10946.jpg,0
train,Class2,1,Motospl11914.jpg,data/processed/160x120/Class2/Motospl11914.jpg,data/splits/train/Class2/Motospl11914.jpg,0
train,Class2,1,Placa45.png,data/processed/160x120/Class2/Placa45.png,data/splits/train/Class2/Placa45.png,0
train,Class2,1,Motospl10384.jpg,data/processed/160x120/Class2/Motospl10384.jpg,data/splits/train/Class2/Motospl10384.jpg,0
train,Class2,1,placas1415.jpg,data/processed/160x120/Class2/placas1415.jpg,data/splits/train/Class2/placas1415.jpg,0
train,Class2,1,Motospl10658.jpg,data/processed/160x120/Class2/Motospl10658.jpg,data/splits/train/Class2/Motospl10658.jpg,0
train,Class2,1,Placas11343.jpg,data/processed/160x120/Class2/Placas11343.jpg,data/splits/train/Class2/Placas11343.jpg,0
train,Class2,1,Placa148.png,data/processed/160x120/Class2/Placa148.png,data/splits/train/Class2/Placa148.png,0
train,Class2,1,Motospl10169.jpg,data/processed/160x120/Class2/Motospl10169.jpg,data/splits/train/Class2/Motospl10169.jpg,0
train,Class2,1,Motospl11280.jpg,data/processed/160x120/Class2/Motospl11280.jpg,data/splits/train/Class2/Motospl11280.jpg,0
train,Class2,1,Placass10944.jpg,data/processed/160x120/Class2/Placass10944.jpg,data/splits/train/Class2/Placass10944.jpg,0
train,Class2,1,placas1482.jpg,data/processed/160x120/Class2/placas1482.jpg,data/splits/train/Class2/placas1482.jpg,0
train,Class2,1,Motospl12315.jpg,data/processed/160x120/Class2/Motospl12315.jpg,data/splits/train/Class2/Motospl12315.jpg,0
train,Class2,1,Placass10794.jpg,data/processed/160x120/Class2/Placass10794.jpg,data/splits/train/Class2/Placass10794.jpg,0
train,Class2,1,Placas11099.jpg,data/processed/160x120/Class2/Placas11099.jpg,data/splits/train/Class2/Placas11099.jpg,0
train,Class2,1,Motospl10338.jpg,data/processed/160x120/Class2/Motospl10338.jpg,data/splits/train/Class2/Motospl10338.jpg,0
train,Class2,1,Motospl11567.jpg,data/processed/160x120/Class2/Motospl11567.jpg,data/splits/train/Class2/Motospl11567.jpg,0
train,Class2,1,Placass10202.jpg,data/processed/160x120/Class2/Placass10202.jpg,data/splits/train/Class2/Placass10202.jpg,0
train,Class2,1,plaacaas1116.jpg,data/processed/160x120/Class2/plaacaas1116.jpg,data/splits/train/Class2/plaacaas1116.jpg,0
train,Class2,1,Motospl10316.jpg,data/processed/160x120/Class2/Motospl10316.jpg,data/splits/train/Class2/Motospl10316.jpg,0
train,Class2,1,Placass10189.jpg,data/processed/160x120/Class2/Placass10189.jpg,data/splits/train/Class2/Placass10189.jpg,0
train,Class2,1,Motospl10453.jpg,data/processed/160x120/Class2/Motospl10453.jpg,data/splits/train/Class2/Motospl10453.jpg,0
train,Class2,1,Motospl12291.jpg,data/processed/160x120/Class2/Motospl12291.jpg,data/splits/train/Class2/Motospl12291.jpg,0
train,Class2,1,Motospl12103.jpg,data/processed/160x120/Class2/Motospl12103.jpg,data/splits/train/Class2/Motospl12103.jpg,0
train,Class2,1,Motospl10812.jpg,data/processed/160x120/Class2/Motospl10812.jpg,data/splits/train/Class2/Motospl10812.jpg,0
train,Class2,1,Motospl10727.jpg,data/processed/160x120/Class2/Motospl10727.jpg,data/splits/train/Class2/Motospl10727.jpg,0
train,Class2,1,Motospl10179.jpg,data/processed/160x120/Class2/Motospl10179.jpg,data/splits/train/Class2/Motospl10179.jpg,0
train,Class2,1,Motospl12345.jpg,data/processed/160x120/Class2/Motospl12345.jpg,data/splits/train/Class2/Motospl12345.jpg,0
train,Class2,1,Placasia1028.png,data/processed/160x120/Class2/Placasia1028.png,data/splits/train/Class2/Placasia1028.png,0
train,Class2,1,Motospl10487.jpg,data/processed/160x120/Class2/Motospl10487.jpg,data/splits/train/Class2/Motospl10487.jpg,0
train,Class2,1,Motospl10291.jpg,data/processed/160x120/Class2/Motospl10291.jpg,data/splits/train/Class2/Motospl10291.jpg,0
train,Class2,1,Motospl12127.jpg,data/processed/160x120/Class2/Motospl12127.jpg,data/splits/train/Class2/Motospl12127.jpg,0
train,Class2,1,Placass10939.jpg,data/processed/160x120/Class2/Placass10939.jpg,data/splits/train/Class2/Placass10939.jpg,0
train,Class2,1,Motospl11964.jpg,data/processed/160x120/Class2/Motospl11964.jpg,data/splits/train/Class2/Motospl11964.jpg,0
train,Class2,1,Motospl11462.jpg,data/processed/160x120/Class2/Motospl11462.jpg,data/splits/train/Class2/Motospl11462.jpg,0
train,Class2,1,placas1181.jpg,data/processed/160x120/Class2/placas1181.jpg,data/splits/train/Class2/placas1181.jpg,0
train,Class2,1,Motospl10551.jpg,data/processed/160x120/Class2/Motospl10551.jpg,data/splits/train/Class2/Motospl10551.jpg,0
train,Class2,1,Motospl12134.jpg,data/processed/160x120/Class2/Motospl12134.jpg,data/splits/train/Class2/Motospl12134.jpg,0
train,Class2,1,Placasm10607.jpg,data/processed/160x120/Class2/Placasm10607.jpg,data/splits/train/Class2/Placasm10607.jpg,0
train,Class2,1,Motospl10597.jpg,data/processed/160x120/Class2/Motospl10597.jpg,data/splits/train/Class2/Motospl10597.jpg,0
train,Class2,1,Motospl10552.jpg,data/processed/160x120/Class2/Motospl10552.jpg,data/splits/train/Class2/Motospl10552.jpg,0
train,Class2,1,Placa186.png,data/processed/160x120/Class2/Placa186.png,data/splits/train/Class2/Placa186.png,0
train,Class2,1,Motospl11979.jpg,data/processed/160x120/Class2/Motospl11979.jpg,data/splits/train/Class2/Motospl11979.jpg,0
train,Class2,1,placas1221.jpg,data/processed/160x120/Class2/placas1221.jpg,data/splits/train/Class2/placas1221.jpg,0
train,Class2,1,Motospl11855.jpg,data/processed/160x120/Class2/Motospl11855.jpg,data/splits/train/Class2/Motospl11855.jpg,0
train,Class2,1,Motospl10031.jpg,data/processed/160x120/Class2/Motospl10031.jpg,data/splits/train/Class2/Motospl10031.jpg,0
train,Class2,1,Placass10229.jpg,data/processed/160x120/Class2/Placass10229.jpg,data/splits/train/Class2/Placass10229.jpg,0
train,Class2,1,Placa21.png,data/processed/160x120/Class2/Placa21.png,data/splits/train/Class2/Placa21.png,0
train,Class2,1,Placa116.png,data/processed/160x120/Class2/Placa116.png,data/splits/train/Class2/Placa116.png,0
train,Class2,1,Motospl12272.jpg,data/processed/160x120/Class2/Motospl12272.jpg,data/splits/train/Class2/Motospl12272.jpg,0
train,Class2,1,Motospl10025.jpg,data/processed/160x120/Class2/Motospl10025.jpg,data/splits/train/Class2/Motospl10025.jpg,0
train,Class2,1,Motospl11669.jpg,data/processed/160x120/Class2/Motospl11669.jpg,data/splits/train/Class2/Motospl11669.jpg,0
train,Class2,1,Motospl10852.jpg,data/processed/160x120/Class2/Motospl10852.jpg,data/splits/train/Class2/Motospl10852.jpg,0
train,Class2,1,Motospl12424.jpg,data/processed/160x120/Class2/Motospl12424.jpg,data/splits/train/Class2/Motospl12424.jpg,0
train,Class2,1,Motospl11399.jpg,data/processed/160x120/Class2/Motospl11399.jpg,data/splits/train/Class2/Motospl11399.jpg,0
train,Class2,1,Motospl11986.jpg,data/processed/160x120/Class2/Motospl11986.jpg,data/splits/train/Class2/Motospl11986.jpg,0
train,Class2,1,placaas10271.jpg,data/processed/160x120/Class2/placaas10271.jpg,data/splits/train/Class2/placaas10271.jpg,0
train,Class2,1,Motospl11035.jpg,data/processed/160x120/Class2/Motospl11035.jpg,data/splits/train/Class2/Motospl11035.jpg,0
train,Class2,1,Placa203.png,data/processed/160x120/Class2/Placa203.png,data/splits/train/Class2/Placa203.png,0
train,Class2,1,Motospl10525.jpg,data/processed/160x120/Class2/Motospl10525.jpg,data/splits/train/Class2/Motospl10525.jpg,0
train,Class2,1,Motospl11231.jpg,data/processed/160x120/Class2/Motospl11231.jpg,data/splits/train/Class2/Motospl11231.jpg,0
train,Class2,1,Motospl11522.jpg,data/processed/160x120/Class2/Motospl11522.jpg,data/splits/train/Class2/Motospl11522.jpg,0
train,Class2,1,Motospl12230.jpg,data/processed/160x120/Class2/Motospl12230.jpg,data/splits/train/Class2/Motospl12230.jpg,0
train,Class2,1,Motospl10494.jpg,data/processed/160x120/Class2/Motospl10494.jpg,data/splits/train/Class2/Motospl10494.jpg,0
train,Class2,1,Motospl11128.jpg,data/processed/160x120/Class2/Motospl11128.jpg,data/splits/train/Class2/Motospl11128.jpg,0
train,Class2,1,Placasm10938.jpg,data/processed/160x120/Class2/Placasm10938.jpg,data/splits/train/Class2/Placasm10938.jpg,0
train,Class2,1,Placa169.png,data/processed/160x120/Class2/Placa169.png,data/splits/train/Class2/Placa169.png,0
train,Class2,1,Motospl10846.jpg,data/processed/160x120/Class2/Motospl10846.jpg,data/splits/train/Class2/Motospl10846.jpg,0
train,Class2,1,Placass11351.jpg,data/processed/160x120/Class2/Placass11351.jpg,data/splits/train/Class2/Placass11351.jpg,0
train,Class2,1,Motospl11980.jpg,data/processed/160x120/Class2/Motospl11980.jpg,data/splits/train/Class2/Motospl11980.jpg,0
train,Class2,1,Placasia1049.png,data/processed/160x120/Class2/Placasia1049.png,data/splits/train/Class2/Placasia1049.png,0
train,Class2,1,Motospl10768.jpg,data/processed/160x120/Class2/Motospl10768.jpg,data/splits/train/Class2/Motospl10768.jpg,0
train,Class2,1,Motospl11080.jpg,data/processed/160x120/Class2/Motospl11080.jpg,data/splits/train/Class2/Motospl11080.jpg,0
train,Class2,1,Motospl11232.jpg,data/processed/160x120/Class2/Motospl11232.jpg,data/splits/train/Class2/Motospl11232.jpg,0
train,Class2,1,Motospl11525.jpg,data/processed/160x120/Class2/Motospl11525.jpg,data/splits/train/Class2/Motospl11525.jpg,0
train,Class2,1,Placa19.png,data/processed/160x120/Class2/Placa19.png,data/splits/train/Class2/Placa19.png,0
train,Class2,1,Motospl10591.jpg,data/processed/160x120/Class2/Motospl10591.jpg,data/splits/train/Class2/Motospl10591.jpg,0
train,Class2,1,placas1137.jpg,data/processed/160x120/Class2/placas1137.jpg,data/splits/train/Class2/placas1137.jpg,0
train,Class2,1,Motospl12247.jpg,data/processed/160x120/Class2/Motospl12247.jpg,data/splits/train/Class2/Motospl12247.jpg,0
train,Class2,1,Motospl12292.jpg,data/processed/160x120/Class2/Motospl12292.jpg,data/splits/train/Class2/Motospl12292.jpg,0
train,Class2,1,Motospl10885.jpg,data/processed/160x120/Class2/Motospl10885.jpg,data/splits/train/Class2/Motospl10885.jpg,0
train,Class2,1,Motospl11375.jpg,data/processed/160x120/Class2/Motospl11375.jpg,data/splits/train/Class2/Motospl11375.jpg,0
train,Class2,1,Motospl10443.jpg,data/processed/160x120/Class2/Motospl10443.jpg,data/splits/train/Class2/Motospl10443.jpg,0
train,Class2,1,Motospl11683.jpg,data/processed/160x120/Class2/Motospl11683.jpg,data/splits/train/Class2/Motospl11683.jpg,0
train,Class2,1,Motospl11276.jpg,data/processed/160x120/Class2/Motospl11276.jpg,data/splits/train/Class2/Motospl11276.jpg,0
train,Class2,1,Motospl12032.jpg,data/processed/160x120/Class2/Motospl12032.jpg,data/splits/train/Class2/Motospl12032.jpg,0
train,Class2,1,Motospl12228.jpg,data/processed/160x120/Class2/Motospl12228.jpg,data/splits/train/Class2/Motospl12228.jpg,0
train,Class2,1,Motospl12410.jpg,data/processed/160x120/Class2/Motospl12410.jpg,data/splits/train/Class2/Motospl12410.jpg,0
train,Class2,1,Motospl11229.jpg,data/processed/160x120/Class2/Motospl11229.jpg,data/splits/train/Class2/Motospl11229.jpg,0
train,Class2,1,Motospl11199.jpg,data/processed/160x120/Class2/Motospl11199.jpg,data/splits/train/Class2/Motospl11199.jpg,0
train,Class2,1,Motospl11929.jpg,data/processed/160x120/Class2/Motospl11929.jpg,data/splits/train/Class2/Motospl11929.jpg,0
train,Class2,1,Motospl11657.jpg,data/processed/160x120/Class2/Motospl11657.jpg,data/splits/train/Class2/Motospl11657.jpg,0
train,Class2,1,Motospl11835.jpg,data/processed/160x120/Class2/Motospl11835.jpg,data/splits/train/Class2/Motospl11835.jpg,0
train,Class2,1,Motospl10808.jpg,data/processed/160x120/Class2/Motospl10808.jpg,data/splits/train/Class2/Motospl10808.jpg,0
train,Class2,1,Motospl12249.jpg,data/processed/160x120/Class2/Motospl12249.jpg,data/splits/train/Class2/Motospl12249.jpg,0
train,Class2,1,Motospl11535.jpg,data/processed/160x120/Class2/Motospl11535.jpg,data/splits/train/Class2/Motospl11535.jpg,0
train,Class2,1,Motospl11953.jpg,data/processed/160x120/Class2/Motospl11953.jpg,data/splits/train/Class2/Motospl11953.jpg,0
train,Class2,1,Motospl10962.jpg,data/processed/160x120/Class2/Motospl10962.jpg,data/splits/train/Class2/Motospl10962.jpg,0
train,Class2,1,Motospl11572.jpg,data/processed/160x120/Class2/Motospl11572.jpg,data/splits/train/Class2/Motospl11572.jpg,0
train,Class2,1,Motospl12356.jpg,data/processed/160x120/Class2/Motospl12356.jpg,data/splits/train/Class2/Motospl12356.jpg,0
train,Class2,1,Placasm10898.jpg,data/processed/160x120/Class2/Placasm10898.jpg,data/splits/train/Class2/Placasm10898.jpg,0
train,Class2,1,Motospl10654.jpg,data/processed/160x120/Class2/Motospl10654.jpg,data/splits/train/Class2/Motospl10654.jpg,0
train,Class2,1,Motospl11083.jpg,data/processed/160x120/Class2/Motospl11083.jpg,data/splits/train/Class2/Motospl11083.jpg,0
train,Class2,1,Motospl10125.jpg,data/processed/160x120/Class2/Motospl10125.jpg,data/splits/train/Class2/Motospl10125.jpg,0
train,Class2,1,Motospl10478.jpg,data/processed/160x120/Class2/Motospl10478.jpg,data/splits/train/Class2/Motospl10478.jpg,0
train,Class2,1,Motospl12154.jpg,data/processed/160x120/Class2/Motospl12154.jpg,data/splits/train/Class2/Motospl12154.jpg,0
train,Class2,1,placas1547.jpg,data/processed/160x120/Class2/placas1547.jpg,data/splits/train/Class2/placas1547.jpg,0
train,Class2,1,Placa101.png,data/processed/160x120/Class2/Placa101.png,data/splits/train/Class2/Placa101.png,0
train,Class2,1,Motospl12137.jpg,data/processed/160x120/Class2/Motospl12137.jpg,data/splits/train/Class2/Motospl12137.jpg,0
train,Class2,1,Placass10942.jpg,data/processed/160x120/Class2/Placass10942.jpg,data/splits/train/Class2/Placass10942.jpg,0
train,Class2,1,Motospl10568.jpg,data/processed/160x120/Class2/Motospl10568.jpg,data/splits/train/Class2/Motospl10568.jpg,0
train,Class2,1,Motospl11071.jpg,data/processed/160x120/Class2/Motospl11071.jpg,data/splits/train/Class2/Motospl11071.jpg,0
train,Class2,1,Motospl10799.jpg,data/processed/160x120/Class2/Motospl10799.jpg,data/splits/train/Class2/Motospl10799.jpg,0
train,Class2,1,Motospl11698.jpg,data/processed/160x120/Class2/Motospl11698.jpg,data/splits/train/Class2/Motospl11698.jpg,0
train,Class2,1,Motospl10057.jpg,data/processed/160x120/Class2/Motospl10057.jpg,data/splits/train/Class2/Motospl10057.jpg,0
train,Class2,1,Motospl10134.jpg,data/processed/160x120/Class2/Motospl10134.jpg,data/splits/train/Class2/Motospl10134.jpg,0
train,Class2,1,Placass11548.jpg,data/processed/160x120/Class2/Placass11548.jpg,data/splits/train/Class2/Placass11548.jpg,0
train,Class2,1,Motospl10776.jpg,data/processed/160x120/Class2/Motospl10776.jpg,data/splits/train/Class2/Motospl10776.jpg,0
train,Class2,1,Motospl11098.jpg,data/processed/160x120/Class2/Motospl11098.jpg,data/splits/train/Class2/Motospl11098.jpg,0
train,Class2,1,Motospl10905.jpg,data/processed/160x120/Class2/Motospl10905.jpg,data/splits/train/Class2/Motospl10905.jpg,0
train,Class2,1,Placa104.png,data/processed/160x120/Class2/Placa104.png,data/splits/train/Class2/Placa104.png,0
train,Class2,1,Motospl10514.jpg,data/processed/160x120/Class2/Motospl10514.jpg,data/splits/train/Class2/Motospl10514.jpg,0
train,Class2,1,Placass11337.jpg,data/processed/160x120/Class2/Placass11337.jpg,data/splits/train/Class2/Placass11337.jpg,0
train,Class2,1,placas1519.jpg,data/processed/160x120/Class2/placas1519.jpg,data/splits/train/Class2/placas1519.jpg,0
train,Class2,1,Motospl10328.jpg,data/processed/160x120/Class2/Motospl10328.jpg,data/splits/train/Class2/Motospl10328.jpg,0
train,Class2,1,Motospl10387.jpg,data/processed/160x120/Class2/Motospl10387.jpg,data/splits/train/Class2/Motospl10387.jpg,0
train,Class2,1,placas1692.jpg,data/processed/160x120/Class2/placas1692.jpg,data/splits/train/Class2/placas1692.jpg,0
train,Class2,1,Motospl11703.jpg,data/processed/160x120/Class2/Motospl11703.jpg,data/splits/train/Class2/Motospl11703.jpg,0
train,Class2,1,Motospl10569.jpg,data/processed/160x120/Class2/Motospl10569.jpg,data/splits/train/Class2/Motospl10569.jpg,0
train,Class2,1,Motospl12331.jpg,data/processed/160x120/Class2/Motospl12331.jpg,data/splits/train/Class2/Motospl12331.jpg,0
train,Class2,1,Motospl11117.jpg,data/processed/160x120/Class2/Motospl11117.jpg,data/splits/train/Class2/Motospl11117.jpg,0
train,Class2,1,Motospl12072.jpg,data/processed/160x120/Class2/Motospl12072.jpg,data/splits/train/Class2/Motospl12072.jpg,0
train,Class2,1,Motospl10124.jpg,data/processed/160x120/Class2/Motospl10124.jpg,data/splits/train/Class2/Motospl10124.jpg,0
train,Class2,1,placaas10283.jpg,data/processed/160x120/Class2/placaas10283.jpg,data/splits/train/Class2/placaas10283.jpg,0
train,Class2,1,Motospl10162.jpg,data/processed/160x120/Class2/Motospl10162.jpg,data/splits/train/Class2/Motospl10162.jpg,0
train,Class2,1,Motospl11524.jpg,data/processed/160x120/Class2/Motospl11524.jpg,data/splits/train/Class2/Motospl11524.jpg,0
train,Class2,1,Placa24.png,data/processed/160x120/Class2/Placa24.png,data/splits/train/Class2/Placa24.png,0
train,Class2,1,Motospl10889.jpg,data/processed/160x120/Class2/Motospl10889.jpg,data/splits/train/Class2/Motospl10889.jpg,0
train,Class2,1,Motospl10851.jpg,data/processed/160x120/Class2/Motospl10851.jpg,data/splits/train/Class2/Motospl10851.jpg,0
train,Class2,1,Motospl11052.jpg,data/processed/160x120/Class2/Motospl11052.jpg,data/splits/train/Class2/Motospl11052.jpg,0
train,Class2,1,Placa26.png,data/processed/160x120/Class2/Placa26.png,data/splits/train/Class2/Placa26.png,0
train,Class2,1,Motospl11566.jpg,data/processed/160x120/Class2/Motospl11566.jpg,data/splits/train/Class2/Motospl11566.jpg,0
train,Class2,1,Motospl10244.jpg,data/processed/160x120/Class2/Motospl10244.jpg,data/splits/train/Class2/Motospl10244.jpg,0
train,Class2,1,Motospl11198.jpg,data/processed/160x120/Class2/Motospl11198.jpg,data/splits/train/Class2/Motospl11198.jpg,0
train,Class2,1,Motospl10524.jpg,data/processed/160x120/Class2/Motospl10524.jpg,data/splits/train/Class2/Motospl10524.jpg,0
train,Class2,1,Motospl12192.jpg,data/processed/160x120/Class2/Motospl12192.jpg,data/splits/train/Class2/Motospl12192.jpg,0
train,Class2,1,Motospl10190.jpg,data/processed/160x120/Class2/Motospl10190.jpg,data/splits/train/Class2/Motospl10190.jpg,0
train,Class2,1,Motospl12156.jpg,data/processed/160x120/Class2/Motospl12156.jpg,data/splits/train/Class2/Motospl12156.jpg,0
train,Class2,1,Motospl11127.jpg,data/processed/160x120/Class2/Motospl11127.jpg,data/splits/train/Class2/Motospl11127.jpg,0
train,Class2,1,placas1630.jpg,data/processed/160x120/Class2/placas1630.jpg,data/splits/train/Class2/placas1630.jpg,0
train,Class2,1,Motospl11426.jpg,data/processed/160x120/Class2/Motospl11426.jpg,data/splits/train/Class2/Motospl11426.jpg,0
train,Class2,1,Motospl11546.jpg,data/processed/160x120/Class2/Motospl11546.jpg,data/splits/train/Class2/Motospl11546.jpg,0
train,Class2,1,Motospl10916.jpg,data/processed/160x120/Class2/Motospl10916.jpg,data/splits/train/Class2/Motospl10916.jpg,0
train,Class2,1,placas1531.jpg,data/processed/160x120/Class2/placas1531.jpg,data/splits/train/Class2/placas1531.jpg,0
train,Class2,1,Motospl11995.jpg,data/processed/160x120/Class2/Motospl11995.jpg,data/splits/train/Class2/Motospl11995.jpg,0
train,Class2,1,Motospl11217.jpg,data/processed/160x120/Class2/Motospl11217.jpg,data/splits/train/Class2/Motospl11217.jpg,0
train,Class2,1,Motospl10900.jpg,data/processed/160x120/Class2/Motospl10900.jpg,data/splits/train/Class2/Motospl10900.jpg,0
train,Class2,1,Motospl11823.jpg,data/processed/160x120/Class2/Motospl11823.jpg,data/splits/train/Class2/Motospl11823.jpg,0
train,Class2,1,Placasm10378.jpg,data/processed/160x120/Class2/Placasm10378.jpg,data/splits/train/Class2/Placasm10378.jpg,0
train,Class2,1,Motospl10300.jpg,data/processed/160x120/Class2/Motospl10300.jpg,data/splits/train/Class2/Motospl10300.jpg,0
train,Class2,1,Motospl10258.jpg,data/processed/160x120/Class2/Motospl10258.jpg,data/splits/train/Class2/Motospl10258.jpg,0
train,Class2,1,Motospl11382.jpg,data/processed/160x120/Class2/Motospl11382.jpg,data/splits/train/Class2/Motospl11382.jpg,0
train,Class2,1,Motospl12174.jpg,data/processed/160x120/Class2/Motospl12174.jpg,data/splits/train/Class2/Motospl12174.jpg,0
train,Class2,1,Motospl10800.jpg,data/processed/160x120/Class2/Motospl10800.jpg,data/splits/train/Class2/Motospl10800.jpg,0
train,Class2,1,Motospl10861.jpg,data/processed/160x120/Class2/Motospl10861.jpg,data/splits/train/Class2/Motospl10861.jpg,0
train,Class2,1,Motospl10703.jpg,data/processed/160x120/Class2/Motospl10703.jpg,data/splits/train/Class2/Motospl10703.jpg,0
train,Class2,1,Placass10924.jpg,data/processed/160x120/Class2/Placass10924.jpg,data/splits/train/Class2/Placass10924.jpg,0
train,Class2,1,Motospl10833.jpg,data/processed/160x120/Class2/Motospl10833.jpg,data/splits/train/Class2/Motospl10833.jpg,0
train,Class2,1,Motospl10772.jpg,data/processed/160x120/Class2/Motospl10772.jpg,data/splits/train/Class2/Motospl10772.jpg,0
train,Class2,1,Placas11577.jpg,data/processed/160x120/Class2/Placas11577.jpg,data/splits/train/Class2/Placas11577.jpg,0
train,Class2,1,Placa30.png,data/processed/160x120/Class2/Placa30.png,data/splits/train/Class2/Placa30.png,0
train,Class2,1,Motospl10071.jpg,data/processed/160x120/Class2/Motospl10071.jpg,data/splits/train/Class2/Motospl10071.jpg,0
train,Class2,1,Placa152.png,data/processed/160x120/Class2/Placa152.png,data/splits/train/Class2/Placa152.png,0
train,Class2,1,Motospl11122.jpg,data/processed/160x120/Class2/Motospl11122.jpg,data/splits/train/Class2/Motospl11122.jpg,0
train,Class2,1,placas1510.jpg,data/processed/160x120/Class2/placas1510.jpg,data/splits/train/Class2/placas1510.jpg,0
train,Class2,1,Motospl11820.jpg,data/processed/160x120/Class2/Motospl11820.jpg,data/splits/train/Class2/Motospl11820.jpg,0
train,Class2,1,Motospl11464.jpg,data/processed/160x120/Class2/Motospl11464.jpg,data/splits/train/Class2/Motospl11464.jpg,0
train,Class2,1,placas1464.jpg,data/processed/160x120/Class2/placas1464.jpg,data/splits/train/Class2/placas1464.jpg,0
train,Class2,1,Motospl10479.jpg,data/processed/160x120/Class2/Motospl10479.jpg,data/splits/train/Class2/Motospl10479.jpg,0
train,Class2,1,Placa32.png,data/processed/160x120/Class2/Placa32.png,data/splits/train/Class2/Placa32.png,0
train,Class2,1,Motospl11849.jpg,data/processed/160x120/Class2/Motospl11849.jpg,data/splits/train/Class2/Motospl11849.jpg,0
train,Class2,1,Motospl12245.jpg,data/processed/160x120/Class2/Motospl12245.jpg,data/splits/train/Class2/Motospl12245.jpg,0
train,Class2,1,Placass10234.jpg,data/processed/160x120/Class2/Placass10234.jpg,data/splits/train/Class2/Placass10234.jpg,0
train,Class2,1,Motospl10393.jpg,data/processed/160x120/Class2/Motospl10393.jpg,data/splits/train/Class2/Motospl10393.jpg,0
train,Class2,1,Motospl12375.jpg,data/processed/160x120/Class2/Motospl12375.jpg,data/splits/train/Class2/Motospl12375.jpg,0
train,Class2,1,placas1392.jpg,data/processed/160x120/Class2/placas1392.jpg,data/splits/train/Class2/placas1392.jpg,0
train,Class2,1,Placa52.png,data/processed/160x120/Class2/Placa52.png,data/splits/train/Class2/Placa52.png,0
train,Class2,1,Motospl12147.jpg,data/processed/160x120/Class2/Motospl12147.jpg,data/splits/train/Class2/Motospl12147.jpg,0
train,Class2,1,placaas10933.jpg,data/processed/160x120/Class2/placaas10933.jpg,data/splits/train/Class2/placaas10933.jpg,0
train,Class2,1,Motospl11253.jpg,data/processed/160x120/Class2/Motospl11253.jpg,data/splits/train/Class2/Motospl11253.jpg,0
train,Class2,1,placas1434.jpg,data/processed/160x120/Class2/placas1434.jpg,data/splits/train/Class2/placas1434.jpg,0
train,Class2,1,Motospl11937.jpg,data/processed/160x120/Class2/Motospl11937.jpg,data/splits/train/Class2/Motospl11937.jpg,0
train,Class2,1,placaas10356.jpg,data/processed/160x120/Class2/placaas10356.jpg,data/splits/train/Class2/placaas10356.jpg,0
train,Class2,1,Motospl12359.jpg,data/processed/160x120/Class2/Motospl12359.jpg,data/splits/train/Class2/Motospl12359.jpg,0
train,Class2,1,Motospl10076.jpg,data/processed/160x120/Class2/Motospl10076.jpg,data/splits/train/Class2/Motospl10076.jpg,0
train,Class2,1,placaas11029.jpg,data/processed/160x120/Class2/placaas11029.jpg,data/splits/train/Class2/placaas11029.jpg,0
train,Class2,1,Placa109.png,data/processed/160x120/Class2/Placa109.png,data/splits/train/Class2/Placa109.png,0
train,Class2,1,Motospl10532.jpg,data/processed/160x120/Class2/Motospl10532.jpg,data/splits/train/Class2/Motospl10532.jpg,0
train,Class2,1,placas1370.jpg,data/processed/160x120/Class2/placas1370.jpg,data/splits/train/Class2/placas1370.jpg,0
train,Class2,1,Motospl11495.jpg,data/processed/160x120/Class2/Motospl11495.jpg,data/splits/train/Class2/Motospl11495.jpg,0
train,Class2,1,Placasm10606.jpg,data/processed/160x120/Class2/Placasm10606.jpg,data/splits/train/Class2/Placasm10606.jpg,0
train,Class2,1,Motospl11476.jpg,data/processed/160x120/Class2/Motospl11476.jpg,data/splits/train/Class2/Motospl11476.jpg,0
train,Class2,1,Motospl10604.jpg,data/processed/160x120/Class2/Motospl10604.jpg,data/splits/train/Class2/Motospl10604.jpg,0
train,Class2,1,Motospl11696.jpg,data/processed/160x120/Class2/Motospl11696.jpg,data/splits/train/Class2/Motospl11696.jpg,0
train,Class2,1,Motospl11044.jpg,data/processed/160x120/Class2/Motospl11044.jpg,data/splits/train/Class2/Motospl11044.jpg,0
train,Class2,1,Motospl11493.jpg,data/processed/160x120/Class2/Motospl11493.jpg,data/splits/train/Class2/Motospl11493.jpg,0
train,Class2,1,Motospl10958.jpg,data/processed/160x120/Class2/Motospl10958.jpg,data/splits/train/Class2/Motospl10958.jpg,0
train,Class2,1,Placa105.png,data/processed/160x120/Class2/Placa105.png,data/splits/train/Class2/Placa105.png,0
train,Class2,1,Motospl12223.jpg,data/processed/160x120/Class2/Motospl12223.jpg,data/splits/train/Class2/Motospl12223.jpg,0
train,Class2,1,Motospl12131.jpg,data/processed/160x120/Class2/Motospl12131.jpg,data/splits/train/Class2/Motospl12131.jpg,0
train,Class2,1,Motospl12193.jpg,data/processed/160x120/Class2/Motospl12193.jpg,data/splits/train/Class2/Motospl12193.jpg,0
train,Class2,1,Motospl10911.jpg,data/processed/160x120/Class2/Motospl10911.jpg,data/splits/train/Class2/Motospl10911.jpg,0
train,Class2,1,Motospl10843.jpg,data/processed/160x120/Class2/Motospl10843.jpg,data/splits/train/Class2/Motospl10843.jpg,0
train,Class2,1,Motospl11154.jpg,data/processed/160x120/Class2/Motospl11154.jpg,data/splits/train/Class2/Motospl11154.jpg,0
train,Class2,1,placas1381.jpg,data/processed/160x120/Class2/placas1381.jpg,data/splits/train/Class2/placas1381.jpg,0
train,Class2,1,placas1463.jpg,data/processed/160x120/Class2/placas1463.jpg,data/splits/train/Class2/placas1463.jpg,0
train,Class2,1,Placa111.png,data/processed/160x120/Class2/Placa111.png,data/splits/train/Class2/Placa111.png,0
train,Class2,1,Motospl11233.jpg,data/processed/160x120/Class2/Motospl11233.jpg,data/splits/train/Class2/Motospl11233.jpg,0
train,Class2,1,Motospl12185.jpg,data/processed/160x120/Class2/Motospl12185.jpg,data/splits/train/Class2/Motospl12185.jpg,0
train,Class2,1,Motospl10208.jpg,data/processed/160x120/Class2/Motospl10208.jpg,data/splits/train/Class2/Motospl10208.jpg,0
train,Class2,1,Motospl10616.jpg,data/processed/160x120/Class2/Motospl10616.jpg,data/splits/train/Class2/Motospl10616.jpg,0
train,Class2,1,Motospl11331.jpg,data/processed/160x120/Class2/Motospl11331.jpg,data/splits/train/Class2/Motospl11331.jpg,0
train,Class2,1,Motospl11425.jpg,data/processed/160x120/Class2/Motospl11425.jpg,data/splits/train/Class2/Motospl11425.jpg,0
train,Class2,1,Motospl12217.jpg,data/processed/160x120/Class2/Motospl12217.jpg,data/splits/train/Class2/Motospl12217.jpg,0
train,Class2,1,Motospl11365.jpg,data/processed/160x120/Class2/Motospl11365.jpg,data/splits/train/Class2/Motospl11365.jpg,0
train,Class2,1,Motospl12140.jpg,data/processed/160x120/Class2/Motospl12140.jpg,data/splits/train/Class2/Motospl12140.jpg,0
train,Class2,1,Motospl10090.jpg,data/processed/160x120/Class2/Motospl10090.jpg,data/splits/train/Class2/Motospl10090.jpg,0
train,Class2,1,Motospl11900.jpg,data/processed/160x120/Class2/Motospl11900.jpg,data/splits/train/Class2/Motospl11900.jpg,0
train,Class2,1,Placasm10794.jpg,data/processed/160x120/Class2/Placasm10794.jpg,data/splits/train/Class2/Placasm10794.jpg,0
train,Class2,1,Placass10928.jpg,data/processed/160x120/Class2/Placass10928.jpg,data/splits/train/Class2/Placass10928.jpg,0
train,Class2,1,Placa77.png,data/processed/160x120/Class2/Placa77.png,data/splits/train/Class2/Placa77.png,0
train,Class2,1,Motospl10375.jpg,data/processed/160x120/Class2/Motospl10375.jpg,data/splits/train/Class2/Motospl10375.jpg,0
train,Class2,1,Motospl12425.jpg,data/processed/160x120/Class2/Motospl12425.jpg,data/splits/train/Class2/Motospl12425.jpg,0
train,Class2,1,Motospl10713.jpg,data/processed/160x120/Class2/Motospl10713.jpg,data/splits/train/Class2/Motospl10713.jpg,0
train,Class2,1,Motospl10176.jpg,data/processed/160x120/Class2/Motospl10176.jpg,data/splits/train/Class2/Motospl10176.jpg,0
train,Class2,1,Motospl11103.jpg,data/processed/160x120/Class2/Motospl11103.jpg,data/splits/train/Class2/Motospl11103.jpg,0
train,Class2,1,Motospl12415.jpg,data/processed/160x120/Class2/Motospl12415.jpg,data/splits/train/Class2/Motospl12415.jpg,0
train,Class2,1,placas1226.jpg,data/processed/160x120/Class2/placas1226.jpg,data/splits/train/Class2/placas1226.jpg,0
train,Class2,1,placas1267.jpg,data/processed/160x120/Class2/placas1267.jpg,data/splits/train/Class2/placas1267.jpg,0
train,Class2,1,Motospl10935.jpg,data/processed/160x120/Class2/Motospl10935.jpg,data/splits/train/Class2/Motospl10935.jpg,0
train,Class2,1,Placass11407.jpg,data/processed/160x120/Class2/Placass11407.jpg,data/splits/train/Class2/Placass11407.jpg,0
train,Class2,1,Motospl11479.jpg,data/processed/160x120/Class2/Motospl11479.jpg,data/splits/train/Class2/Motospl11479.jpg,0
train,Class2,1,Motospl10298.jpg,data/processed/160x120/Class2/Motospl10298.jpg,data/splits/train/Class2/Motospl10298.jpg,0
train,Class2,1,placaas10896.jpg,data/processed/160x120/Class2/placaas10896.jpg,data/splits/train/Class2/placaas10896.jpg,0
train,Class2,1,Motospl11126.jpg,data/processed/160x120/Class2/Motospl11126.jpg,data/splits/train/Class2/Motospl11126.jpg,0
train,Class2,1,Placasia1007.png,data/processed/160x120/Class2/Placasia1007.png,data/splits/train/Class2/Placasia1007.png,0
train,Class2,1,Motospl12271.jpg,data/processed/160x120/Class2/Motospl12271.jpg,data/splits/train/Class2/Motospl12271.jpg,0
train,Class2,1,Motospl10458.jpg,data/processed/160x120/Class2/Motospl10458.jpg,data/splits/train/Class2/Motospl10458.jpg,0
train,Class2,1,Motospl10519.jpg,data/processed/160x120/Class2/Motospl10519.jpg,data/splits/train/Class2/Motospl10519.jpg,0
train,Class2,1,placas1449.jpg,data/processed/160x120/Class2/placas1449.jpg,data/splits/train/Class2/placas1449.jpg,0
train,Class2,1,Motospl11216.jpg,data/processed/160x120/Class2/Motospl11216.jpg,data/splits/train/Class2/Motospl11216.jpg,0
train,Class2,1,Motospl10060.jpg,data/processed/160x120/Class2/Motospl10060.jpg,data/splits/train/Class2/Motospl10060.jpg,0
train,Class2,1,Motospl11880.jpg,data/processed/160x120/Class2/Motospl11880.jpg,data/splits/train/Class2/Motospl11880.jpg,0
train,Class2,1,Motospl12236.jpg,data/processed/160x120/Class2/Motospl12236.jpg,data/splits/train/Class2/Motospl12236.jpg,0
train,Class2,1,Motospl12295.jpg,data/processed/160x120/Class2/Motospl12295.jpg,data/splits/train/Class2/Motospl12295.jpg,0
train,Class2,1,Placas11561.jpg,data/processed/160x120/Class2/Placas11561.jpg,data/splits/train/Class2/Placas11561.jpg,0
train,Class2,1,Motospl10969.jpg,data/processed/160x120/Class2/Motospl10969.jpg,data/splits/train/Class2/Motospl10969.jpg,0
train,Class2,1,Motospl10764.jpg,data/processed/160x120/Class2/Motospl10764.jpg,data/splits/train/Class2/Motospl10764.jpg,0
train,Class2,1,Motospl10400.jpg,data/processed/160x120/Class2/Motospl10400.jpg,data/splits/train/Class2/Motospl10400.jpg,0
train,Class2,1,Motospl11093.jpg,data/processed/160x120/Class2/Motospl11093.jpg,data/splits/train/Class2/Motospl11093.jpg,0
train,Class2,1,Motospl12037.jpg,data/processed/160x120/Class2/Motospl12037.jpg,data/splits/train/Class2/Motospl12037.jpg,0
train,Class2,1,Motospl12218.jpg,data/processed/160x120/Class2/Motospl12218.jpg,data/splits/train/Class2/Motospl12218.jpg,0
train,Class2,1,placaas11296.jpg,data/processed/160x120/Class2/placaas11296.jpg,data/splits/train/Class2/placaas11296.jpg,0
train,Class2,1,Placas11232.jpg,data/processed/160x120/Class2/Placas11232.jpg,data/splits/train/Class2/Placas11232.jpg,0
train,Class2,1,Placa67.png,data/processed/160x120/Class2/Placa67.png,data/splits/train/Class2/Placa67.png,0
train,Class2,1,Motospl10067.jpg,data/processed/160x120/Class2/Motospl10067.jpg,data/splits/train/Class2/Motospl10067.jpg,0
train,Class2,1,Motospl10092.jpg,data/processed/160x120/Class2/Motospl10092.jpg,data/splits/train/Class2/Motospl10092.jpg,0
train,Class2,1,Motospl11396.jpg,data/processed/160x120/Class2/Motospl11396.jpg,data/splits/train/Class2/Motospl11396.jpg,0
train,Class2,1,Motospl11448.jpg,data/processed/160x120/Class2/Motospl11448.jpg,data/splits/train/Class2/Motospl11448.jpg,0
train,Class2,1,Placass11584.jpg,data/processed/160x120/Class2/Placass11584.jpg,data/splits/train/Class2/Placass11584.jpg,0
train,Class2,1,Motospl11194.jpg,data/processed/160x120/Class2/Motospl11194.jpg,data/splits/train/Class2/Motospl11194.jpg,0
train,Class2,1,Motospl11195.jpg,data/processed/160x120/Class2/Motospl11195.jpg,data/splits/train/Class2/Motospl11195.jpg,0
train,Class2,1,Motospl11200.jpg,data/processed/160x120/Class2/Motospl11200.jpg,data/splits/train/Class2/Motospl11200.jpg,0
train,Class2,1,Placa132.png,data/processed/160x120/Class2/Placa132.png,data/splits/train/Class2/Placa132.png,0
train,Class2,1,Motospl11887.jpg,data/processed/160x120/Class2/Motospl11887.jpg,data/splits/train/Class2/Motospl11887.jpg,0
train,Class2,1,placaas10481.jpg,data/processed/160x120/Class2/placaas10481.jpg,data/splits/train/Class2/placaas10481.jpg,0
train,Class2,1,Motospl10055.jpg,data/processed/160x120/Class2/Motospl10055.jpg,data/splits/train/Class2/Motospl10055.jpg,0
train,Class2,1,Motospl10747.jpg,data/processed/160x120/Class2/Motospl10747.jpg,data/splits/train/Class2/Motospl10747.jpg,0
train,Class2,1,Motospl11414.jpg,data/processed/160x120/Class2/Motospl11414.jpg,data/splits/train/Class2/Motospl11414.jpg,0
train,Class2,1,placas1564.jpg,data/processed/160x120/Class2/placas1564.jpg,data/splits/train/Class2/placas1564.jpg,0
train,Class2,1,Placa191.png,data/processed/160x120/Class2/Placa191.png,data/splits/train/Class2/Placa191.png,0
train,Class2,1,Motospl12309.jpg,data/processed/160x120/Class2/Motospl12309.jpg,data/splits/train/Class2/Motospl12309.jpg,0
train,Class2,1,placaas10883.jpg,data/processed/160x120/Class2/placaas10883.jpg,data/splits/train/Class2/placaas10883.jpg,0
train,Class2,1,Motospl11872.jpg,data/processed/160x120/Class2/Motospl11872.jpg,data/splits/train/Class2/Motospl11872.jpg,0
train,Class2,1,Motospl11459.jpg,data/processed/160x120/Class2/Motospl11459.jpg,data/splits/train/Class2/Motospl11459.jpg,0
train,Class2,1,Motospl11461.jpg,data/processed/160x120/Class2/Motospl11461.jpg,data/splits/train/Class2/Motospl11461.jpg,0
train,Class2,1,Placasia1030.png,data/processed/160x120/Class2/Placasia1030.png,data/splits/train/Class2/Placasia1030.png,0
train,Class2,1,placas1228.jpg,data/processed/160x120/Class2/placas1228.jpg,data/splits/train/Class2/placas1228.jpg,0
train,Class2,1,Motospl12090.jpg,data/processed/160x120/Class2/Motospl12090.jpg,data/splits/train/Class2/Motospl12090.jpg,0
train,Class2,1,Motospl11345.jpg,data/processed/160x120/Class2/Motospl11345.jpg,data/splits/train/Class2/Motospl11345.jpg,0
train,Class2,1,Motospl10895.jpg,data/processed/160x120/Class2/Motospl10895.jpg,data/splits/train/Class2/Motospl10895.jpg,0
train,Class2,1,Motospl12435.jpg,data/processed/160x120/Class2/Motospl12435.jpg,data/splits/train/Class2/Motospl12435.jpg,0
train,Class2,1,Motospl11693.jpg,data/processed/160x120/Class2/Motospl11693.jpg,data/splits/train/Class2/Motospl11693.jpg,0
train,Class2,1,Placa118.png,data/processed/160x120/Class2/Placa118.png,data/splits/train/Class2/Placa118.png,0
train,Class2,1,Motospl12116.jpg,data/processed/160x120/Class2/Motospl12116.jpg,data/splits/train/Class2/Motospl12116.jpg,0
train,Class2,1,Motospl10746.jpg,data/processed/160x120/Class2/Motospl10746.jpg,data/splits/train/Class2/Motospl10746.jpg,0
train,Class2,1,Motospl10359.jpg,data/processed/160x120/Class2/Motospl10359.jpg,data/splits/train/Class2/Motospl10359.jpg,0
train,Class2,1,Placasm11221.jpg,data/processed/160x120/Class2/Placasm11221.jpg,data/splits/train/Class2/Placasm11221.jpg,0
train,Class2,1,Motospl11223.jpg,data/processed/160x120/Class2/Motospl11223.jpg,data/splits/train/Class2/Motospl11223.jpg,0
train,Class2,1,Motospl10802.jpg,data/processed/160x120/Class2/Motospl10802.jpg,data/splits/train/Class2/Motospl10802.jpg,0
train,Class2,1,placaas10389.jpg,data/processed/160x120/Class2/placaas10389.jpg,data/splits/train/Class2/placaas10389.jpg,0
train,Class2,1,Motospl10584.jpg,data/processed/160x120/Class2/Motospl10584.jpg,data/splits/train/Class2/Motospl10584.jpg,0
train,Class2,1,Placa157.png,data/processed/160x120/Class2/Placa157.png,data/splits/train/Class2/Placa157.png,0
train,Class2,1,Motospl11204.jpg,data/processed/160x120/Class2/Motospl11204.jpg,data/splits/train/Class2/Motospl11204.jpg,0
train,Class2,1,placas1467.jpg,data/processed/160x120/Class2/placas1467.jpg,data/splits/train/Class2/placas1467.jpg,0
train,Class2,1,Placa188.png,data/processed/160x120/Class2/Placa188.png,data/splits/train/Class2/Placa188.png,0
train,Class2,1,placaas10292.jpg,data/processed/160x120/Class2/placaas10292.jpg,data/splits/train/Class2/placaas10292.jpg,0
train,Class2,1,Motospl10581.jpg,data/processed/160x120/Class2/Motospl10581.jpg,data/splits/train/Class2/Motospl10581.jpg,0
train,Class2,1,Placa124.png,data/processed/160x120/Class2/Placa124.png,data/splits/train/Class2/Placa124.png,0
train,Class2,1,Motospl10211.jpg,data/processed/160x120/Class2/Motospl10211.jpg,data/splits/train/Class2/Motospl10211.jpg,0
train,Class2,1,Placa190.png,data/processed/160x120/Class2/Placa190.png,data/splits/train/Class2/Placa190.png,0
train,Class2,1,Motospl12296.jpg,data/processed/160x120/Class2/Motospl12296.jpg,data/splits/train/Class2/Motospl12296.jpg,0
train,Class2,1,Motospl11405.jpg,data/processed/160x120/Class2/Motospl11405.jpg,data/splits/train/Class2/Motospl11405.jpg,0
train,Class2,1,placaas10298.jpg,data/processed/160x120/Class2/placaas10298.jpg,data/splits/train/Class2/placaas10298.jpg,0
train,Class2,1,Motospl11018.jpg,data/processed/160x120/Class2/Motospl11018.jpg,data/splits/train/Class2/Motospl11018.jpg,0
train,Class2,1,Motospl12041.jpg,data/processed/160x120/Class2/Motospl12041.jpg,data/splits/train/Class2/Motospl12041.jpg,0
train,Class2,1,Motospl12074.jpg,data/processed/160x120/Class2/Motospl12074.jpg,data/splits/train/Class2/Motospl12074.jpg,0
train,Class2,1,placas1148.jpg,data/processed/160x120/Class2/placas1148.jpg,data/splits/train/Class2/placas1148.jpg,0
train,Class2,1,Motospl11593.jpg,data/processed/160x120/Class2/Motospl11593.jpg,data/splits/train/Class2/Motospl11593.jpg,0
train,Class2,1,Placass11629.jpg,data/processed/160x120/Class2/Placass11629.jpg,data/splits/train/Class2/Placass11629.jpg,0
train,Class2,1,plaacaas1183.jpg,data/processed/160x120/Class2/plaacaas1183.jpg,data/splits/train/Class2/plaacaas1183.jpg,0
train,Class2,1,Motospl10690.jpg,data/processed/160x120/Class2/Motospl10690.jpg,data/splits/train/Class2/Motospl10690.jpg,0
train,Class2,1,Motospl11891.jpg,data/processed/160x120/Class2/Motospl11891.jpg,data/splits/train/Class2/Motospl11891.jpg,0
train,Class2,1,Placasm10969.jpg,data/processed/160x120/Class2/Placasm10969.jpg,data/splits/train/Class2/Placasm10969.jpg,0
train,Class2,1,Motospl11896.jpg,data/processed/160x120/Class2/Motospl11896.jpg,data/splits/train/Class2/Motospl11896.jpg,0
train,Class2,1,Placa37.png,data/processed/160x120/Class2/Placa37.png,data/splits/train/Class2/Placa37.png,0
train,Class2,1,Motospl11176.jpg,data/processed/160x120/Class2/Motospl11176.jpg,data/splits/train/Class2/Motospl11176.jpg,0
train,Class2,1,Motospl12216.jpg,data/processed/160x120/Class2/Motospl12216.jpg,data/splits/train/Class2/Motospl12216.jpg,0
train,Class2,1,placaas10897.jpg,data/processed/160x120/Class2/placaas10897.jpg,data/splits/train/Class2/placaas10897.jpg,0
train,Class2,1,Motospl11512.jpg,data/processed/160x120/Class2/Motospl11512.jpg,data/splits/train/Class2/Motospl11512.jpg,0
train,Class2,1,Motospl10693.jpg,data/processed/160x120/Class2/Motospl10693.jpg,data/splits/train/Class2/Motospl10693.jpg,0
train,Class2,1,Motospl12081.jpg,data/processed/160x120/Class2/Motospl12081.jpg,data/splits/train/Class2/Motospl12081.jpg,0
train,Class2,1,Motospl11868.jpg,data/processed/160x120/Class2/Motospl11868.jpg,data/splits/train/Class2/Motospl11868.jpg,0
train,Class2,1,Motospl10546.jpg,data/processed/160x120/Class2/Motospl10546.jpg,data/splits/train/Class2/Motospl10546.jpg,0
train,Class2,1,Motospl11589.jpg,data/processed/160x120/Class2/Motospl11589.jpg,data/splits/train/Class2/Motospl11589.jpg,0
train,Class2,1,placas1597.jpg,data/processed/160x120/Class2/placas1597.jpg,data/splits/train/Class2/placas1597.jpg,0
train,Class2,1,Motospl10607.jpg,data/processed/160x120/Class2/Motospl10607.jpg,data/splits/train/Class2/Motospl10607.jpg,0
train,Class2,1,placas1437.jpg,data/processed/160x120/Class2/placas1437.jpg,data/splits/train/Class2/placas1437.jpg,0
train,Class2,1,Motospl11904.jpg,data/processed/160x120/Class2/Motospl11904.jpg,data/splits/train/Class2/Motospl11904.jpg,0
train,Class2,1,Motospl12382.jpg,data/processed/160x120/Class2/Motospl12382.jpg,data/splits/train/Class2/Motospl12382.jpg,0
train,Class2,1,Placass10962.jpg,data/processed/160x120/Class2/Placass10962.jpg,data/splits/train/Class2/Placass10962.jpg,0
train,Class2,1,Motospl10196.jpg,data/processed/160x120/Class2/Motospl10196.jpg,data/splits/train/Class2/Motospl10196.jpg,0
train,Class2,1,Motospl10268.jpg,data/processed/160x120/Class2/Motospl10268.jpg,data/splits/train/Class2/Motospl10268.jpg,0
train,Class2,1,Motospl10426.jpg,data/processed/160x120/Class2/Motospl10426.jpg,data/splits/train/Class2/Motospl10426.jpg,0
train,Class2,1,Motospl11984.jpg,data/processed/160x120/Class2/Motospl11984.jpg,data/splits/train/Class2/Motospl11984.jpg,0
train,Class2,1,Motospl11721.jpg,data/processed/160x120/Class2/Motospl11721.jpg,data/splits/train/Class2/Motospl11721.jpg,0
train,Class2,1,Motospl11603.jpg,data/processed/160x120/Class2/Motospl11603.jpg,data/splits/train/Class2/Motospl11603.jpg,0
train,Class2,1,placas1538.jpg,data/processed/160x120/Class2/placas1538.jpg,data/splits/train/Class2/placas1538.jpg,0
train,Class2,1,Motospl10241.jpg,data/processed/160x120/Class2/Motospl10241.jpg,data/splits/train/Class2/Motospl10241.jpg,0
train,Class2,1,Motospl10810.jpg,data/processed/160x120/Class2/Motospl10810.jpg,data/splits/train/Class2/Motospl10810.jpg,0
train,Class2,1,Motospl10499.jpg,data/processed/160x120/Class2/Motospl10499.jpg,data/splits/train/Class2/Motospl10499.jpg,0
train,Class2,1,Motospl10265.jpg,data/processed/160x120/Class2/Motospl10265.jpg,data/splits/train/Class2/Motospl10265.jpg,0
train,Class2,1,Motospl11108.jpg,data/processed/160x120/Class2/Motospl11108.jpg,data/splits/train/Class2/Motospl11108.jpg,0
train,Class2,1,Motospl11328.jpg,data/processed/160x120/Class2/Motospl11328.jpg,data/splits/train/Class2/Motospl11328.jpg,0
train,Class2,1,placas1506.jpg,data/processed/160x120/Class2/placas1506.jpg,data/splits/train/Class2/placas1506.jpg,0
train,Class2,1,Motospl12363.jpg,data/processed/160x120/Class2/Motospl12363.jpg,data/splits/train/Class2/Motospl12363.jpg,0
train,Class2,1,Motospl12360.jpg,data/processed/160x120/Class2/Motospl12360.jpg,data/splits/train/Class2/Motospl12360.jpg,0
train,Class2,1,Motospl10805.jpg,data/processed/160x120/Class2/Motospl10805.jpg,data/splits/train/Class2/Motospl10805.jpg,0
train,Class2,1,Motospl11028.jpg,data/processed/160x120/Class2/Motospl11028.jpg,data/splits/train/Class2/Motospl11028.jpg,0
train,Class2,1,Motospl12211.jpg,data/processed/160x120/Class2/Motospl12211.jpg,data/splits/train/Class2/Motospl12211.jpg,0
train,Class2,1,Motospl12264.jpg,data/processed/160x120/Class2/Motospl12264.jpg,data/splits/train/Class2/Motospl12264.jpg,0
train,Class2,1,Motospl11948.jpg,data/processed/160x120/Class2/Motospl11948.jpg,data/splits/train/Class2/Motospl11948.jpg,0
train,Class2,1,Motospl12215.jpg,data/processed/160x120/Class2/Motospl12215.jpg,data/splits/train/Class2/Motospl12215.jpg,0
train,Class2,1,placas1431.jpg,data/processed/160x120/Class2/placas1431.jpg,data/splits/train/Class2/placas1431.jpg,0
train,Class2,1,Motospl10910.jpg,data/processed/160x120/Class2/Motospl10910.jpg,data/splits/train/Class2/Motospl10910.jpg,0
train,Class2,1,Placa70.png,data/processed/160x120/Class2/Placa70.png,data/splits/train/Class2/Placa70.png,0
train,Class2,1,Motospl11148.jpg,data/processed/160x120/Class2/Motospl11148.jpg,data/splits/train/Class2/Motospl11148.jpg,0
train,Class2,1,Motospl10448.jpg,data/processed/160x120/Class2/Motospl10448.jpg,data/splits/train/Class2/Motospl10448.jpg,0
train,Class2,1,Motospl10557.jpg,data/processed/160x120/Class2/Motospl10557.jpg,data/splits/train/Class2/Motospl10557.jpg,0
train,Class2,1,Motospl12030.jpg,data/processed/160x120/Class2/Motospl12030.jpg,data/splits/train/Class2/Motospl12030.jpg,0
train,Class2,1,Motospl10954.jpg,data/processed/160x120/Class2/Motospl10954.jpg,data/splits/train/Class2/Motospl10954.jpg,0
train,Class2,1,Motospl10386.jpg,data/processed/160x120/Class2/Motospl10386.jpg,data/splits/train/Class2/Motospl10386.jpg,0
train,Class2,1,Motospl11506.jpg,data/processed/160x120/Class2/Motospl11506.jpg,data/splits/train/Class2/Motospl11506.jpg,0
train,Class2,1,Motospl11994.jpg,data/processed/160x120/Class2/Motospl11994.jpg,data/splits/train/Class2/Motospl11994.jpg,0
train,Class2,1,Placass10941.jpg,data/processed/160x120/Class2/Placass10941.jpg,data/splits/train/Class2/Placass10941.jpg,0
train,Class2,1,Motospl11040.jpg,data/processed/160x120/Class2/Motospl11040.jpg,data/splits/train/Class2/Motospl11040.jpg,0
train,Class2,1,Motospl10717.jpg,data/processed/160x120/Class2/Motospl10717.jpg,data/splits/train/Class2/Motospl10717.jpg,0
train,Class2,1,Motospl12297.jpg,data/processed/160x120/Class2/Motospl12297.jpg,data/splits/train/Class2/Motospl12297.jpg,0
train,Class2,1,Motospl10001.jpg,data/processed/160x120/Class2/Motospl10001.jpg,data/splits/train/Class2/Motospl10001.jpg,0
train,Class2,1,placas1442.jpg,data/processed/160x120/Class2/placas1442.jpg,data/splits/train/Class2/placas1442.jpg,0
train,Class2,1,Motospl11265.jpg,data/processed/160x120/Class2/Motospl11265.jpg,data/splits/train/Class2/Motospl11265.jpg,0
train,Class2,1,Motospl12202.jpg,data/processed/160x120/Class2/Motospl12202.jpg,data/splits/train/Class2/Motospl12202.jpg,0
train,Class2,1,Motospl11121.jpg,data/processed/160x120/Class2/Motospl11121.jpg,data/splits/train/Class2/Motospl11121.jpg,0
train,Class2,1,Motospl10919.jpg,data/processed/160x120/Class2/Motospl10919.jpg,data/splits/train/Class2/Motospl10919.jpg,0
train,Class2,1,Placa5.png,data/processed/160x120/Class2/Placa5.png,data/splits/train/Class2/Placa5.png,0
train,Class2,1,Motospl11611.jpg,data/processed/160x120/Class2/Motospl11611.jpg,data/splits/train/Class2/Motospl11611.jpg,0
train,Class2,1,Motospl10796.jpg,data/processed/160x120/Class2/Motospl10796.jpg,data/splits/train/Class2/Motospl10796.jpg,0
train,Class2,1,placas1110.jpg,data/processed/160x120/Class2/placas1110.jpg,data/splits/train/Class2/placas1110.jpg,0
train,Class2,1,Motospl10559.jpg,data/processed/160x120/Class2/Motospl10559.jpg,data/splits/train/Class2/Motospl10559.jpg,0
train,Class2,1,Motospl10829.jpg,data/processed/160x120/Class2/Motospl10829.jpg,data/splits/train/Class2/Motospl10829.jpg,0
train,Class2,1,Motospl11775.jpg,data/processed/160x120/Class2/Motospl11775.jpg,data/splits/train/Class2/Motospl11775.jpg,0
train,Class2,1,Placa73.png,data/processed/160x120/Class2/Placa73.png,data/splits/train/Class2/Placa73.png,0
train,Class2,1,Placass11628.jpg,data/processed/160x120/Class2/Placass11628.jpg,data/splits/train/Class2/Placass11628.jpg,0
train,Class2,1,Motospl10497.jpg,data/processed/160x120/Class2/Motospl10497.jpg,data/splits/train/Class2/Motospl10497.jpg,0
train,Class2,1,placas1574.jpg,data/processed/160x120/Class2/placas1574.jpg,data/splits/train/Class2/placas1574.jpg,0
train,Class2,1,Motospl11743.jpg,data/processed/160x120/Class2/Motospl11743.jpg,data/splits/train/Class2/Motospl11743.jpg,0
train,Class2,1,Placass10485.jpg,data/processed/160x120/Class2/Placass10485.jpg,data/splits/train/Class2/Placass10485.jpg,0
train,Class2,1,Motospl11078.jpg,data/processed/160x120/Class2/Motospl11078.jpg,data/splits/train/Class2/Motospl11078.jpg,0
train,Class2,1,Placass10356.jpg,data/processed/160x120/Class2/Placass10356.jpg,data/splits/train/Class2/Placass10356.jpg,0
train,Class2,1,Motospl11478.jpg,data/processed/160x120/Class2/Motospl11478.jpg,data/splits/train/Class2/Motospl11478.jpg,0
train,Class2,1,Motospl10723.jpg,data/processed/160x120/Class2/Motospl10723.jpg,data/splits/train/Class2/Motospl10723.jpg,0
train,Class2,1,Placass10934.jpg,data/processed/160x120/Class2/Placass10934.jpg,data/splits/train/Class2/Placass10934.jpg,0
train,Class2,1,Motospl12135.jpg,data/processed/160x120/Class2/Motospl12135.jpg,data/splits/train/Class2/Motospl12135.jpg,0
train,Class2,1,Motospl11884.jpg,data/processed/160x120/Class2/Motospl11884.jpg,data/splits/train/Class2/Motospl11884.jpg,0
train,Class2,1,Motospl10016.jpg,data/processed/160x120/Class2/Motospl10016.jpg,data/splits/train/Class2/Motospl10016.jpg,0
train,Class2,1,Motospl11757.jpg,data/processed/160x120/Class2/Motospl11757.jpg,data/splits/train/Class2/Motospl11757.jpg,0
train,Class2,1,Motospl10138.jpg,data/processed/160x120/Class2/Motospl10138.jpg,data/splits/train/Class2/Motospl10138.jpg,0
train,Class2,1,Motospl11902.jpg,data/processed/160x120/Class2/Motospl11902.jpg,data/splits/train/Class2/Motospl11902.jpg,0
train,Class2,1,Motospl11558.jpg,data/processed/160x120/Class2/Motospl11558.jpg,data/splits/train/Class2/Motospl11558.jpg,0
train,Class2,1,Motospl10973.jpg,data/processed/160x120/Class2/Motospl10973.jpg,data/splits/train/Class2/Motospl10973.jpg,0
train,Class2,1,Motospl10072.jpg,data/processed/160x120/Class2/Motospl10072.jpg,data/splits/train/Class2/Motospl10072.jpg,0
train,Class2,1,Motospl12225.jpg,data/processed/160x120/Class2/Motospl12225.jpg,data/splits/train/Class2/Motospl12225.jpg,0
train,Class2,1,Motospl11398.jpg,data/processed/160x120/Class2/Motospl11398.jpg,data/splits/train/Class2/Motospl11398.jpg,0
train,Class2,1,Motospl10473.jpg,data/processed/160x120/Class2/Motospl10473.jpg,data/splits/train/Class2/Motospl10473.jpg,0
train,Class2,1,Motospl10357.jpg,data/processed/160x120/Class2/Motospl10357.jpg,data/splits/train/Class2/Motospl10357.jpg,0
train,Class2,1,Motospl11409.jpg,data/processed/160x120/Class2/Motospl11409.jpg,data/splits/train/Class2/Motospl11409.jpg,0
train,Class2,1,Motospl10766.jpg,data/processed/160x120/Class2/Motospl10766.jpg,data/splits/train/Class2/Motospl10766.jpg,0
train,Class2,1,Motospl10174.jpg,data/processed/160x120/Class2/Motospl10174.jpg,data/splits/train/Class2/Motospl10174.jpg,0
train,Class2,1,Motospl12327.jpg,data/processed/160x120/Class2/Motospl12327.jpg,data/splits/train/Class2/Motospl12327.jpg,0
train,Class2,1,Motospl11754.jpg,data/processed/160x120/Class2/Motospl11754.jpg,data/splits/train/Class2/Motospl11754.jpg,0
train,Class2,1,placaas10236.jpg,data/processed/160x120/Class2/placaas10236.jpg,data/splits/train/Class2/placaas10236.jpg,0
train,Class2,1,Motospl10659.jpg,data/processed/160x120/Class2/Motospl10659.jpg,data/splits/train/Class2/Motospl10659.jpg,0
train,Class2,1,Motospl11762.jpg,data/processed/160x120/Class2/Motospl11762.jpg,data/splits/train/Class2/Motospl11762.jpg,0
train,Class2,1,Motospl11802.jpg,data/processed/160x120/Class2/Motospl11802.jpg,data/splits/train/Class2/Motospl11802.jpg,0
train,Class2,1,Placass10507.jpg,data/processed/160x120/Class2/Placass10507.jpg,data/splits/train/Class2/Placass10507.jpg,0
train,Class2,1,Motospl10612.jpg,data/processed/160x120/Class2/Motospl10612.jpg,data/splits/train/Class2/Motospl10612.jpg,0
train,Class2,1,Motospl12019.jpg,data/processed/160x120/Class2/Motospl12019.jpg,data/splits/train/Class2/Motospl12019.jpg,0
train,Class2,1,Motospl10149.jpg,data/processed/160x120/Class2/Motospl10149.jpg,data/splits/train/Class2/Motospl10149.jpg,0
train,Class2,1,Motospl10631.jpg,data/processed/160x120/Class2/Motospl10631.jpg,data/splits/train/Class2/Motospl10631.jpg,0
train,Class2,1,Motospl11407.jpg,data/processed/160x120/Class2/Motospl11407.jpg,data/splits/train/Class2/Motospl11407.jpg,0
train,Class2,1,Placa185.png,data/processed/160x120/Class2/Placa185.png,data/splits/train/Class2/Placa185.png,0
train,Class2,1,Motospl10227.jpg,data/processed/160x120/Class2/Motospl10227.jpg,data/splits/train/Class2/Motospl10227.jpg,0
train,Class2,1,Motospl11161.jpg,data/processed/160x120/Class2/Motospl11161.jpg,data/splits/train/Class2/Motospl11161.jpg,0
train,Class2,1,Motospl12104.jpg,data/processed/160x120/Class2/Motospl12104.jpg,data/splits/train/Class2/Motospl12104.jpg,0
train,Class2,1,Motospl11955.jpg,data/processed/160x120/Class2/Motospl11955.jpg,data/splits/train/Class2/Motospl11955.jpg,0
train,Class2,1,placas1115.jpg,data/processed/160x120/Class2/placas1115.jpg,data/splits/train/Class2/placas1115.jpg,0
train,Class2,1,Motospl10639.jpg,data/processed/160x120/Class2/Motospl10639.jpg,data/splits/train/Class2/Motospl10639.jpg,0
train,Class2,1,Motospl11496.jpg,data/processed/160x120/Class2/Motospl11496.jpg,data/splits/train/Class2/Motospl11496.jpg,0
train,Class2,1,plaacaas1295.jpg,data/processed/160x120/Class2/plaacaas1295.jpg,data/splits/train/Class2/plaacaas1295.jpg,0
train,Class2,1,Motospl10089.jpg,data/processed/160x120/Class2/Motospl10089.jpg,data/splits/train/Class2/Motospl10089.jpg,0
train,Class2,1,Placasm10788.jpg,data/processed/160x120/Class2/Placasm10788.jpg,data/splits/train/Class2/Placasm10788.jpg,0
train,Class2,1,Motospl12281.jpg,data/processed/160x120/Class2/Motospl12281.jpg,data/splits/train/Class2/Motospl12281.jpg,0
train,Class2,1,Motospl12367.jpg,data/processed/160x120/Class2/Motospl12367.jpg,data/splits/train/Class2/Motospl12367.jpg,0
train,Class2,1,Motospl11074.jpg,data/processed/160x120/Class2/Motospl11074.jpg,data/splits/train/Class2/Motospl11074.jpg,0
train,Class2,1,Motospl11112.jpg,data/processed/160x120/Class2/Motospl11112.jpg,data/splits/train/Class2/Motospl11112.jpg,0
train,Class2,1,Motospl10928.jpg,data/processed/160x120/Class2/Motospl10928.jpg,data/splits/train/Class2/Motospl10928.jpg,0
train,Class2,1,Motospl11642.jpg,data/processed/160x120/Class2/Motospl11642.jpg,data/splits/train/Class2/Motospl11642.jpg,0
train,Class2,1,Motospl10675.jpg,data/processed/160x120/Class2/Motospl10675.jpg,data/splits/train/Class2/Motospl10675.jpg,0
train,Class2,1,Motospl10593.jpg,data/processed/160x120/Class2/Motospl10593.jpg,data/splits/train/Class2/Motospl10593.jpg,0
train,Class2,1,Motospl10629.jpg,data/processed/160x120/Class2/Motospl10629.jpg,data/splits/train/Class2/Motospl10629.jpg,0
train,Class2,1,Placas11097.jpg,data/processed/160x120/Class2/Placas11097.jpg,data/splits/train/Class2/Placas11097.jpg,0
train,Class2,1,Motospl11619.jpg,data/processed/160x120/Class2/Motospl11619.jpg,data/splits/train/Class2/Motospl11619.jpg,0
train,Class2,1,Motospl12209.jpg,data/processed/160x120/Class2/Motospl12209.jpg,data/splits/train/Class2/Motospl12209.jpg,0
train,Class2,1,placas1422.jpg,data/processed/160x120/Class2/placas1422.jpg,data/splits/train/Class2/placas1422.jpg,0
train,Class2,1,placaas10346.jpg,data/processed/160x120/Class2/placaas10346.jpg,data/splits/train/Class2/placaas10346.jpg,0
train,Class2,1,Motospl10059.jpg,data/processed/160x120/Class2/Motospl10059.jpg,data/splits/train/Class2/Motospl10059.jpg,0
train,Class2,1,Motospl11675.jpg,data/processed/160x120/Class2/Motospl11675.jpg,data/splits/train/Class2/Motospl11675.jpg,0
train,Class2,1,Motospl11531.jpg,data/processed/160x120/Class2/Motospl11531.jpg,data/splits/train/Class2/Motospl11531.jpg,0
train,Class2,1,Motospl11372.jpg,data/processed/160x120/Class2/Motospl11372.jpg,data/splits/train/Class2/Motospl11372.jpg,0
train,Class2,1,Motospl11594.jpg,data/processed/160x120/Class2/Motospl11594.jpg,data/splits/train/Class2/Motospl11594.jpg,0
train,Class2,1,Motospl11705.jpg,data/processed/160x120/Class2/Motospl11705.jpg,data/splits/train/Class2/Motospl11705.jpg,0
train,Class2,1,plaacaas1086.jpg,data/processed/160x120/Class2/plaacaas1086.jpg,data/splits/train/Class2/plaacaas1086.jpg,0
train,Class2,1,Motospl11142.jpg,data/processed/160x120/Class2/Motospl11142.jpg,data/splits/train/Class2/Motospl11142.jpg,0
train,Class2,1,Motospl10167.jpg,data/processed/160x120/Class2/Motospl10167.jpg,data/splits/train/Class2/Motospl10167.jpg,0
train,Class2,1,placas1222.jpg,data/processed/160x120/Class2/placas1222.jpg,data/splits/train/Class2/placas1222.jpg,0
train,Class2,1,Motospl10603.jpg,data/processed/160x120/Class2/Motospl10603.jpg,data/splits/train/Class2/Motospl10603.jpg,0
train,Class2,1,Motospl12001.jpg,data/processed/160x120/Class2/Motospl12001.jpg,data/splits/train/Class2/Motospl12001.jpg,0
train,Class2,1,Motospl11768.jpg,data/processed/160x120/Class2/Motospl11768.jpg,data/splits/train/Class2/Motospl11768.jpg,0
train,Class2,1,Placas11347.jpg,data/processed/160x120/Class2/Placas11347.jpg,data/splits/train/Class2/Placas11347.jpg,0
train,Class2,1,plaacaas1069.jpg,data/processed/160x120/Class2/plaacaas1069.jpg,data/splits/train/Class2/plaacaas1069.jpg,0
train,Class2,1,Motospl11731.jpg,data/processed/160x120/Class2/Motospl11731.jpg,data/splits/train/Class2/Motospl11731.jpg,0
train,Class2,1,Motospl12389.jpg,data/processed/160x120/Class2/Motospl12389.jpg,data/splits/train/Class2/Motospl12389.jpg,0
train,Class2,1,Motospl10685.jpg,data/processed/160x120/Class2/Motospl10685.jpg,data/splits/train/Class2/Motospl10685.jpg,0
train,Class2,1,placas1491.jpg,data/processed/160x120/Class2/placas1491.jpg,data/splits/train/Class2/placas1491.jpg,0
train,Class2,1,plaacaas1259.jpg,data/processed/160x120/Class2/plaacaas1259.jpg,data/splits/train/Class2/plaacaas1259.jpg,0
train,Class2,1,Placa85.png,data/processed/160x120/Class2/Placa85.png,data/splits/train/Class2/Placa85.png,0
train,Class2,1,Motospl11494.jpg,data/processed/160x120/Class2/Motospl11494.jpg,data/splits/train/Class2/Motospl11494.jpg,0
train,Class2,1,Motospl10501.jpg,data/processed/160x120/Class2/Motospl10501.jpg,data/splits/train/Class2/Motospl10501.jpg,0
train,Class2,1,Motospl11787.jpg,data/processed/160x120/Class2/Motospl11787.jpg,data/splits/train/Class2/Motospl11787.jpg,0
train,Class2,1,Motospl11085.jpg,data/processed/160x120/Class2/Motospl11085.jpg,data/splits/train/Class2/Motospl11085.jpg,0
train,Class2,1,Motospl11981.jpg,data/processed/160x120/Class2/Motospl11981.jpg,data/splits/train/Class2/Motospl11981.jpg,0
train,Class2,1,Motospl11859.jpg,data/processed/160x120/Class2/Motospl11859.jpg,data/splits/train/Class2/Motospl11859.jpg,0
train,Class2,1,Motospl11542.jpg,data/processed/160x120/Class2/Motospl11542.jpg,data/splits/train/Class2/Motospl11542.jpg,0
train,Class2,1,Placass10190.jpg,data/processed/160x120/Class2/Placass10190.jpg,data/splits/train/Class2/Placass10190.jpg,0
train,Class2,1,Motospl10432.jpg,data/processed/160x120/Class2/Motospl10432.jpg,data/splits/train/Class2/Motospl10432.jpg,0
train,Class2,1,Motospl10990.jpg,data/processed/160x120/Class2/Motospl10990.jpg,data/splits/train/Class2/Motospl10990.jpg,0
train,Class2,1,Motospl11303.jpg,data/processed/160x120/Class2/Motospl11303.jpg,data/splits/train/Class2/Motospl11303.jpg,0
train,Class2,1,Motospl10123.jpg,data/processed/160x120/Class2/Motospl10123.jpg,data/splits/train/Class2/Motospl10123.jpg,0
train,Class2,1,Motospl11734.jpg,data/processed/160x120/Class2/Motospl11734.jpg,data/splits/train/Class2/Motospl11734.jpg,0
train,Class2,1,Placas11529.jpg,data/processed/160x120/Class2/Placas11529.jpg,data/splits/train/Class2/Placas11529.jpg,0
train,Class2,1,Motospl11598.jpg,data/processed/160x120/Class2/Motospl11598.jpg,data/splits/train/Class2/Motospl11598.jpg,0
train,Class2,1,Motospl11932.jpg,data/processed/160x120/Class2/Motospl11932.jpg,data/splits/train/Class2/Motospl11932.jpg,0
train,Class2,1,plaacaas1152.jpg,data/processed/160x120/Class2/plaacaas1152.jpg,data/splits/train/Class2/plaacaas1152.jpg,0
train,Class2,1,Motospl10194.jpg,data/processed/160x120/Class2/Motospl10194.jpg,data/splits/train/Class2/Motospl10194.jpg,0
train,Class2,1,Motospl11791.jpg,data/processed/160x120/Class2/Motospl11791.jpg,data/splits/train/Class2/Motospl11791.jpg,0
train,Class2,1,Motospl10219.jpg,data/processed/160x120/Class2/Motospl10219.jpg,data/splits/train/Class2/Motospl10219.jpg,0
train,Class2,1,Motospl11717.jpg,data/processed/160x120/Class2/Motospl11717.jpg,data/splits/train/Class2/Motospl11717.jpg,0
train,Class2,1,Motospl10681.jpg,data/processed/160x120/Class2/Motospl10681.jpg,data/splits/train/Class2/Motospl10681.jpg,0
train,Class2,1,Motospl10540.jpg,data/processed/160x120/Class2/Motospl10540.jpg,data/splits/train/Class2/Motospl10540.jpg,0
train,Class2,1,Motospl10080.jpg,data/processed/160x120/Class2/Motospl10080.jpg,data/splits/train/Class2/Motospl10080.jpg,0
train,Class2,1,Motospl10238.jpg,data/processed/160x120/Class2/Motospl10238.jpg,data/splits/train/Class2/Motospl10238.jpg,0
train,Class2,1,Motospl10172.jpg,data/processed/160x120/Class2/Motospl10172.jpg,data/splits/train/Class2/Motospl10172.jpg,0
train,Class2,1,placas1585.jpg,data/processed/160x120/Class2/placas1585.jpg,data/splits/train/Class2/placas1585.jpg,0
train,Class2,1,Motospl11389.jpg,data/processed/160x120/Class2/Motospl11389.jpg,data/splits/train/Class2/Motospl11389.jpg,0
train,Class2,1,placaas10642.jpg,data/processed/160x120/Class2/placaas10642.jpg,data/splits/train/Class2/placaas10642.jpg,0
train,Class2,1,Motospl12143.jpg,data/processed/160x120/Class2/Motospl12143.jpg,data/splits/train/Class2/Motospl12143.jpg,0
train,Class2,1,Motospl10006.jpg,data/processed/160x120/Class2/Motospl10006.jpg,data/splits/train/Class2/Motospl10006.jpg,0
train,Class2,1,Placass10965.jpg,data/processed/160x120/Class2/Placass10965.jpg,data/splits/train/Class2/Placass10965.jpg,0
train,Class2,1,Motospl10937.jpg,data/processed/160x120/Class2/Motospl10937.jpg,data/splits/train/Class2/Motospl10937.jpg,0
train,Class2,1,Motospl11612.jpg,data/processed/160x120/Class2/Motospl11612.jpg,data/splits/train/Class2/Motospl11612.jpg,0
train,Class2,1,placas1512.jpg,data/processed/160x120/Class2/placas1512.jpg,data/splits/train/Class2/placas1512.jpg,0
train,Class2,1,Motospl10510.jpg,data/processed/160x120/Class2/Motospl10510.jpg,data/splits/train/Class2/Motospl10510.jpg,0
train,Class2,1,Placa75.png,data/processed/160x120/Class2/Placa75.png,data/splits/train/Class2/Placa75.png,0
train,Class2,1,Placasm10317.jpg,data/processed/160x120/Class2/Placasm10317.jpg,data/splits/train/Class2/Placasm10317.jpg,0
train,Class2,1,Motospl10865.jpg,data/processed/160x120/Class2/Motospl10865.jpg,data/splits/train/Class2/Motospl10865.jpg,0
train,Class2,1,Motospl10368.jpg,data/processed/160x120/Class2/Motospl10368.jpg,data/splits/train/Class2/Motospl10368.jpg,0
train,Class2,1,Motospl11333.jpg,data/processed/160x120/Class2/Motospl11333.jpg,data/splits/train/Class2/Motospl11333.jpg,0
train,Class2,1,Motospl10542.jpg,data/processed/160x120/Class2/Motospl10542.jpg,data/splits/train/Class2/Motospl10542.jpg,0
train,Class2,1,Motospl10231.jpg,data/processed/160x120/Class2/Motospl10231.jpg,data/splits/train/Class2/Motospl10231.jpg,0
train,Class2,1,Motospl11543.jpg,data/processed/160x120/Class2/Motospl11543.jpg,data/splits/train/Class2/Motospl11543.jpg,0
train,Class2,1,Motospl12314.jpg,data/processed/160x120/Class2/Motospl12314.jpg,data/splits/train/Class2/Motospl12314.jpg,0
train,Class2,1,Motospl10262.jpg,data/processed/160x120/Class2/Motospl10262.jpg,data/splits/train/Class2/Motospl10262.jpg,0
train,Class2,1,Motospl11378.jpg,data/processed/160x120/Class2/Motospl11378.jpg,data/splits/train/Class2/Motospl11378.jpg,0
train,Class2,1,Placa10.png,data/processed/160x120/Class2/Placa10.png,data/splits/train/Class2/Placa10.png,0
train,Class2,1,Motospl10884.jpg,data/processed/160x120/Class2/Motospl10884.jpg,data/splits/train/Class2/Motospl10884.jpg,0
train,Class2,1,Motospl11906.jpg,data/processed/160x120/Class2/Motospl11906.jpg,data/splits/train/Class2/Motospl11906.jpg,0
train,Class2,1,Motospl12420.jpg,data/processed/160x120/Class2/Motospl12420.jpg,data/splits/train/Class2/Motospl12420.jpg,0
train,Class2,1,Motospl11269.jpg,data/processed/160x120/Class2/Motospl11269.jpg,data/splits/train/Class2/Motospl11269.jpg,0
train,Class2,1,Placass10235.jpg,data/processed/160x120/Class2/Placass10235.jpg,data/splits/train/Class2/Placass10235.jpg,0
train,Class2,1,Placa16.png,data/processed/160x120/Class2/Placa16.png,data/splits/train/Class2/Placa16.png,0
train,Class2,1,Motospl10692.jpg,data/processed/160x120/Class2/Motospl10692.jpg,data/splits/train/Class2/Motospl10692.jpg,0
train,Class2,1,Motospl11779.jpg,data/processed/160x120/Class2/Motospl11779.jpg,data/splits/train/Class2/Motospl11779.jpg,0
train,Class2,1,Motospl10181.jpg,data/processed/160x120/Class2/Motospl10181.jpg,data/splits/train/Class2/Motospl10181.jpg,0
train,Class2,1,Motospl11947.jpg,data/processed/160x120/Class2/Motospl11947.jpg,data/splits/train/Class2/Motospl11947.jpg,0
train,Class2,1,Placa199.png,data/processed/160x120/Class2/Placa199.png,data/splits/train/Class2/Placa199.png,0
train,Class2,1,Motospl10608.jpg,data/processed/160x120/Class2/Motospl10608.jpg,data/splits/train/Class2/Motospl10608.jpg,0
train,Class2,1,Motospl10274.jpg,data/processed/160x120/Class2/Motospl10274.jpg,data/splits/train/Class2/Motospl10274.jpg,0
train,Class2,1,Motospl10784.jpg,data/processed/160x120/Class2/Motospl10784.jpg,data/splits/train/Class2/Motospl10784.jpg,0
train,Class2,1,Motospl11761.jpg,data/processed/160x120/Class2/Motospl11761.jpg,data/splits/train/Class2/Motospl11761.jpg,0
train,Class2,1,Motospl11924.jpg,data/processed/160x120/Class2/Motospl11924.jpg,data/splits/train/Class2/Motospl11924.jpg,0
train,Class2,1,Motospl10878.jpg,data/processed/160x120/Class2/Motospl10878.jpg,data/splits/train/Class2/Motospl10878.jpg,0
train,Class2,1,Motospl10671.jpg,data/processed/160x120/Class2/Motospl10671.jpg,data/splits/train/Class2/Motospl10671.jpg,0
train,Class2,1,Motospl12172.jpg,data/processed/160x120/Class2/Motospl12172.jpg,data/splits/train/Class2/Motospl12172.jpg,0
train,Class2,1,placas1698.jpg,data/processed/160x120/Class2/placas1698.jpg,data/splits/train/Class2/placas1698.jpg,0
train,Class2,1,Motospl10744.jpg,data/processed/160x120/Class2/Motospl10744.jpg,data/splits/train/Class2/Motospl10744.jpg,0
train,Class2,1,Motospl12259.jpg,data/processed/160x120/Class2/Motospl12259.jpg,data/splits/train/Class2/Motospl12259.jpg,0
train,Class2,1,Motospl10337.jpg,data/processed/160x120/Class2/Motospl10337.jpg,data/splits/train/Class2/Motospl10337.jpg,0
train,Class2,1,Motospl10687.jpg,data/processed/160x120/Class2/Motospl10687.jpg,data/splits/train/Class2/Motospl10687.jpg,0
train,Class2,1,Placasm10800.jpg,data/processed/160x120/Class2/Placasm10800.jpg,data/splits/train/Class2/Placasm10800.jpg,0
train,Class2,1,Motospl12175.jpg,data/processed/160x120/Class2/Motospl12175.jpg,data/splits/train/Class2/Motospl12175.jpg,0
train,Class2,1,Motospl10049.jpg,data/processed/160x120/Class2/Motospl10049.jpg,data/splits/train/Class2/Motospl10049.jpg,0
train,Class2,1,Motospl11588.jpg,data/processed/160x120/Class2/Motospl11588.jpg,data/splits/train/Class2/Motospl11588.jpg,0
train,Class2,1,Motospl10474.jpg,data/processed/160x120/Class2/Motospl10474.jpg,data/splits/train/Class2/Motospl10474.jpg,0
train,Class2,1,Motospl10970.jpg,data/processed/160x120/Class2/Motospl10970.jpg,data/splits/train/Class2/Motospl10970.jpg,0
train,Class2,1,Motospl11134.jpg,data/processed/160x120/Class2/Motospl11134.jpg,data/splits/train/Class2/Motospl11134.jpg,0
train,Class2,1,Motospl12371.jpg,data/processed/160x120/Class2/Motospl12371.jpg,data/splits/train/Class2/Motospl12371.jpg,0
train,Class2,1,Motospl11861.jpg,data/processed/160x120/Class2/Motospl11861.jpg,data/splits/train/Class2/Motospl11861.jpg,0
train,Class2,1,Motospl10838.jpg,data/processed/160x120/Class2/Motospl10838.jpg,data/splits/train/Class2/Motospl10838.jpg,0
train,Class2,1,Motospl10959.jpg,data/processed/160x120/Class2/Motospl10959.jpg,data/splits/train/Class2/Motospl10959.jpg,0
train,Class2,1,Motospl10544.jpg,data/processed/160x120/Class2/Motospl10544.jpg,data/splits/train/Class2/Motospl10544.jpg,0
train,Class2,1,Motospl10214.jpg,data/processed/160x120/Class2/Motospl10214.jpg,data/splits/train/Class2/Motospl10214.jpg,0
train,Class2,1,Placass10188.jpg,data/processed/160x120/Class2/Placass10188.jpg,data/splits/train/Class2/Placass10188.jpg,0
train,Class2,1,placas1548.jpg,data/processed/160x120/Class2/placas1548.jpg,data/splits/train/Class2/placas1548.jpg,0
train,Class2,1,Motospl12428.jpg,data/processed/160x120/Class2/Motospl12428.jpg,data/splits/train/Class2/Motospl12428.jpg,0
train,Class2,1,Motospl10385.jpg,data/processed/160x120/Class2/Motospl10385.jpg,data/splits/train/Class2/Motospl10385.jpg,0
train,Class2,1,placas1485.jpg,data/processed/160x120/Class2/placas1485.jpg,data/splits/train/Class2/placas1485.jpg,0
train,Class2,1,Motospl10131.jpg,data/processed/160x120/Class2/Motospl10131.jpg,data/splits/train/Class2/Motospl10131.jpg,0
train,Class2,1,Motospl10484.jpg,data/processed/160x120/Class2/Motospl10484.jpg,data/splits/train/Class2/Motospl10484.jpg,0
train,Class2,1,Placasm10223.jpg,data/processed/160x120/Class2/Placasm10223.jpg,data/splits/train/Class2/Placasm10223.jpg,0
train,Class2,1,Motospl10457.jpg,data/processed/160x120/Class2/Motospl10457.jpg,data/splits/train/Class2/Motospl10457.jpg,0
train,Class2,1,Motospl12155.jpg,data/processed/160x120/Class2/Motospl12155.jpg,data/splits/train/Class2/Motospl12155.jpg,0
train,Class2,1,Motospl11469.jpg,data/processed/160x120/Class2/Motospl11469.jpg,data/splits/train/Class2/Motospl11469.jpg,0
train,Class2,1,Motospl11023.jpg,data/processed/160x120/Class2/Motospl11023.jpg,data/splits/train/Class2/Motospl11023.jpg,0
train,Class2,1,Motospl11360.jpg,data/processed/160x120/Class2/Motospl11360.jpg,data/splits/train/Class2/Motospl11360.jpg,0
train,Class2,1,Motospl10373.jpg,data/processed/160x120/Class2/Motospl10373.jpg,data/splits/train/Class2/Motospl10373.jpg,0
train,Class2,1,Motospl11281.jpg,data/processed/160x120/Class2/Motospl11281.jpg,data/splits/train/Class2/Motospl11281.jpg,0
train,Class2,1,Motospl12097.jpg,data/processed/160x120/Class2/Motospl12097.jpg,data/splits/train/Class2/Motospl12097.jpg,0
train,Class2,1,Motospl11463.jpg,data/processed/160x120/Class2/Motospl11463.jpg,data/splits/train/Class2/Motospl11463.jpg,0
train,Class2,1,Motospl10346.jpg,data/processed/160x120/Class2/Motospl10346.jpg,data/splits/train/Class2/Motospl10346.jpg,0
train,Class2,1,Placa89.png,data/processed/160x120/Class2/Placa89.png,data/splits/train/Class2/Placa89.png,0
train,Class2,1,Motospl10022.jpg,data/processed/160x120/Class2/Motospl10022.jpg,data/splits/train/Class2/Motospl10022.jpg,0
train,Class2,1,Motospl11063.jpg,data/processed/160x120/Class2/Motospl11063.jpg,data/splits/train/Class2/Motospl11063.jpg,0
train,Class2,1,Motospl12348.jpg,data/processed/160x120/Class2/Motospl12348.jpg,data/splits/train/Class2/Motospl12348.jpg,0
train,Class2,1,Motospl12109.jpg,data/processed/160x120/Class2/Motospl12109.jpg,data/splits/train/Class2/Motospl12109.jpg,0
train,Class2,1,Motospl12397.jpg,data/processed/160x120/Class2/Motospl12397.jpg,data/splits/train/Class2/Motospl12397.jpg,0
train,Class2,1,Motospl11061.jpg,data/processed/160x120/Class2/Motospl11061.jpg,data/splits/train/Class2/Motospl11061.jpg,0
train,Class2,1,Motospl10982.jpg,data/processed/160x120/Class2/Motospl10982.jpg,data/splits/train/Class2/Motospl10982.jpg,0
train,Class2,1,Motospl11936.jpg,data/processed/160x120/Class2/Motospl11936.jpg,data/splits/train/Class2/Motospl11936.jpg,0
train,Class2,1,Motospl11143.jpg,data/processed/160x120/Class2/Motospl11143.jpg,data/splits/train/Class2/Motospl11143.jpg,0
train,Class2,1,Motospl11912.jpg,data/processed/160x120/Class2/Motospl11912.jpg,data/splits/train/Class2/Motospl11912.jpg,0
train,Class2,1,Motospl10830.jpg,data/processed/160x120/Class2/Motospl10830.jpg,data/splits/train/Class2/Motospl10830.jpg,0
train,Class2,1,placas1093.jpg,data/processed/160x120/Class2/placas1093.jpg,data/splits/train/Class2/placas1093.jpg,0
train,Class2,1,Motospl11631.jpg,data/processed/160x120/Class2/Motospl11631.jpg,data/splits/train/Class2/Motospl11631.jpg,0
train,Class2,1,Motospl10999.jpg,data/processed/160x120/Class2/Motospl10999.jpg,data/splits/train/Class2/Motospl10999.jpg,0
train,Class2,1,Motospl11903.jpg,data/processed/160x120/Class2/Motospl11903.jpg,data/splits/train/Class2/Motospl11903.jpg,0
train,Class2,1,Motospl10077.jpg,data/processed/160x120/Class2/Motospl10077.jpg,data/splits/train/Class2/Motospl10077.jpg,0
train,Class2,1,Motospl10444.jpg,data/processed/160x120/Class2/Motospl10444.jpg,data/splits/train/Class2/Motospl10444.jpg,0
train,Class2,1,Motospl10857.jpg,data/processed/160x120/Class2/Motospl10857.jpg,data/splits/train/Class2/Motospl10857.jpg,0
train,Class2,1,Motospl11551.jpg,data/processed/160x120/Class2/Motospl11551.jpg,data/splits/train/Class2/Motospl11551.jpg,0
train,Class2,1,Motospl11534.jpg,data/processed/160x120/Class2/Motospl11534.jpg,data/splits/train/Class2/Motospl11534.jpg,0
train,Class2,1,Placass10943.jpg,data/processed/160x120/Class2/Placass10943.jpg,data/splits/train/Class2/Placass10943.jpg,0
train,Class2,1,Motospl10157.jpg,data/processed/160x120/Class2/Motospl10157.jpg,data/splits/train/Class2/Motospl10157.jpg,0
train,Class2,1,Motospl10159.jpg,data/processed/160x120/Class2/Motospl10159.jpg,data/splits/train/Class2/Motospl10159.jpg,0
train,Class2,1,Motospl10554.jpg,data/processed/160x120/Class2/Motospl10554.jpg,data/splits/train/Class2/Motospl10554.jpg,0
train,Class2,1,Motospl11325.jpg,data/processed/160x120/Class2/Motospl11325.jpg,data/splits/train/Class2/Motospl11325.jpg,0
train,Class2,1,Motospl11971.jpg,data/processed/160x120/Class2/Motospl11971.jpg,data/splits/train/Class2/Motospl11971.jpg,0
train,Class2,1,placaas11041.jpg,data/processed/160x120/Class2/placaas11041.jpg,data/splits/train/Class2/placaas11041.jpg,0
train,Class2,1,Motospl10170.jpg,data/processed/160x120/Class2/Motospl10170.jpg,data/splits/train/Class2/Motospl10170.jpg,0
train,Class2,1,Placass11350.jpg,data/processed/160x120/Class2/Placass11350.jpg,data/splits/train/Class2/Placass11350.jpg,0
train,Class2,1,Motospl10225.jpg,data/processed/160x120/Class2/Motospl10225.jpg,data/splits/train/Class2/Motospl10225.jpg,0
train,Class2,1,placaas10489.jpg,data/processed/160x120/Class2/placaas10489.jpg,data/splits/train/Class2/placaas10489.jpg,0
train,Class2,1,Motospl12095.jpg,data/processed/160x120/Class2/Motospl12095.jpg,data/splits/train/Class2/Motospl12095.jpg,0
train,Class2,1,Motospl12195.jpg,data/processed/160x120/Class2/Motospl12195.jpg,data/splits/train/Class2/Motospl12195.jpg,0
train,Class2,1,Motospl11245.jpg,data/processed/160x120/Class2/Motospl11245.jpg,data/splits/train/Class2/Motospl11245.jpg,0
train,Class2,1,Motospl10978.jpg,data/processed/160x120/Class2/Motospl10978.jpg,data/splits/train/Class2/Motospl10978.jpg,0
train,Class2,1,Motospl11015.jpg,data/processed/160x120/Class2/Motospl11015.jpg,data/splits/train/Class2/Motospl11015.jpg,0
train,Class2,1,Motospl11218.jpg,data/processed/160x120/Class2/Motospl11218.jpg,data/splits/train/Class2/Motospl11218.jpg,0
train,Class2,1,Motospl11436.jpg,data/processed/160x120/Class2/Motospl11436.jpg,data/splits/train/Class2/Motospl11436.jpg,0
train,Class2,1,Motospl12434.jpg,data/processed/160x120/Class2/Motospl12434.jpg,data/splits/train/Class2/Motospl12434.jpg,0
train,Class2,1,Placa46.png,data/processed/160x120/Class2/Placa46.png,data/splits/train/Class2/Placa46.png,0
train,Class2,1,Motospl10922.jpg,data/processed/160x120/Class2/Motospl10922.jpg,data/splits/train/Class2/Motospl10922.jpg,0
train,Class2,1,Motospl11274.jpg,data/processed/160x120/Class2/Motospl11274.jpg,data/splits/train/Class2/Motospl11274.jpg,0
train,Class2,1,Placass10237.jpg,data/processed/160x120/Class2/Placass10237.jpg,data/splits/train/Class2/Placass10237.jpg,0
train,Class2,1,Motospl11853.jpg,data/processed/160x120/Class2/Motospl11853.jpg,data/splits/train/Class2/Motospl11853.jpg,0
train,Class2,1,placas1550.jpg,data/processed/160x120/Class2/placas1550.jpg,data/splits/train/Class2/placas1550.jpg,0
train,Class2,1,Placa23.png,data/processed/160x120/Class2/Placa23.png,data/splits/train/Class2/Placa23.png,0
train,Class2,1,Motospl12313.jpg,data/processed/160x120/Class2/Motospl12313.jpg,data/splits/train/Class2/Motospl12313.jpg,0
train,Class2,1,Motospl11202.jpg,data/processed/160x120/Class2/Motospl11202.jpg,data/splits/train/Class2/Motospl11202.jpg,0
train,Class2,1,Motospl10771.jpg,data/processed/160x120/Class2/Motospl10771.jpg,data/splits/train/Class2/Motospl10771.jpg,0
train,Class2,1,Motospl10318.jpg,data/processed/160x120/Class2/Motospl10318.jpg,data/splits/train/Class2/Motospl10318.jpg,0
train,Class2,1,Motospl11799.jpg,data/processed/160x120/Class2/Motospl11799.jpg,data/splits/train/Class2/Motospl11799.jpg,0
train,Class2,1,Placass10502.jpg,data/processed/160x120/Class2/Placass10502.jpg,data/splits/train/Class2/Placass10502.jpg,0
train,Class2,1,Motospl11441.jpg,data/processed/160x120/Class2/Motospl11441.jpg,data/splits/train/Class2/Motospl11441.jpg,0
train,Class2,1,Motospl11029.jpg,data/processed/160x120/Class2/Motospl11029.jpg,data/splits/train/Class2/Motospl11029.jpg,0
train,Class2,1,Placa178.png,data/processed/160x120/Class2/Placa178.png,data/splits/train/Class2/Placa178.png,0
train,Class2,1,Motospl11324.jpg,data/processed/160x120/Class2/Motospl11324.jpg,data/splits/train/Class2/Motospl11324.jpg,0
train,Class2,1,Motospl12214.jpg,data/processed/160x120/Class2/Motospl12214.jpg,data/splits/train/Class2/Motospl12214.jpg,0
train,Class2,1,Motospl12079.jpg,data/processed/160x120/Class2/Motospl12079.jpg,data/splits/train/Class2/Motospl12079.jpg,0
train,Class2,1,Motospl11655.jpg,data/processed/160x120/Class2/Motospl11655.jpg,data/splits/train/Class2/Motospl11655.jpg,0
train,Class2,1,Motospl11681.jpg,data/processed/160x120/Class2/Motospl11681.jpg,data/splits/train/Class2/Motospl11681.jpg,0
train,Class2,1,Motospl12368.jpg,data/processed/160x120/Class2/Motospl12368.jpg,data/splits/train/Class2/Motospl12368.jpg,0
train,Class2,1,Motospl10755.jpg,data/processed/160x120/Class2/Motospl10755.jpg,data/splits/train/Class2/Motospl10755.jpg,0
train,Class2,1,Motospl11537.jpg,data/processed/160x120/Class2/Motospl11537.jpg,data/splits/train/Class2/Motospl11537.jpg,0
train,Class2,1,Motospl11032.jpg,data/processed/160x120/Class2/Motospl11032.jpg,data/splits/train/Class2/Motospl11032.jpg,0
train,Class2,1,Motospl10412.jpg,data/processed/160x120/Class2/Motospl10412.jpg,data/splits/train/Class2/Motospl10412.jpg,0
train,Class2,1,Motospl12160.jpg,data/processed/160x120/Class2/Motospl12160.jpg,data/splits/train/Class2/Motospl12160.jpg,0
train,Class2,1,Motospl12443.jpg,data/processed/160x120/Class2/Motospl12443.jpg,data/splits/train/Class2/Motospl12443.jpg,0
train,Class2,1,Motospl10140.jpg,data/processed/160x120/Class2/Motospl10140.jpg,data/splits/train/Class2/Motospl10140.jpg,0
train,Class2,1,Motospl11392.jpg,data/processed/160x120/Class2/Motospl11392.jpg,data/splits/train/Class2/Motospl11392.jpg,0
train,Class2,1,Motospl11413.jpg,data/processed/160x120/Class2/Motospl11413.jpg,data/splits/train/Class2/Motospl11413.jpg,0
train,Class2,1,Motospl10975.jpg,data/processed/160x120/Class2/Motospl10975.jpg,data/splits/train/Class2/Motospl10975.jpg,0
train,Class2,1,Motospl11214.jpg,data/processed/160x120/Class2/Motospl11214.jpg,data/splits/train/Class2/Motospl11214.jpg,0
train,Class2,1,Motospl11602.jpg,data/processed/160x120/Class2/Motospl11602.jpg,data/splits/train/Class2/Motospl11602.jpg,0
train,Class2,1,Motospl11789.jpg,data/processed/160x120/Class2/Motospl11789.jpg,data/splits/train/Class2/Motospl11789.jpg,0
train,Class2,1,placaas10268.jpg,data/processed/160x120/Class2/placaas10268.jpg,data/splits/train/Class2/placaas10268.jpg,0
train,Class2,1,Motospl11735.jpg,data/processed/160x120/Class2/Motospl11735.jpg,data/splits/train/Class2/Motospl11735.jpg,0
train,Class2,1,Motospl10461.jpg,data/processed/160x120/Class2/Motospl10461.jpg,data/splits/train/Class2/Motospl10461.jpg,0
train,Class2,1,Motospl11285.jpg,data/processed/160x120/Class2/Motospl11285.jpg,data/splits/train/Class2/Motospl11285.jpg,0
train,Class2,1,Motospl11307.jpg,data/processed/160x120/Class2/Motospl11307.jpg,data/splits/train/Class2/Motospl11307.jpg,0
train,Class2,1,Motospl10297.jpg,data/processed/160x120/Class2/Motospl10297.jpg,data/splits/train/Class2/Motospl10297.jpg,0
train,Class2,1,Motospl12162.jpg,data/processed/160x120/Class2/Motospl12162.jpg,data/splits/train/Class2/Motospl12162.jpg,0
train,Class2,1,Placass10871.jpg,data/processed/160x120/Class2/Placass10871.jpg,data/splits/train/Class2/Placass10871.jpg,0
train,Class2,1,placas1549.jpg,data/processed/160x120/Class2/placas1549.jpg,data/splits/train/Class2/placas1549.jpg,0
train,Class2,1,Motospl10728.jpg,data/processed/160x120/Class2/Motospl10728.jpg,data/splits/train/Class2/Motospl10728.jpg,0
train,Class2,1,Motospl10439.jpg,data/processed/160x120/Class2/Motospl10439.jpg,data/splits/train/Class2/Motospl10439.jpg,0
train,Class2,1,Motospl10642.jpg,data/processed/160x120/Class2/Motospl10642.jpg,data/splits/train/Class2/Motospl10642.jpg,0
train,Class2,1,placas1562.jpg,data/processed/160x120/Class2/placas1562.jpg,data/splits/train/Class2/placas1562.jpg,0
train,Class2,1,Motospl11561.jpg,data/processed/160x120/Class2/Motospl11561.jpg,data/splits/train/Class2/Motospl11561.jpg,0
train,Class2,1,Motospl12157.jpg,data/processed/160x120/Class2/Motospl12157.jpg,data/splits/train/Class2/Motospl12157.jpg,0
train,Class2,1,placas1315.jpg,data/processed/160x120/Class2/placas1315.jpg,data/splits/train/Class2/placas1315.jpg,0
train,Class2,1,Placass11342.jpg,data/processed/160x120/Class2/Placass11342.jpg,data/splits/train/Class2/Placass11342.jpg,0
train,Class2,1,Motospl10087.jpg,data/processed/160x120/Class2/Motospl10087.jpg,data/splits/train/Class2/Motospl10087.jpg,0
train,Class2,1,Motospl12054.jpg,data/processed/160x120/Class2/Motospl12054.jpg,data/splits/train/Class2/Motospl12054.jpg,0
train,Class2,1,Motospl10295.jpg,data/processed/160x120/Class2/Motospl10295.jpg,data/splits/train/Class2/Motospl10295.jpg,0
train,Class2,1,Motospl10023.jpg,data/processed/160x120/Class2/Motospl10023.jpg,data/splits/train/Class2/Motospl10023.jpg,0
train,Class2,1,Placas11369.jpg,data/processed/160x120/Class2/Placas11369.jpg,data/splits/train/Class2/Placas11369.jpg,0
train,Class2,1,Placass11322.jpg,data/processed/160x120/Class2/Placass11322.jpg,data/splits/train/Class2/Placass11322.jpg,0
train,Class2,1,Motospl10301.jpg,data/processed/160x120/Class2/Motospl10301.jpg,data/splits/train/Class2/Motospl10301.jpg,0
train,Class2,1,Motospl11817.jpg,data/processed/160x120/Class2/Motospl11817.jpg,data/splits/train/Class2/Motospl11817.jpg,0
train,Class2,1,Motospl11155.jpg,data/processed/160x120/Class2/Motospl11155.jpg,data/splits/train/Class2/Motospl11155.jpg,0
train,Class2,1,placas1433.jpg,data/processed/160x120/Class2/placas1433.jpg,data/splits/train/Class2/placas1433.jpg,0
train,Class2,1,Motospl10285.jpg,data/processed/160x120/Class2/Motospl10285.jpg,data/splits/train/Class2/Motospl10285.jpg,0
train,Class2,1,Placa68.png,data/processed/160x120/Class2/Placa68.png,data/splits/train/Class2/Placa68.png,0
train,Class2,1,Motospl11234.jpg,data/processed/160x120/Class2/Motospl11234.jpg,data/splits/train/Class2/Motospl11234.jpg,0
train,Class2,1,Motospl12201.jpg,data/processed/160x120/Class2/Motospl12201.jpg,data/splits/train/Class2/Motospl12201.jpg,0
train,Class2,1,Motospl12136.jpg,data/processed/160x120/Class2/Motospl12136.jpg,data/splits/train/Class2/Motospl12136.jpg,0
train,Class2,1,Motospl10065.jpg,data/processed/160x120/Class2/Motospl10065.jpg,data/splits/train/Class2/Motospl10065.jpg,0
train,Class2,1,Placasm10048.jpg,data/processed/160x120/Class2/Placasm10048.jpg,data/splits/train/Class2/Placasm10048.jpg,0
train,Class2,1,Motospl11256.jpg,data/processed/160x120/Class2/Motospl11256.jpg,data/splits/train/Class2/Motospl11256.jpg,0
train,Class2,1,Motospl11753.jpg,data/processed/160x120/Class2/Motospl11753.jpg,data/splits/train/Class2/Motospl11753.jpg,0
train,Class2,1,Motospl12341.jpg,data/processed/160x120/Class2/Motospl12341.jpg,data/splits/train/Class2/Motospl12341.jpg,0
train,Class2,1,Motospl10180.jpg,data/processed/160x120/Class2/Motospl10180.jpg,data/splits/train/Class2/Motospl10180.jpg,0
train,Class2,1,placas1509.jpg,data/processed/160x120/Class2/placas1509.jpg,data/splits/train/Class2/placas1509.jpg,0
train,Class2,1,Motospl10609.jpg,data/processed/160x120/Class2/Motospl10609.jpg,data/splits/train/Class2/Motospl10609.jpg,0
train,Class2,1,Motospl12031.jpg,data/processed/160x120/Class2/Motospl12031.jpg,data/splits/train/Class2/Motospl12031.jpg,0
train,Class2,1,Motospl11064.jpg,data/processed/160x120/Class2/Motospl11064.jpg,data/splits/train/Class2/Motospl11064.jpg,0
train,Class2,1,Placa61.png,data/processed/160x120/Class2/Placa61.png,data/splits/train/Class2/Placa61.png,0
train,Class2,1,Motospl10151.jpg,data/processed/160x120/Class2/Motospl10151.jpg,data/splits/train/Class2/Motospl10151.jpg,0
train,Class2,1,Motospl11466.jpg,data/processed/160x120/Class2/Motospl11466.jpg,data/splits/train/Class2/Motospl11466.jpg,0
train,Class2,1,placas1523.jpg,data/processed/160x120/Class2/placas1523.jpg,data/splits/train/Class2/placas1523.jpg,0
train,Class2,1,Motospl10012.jpg,data/processed/160x120/Class2/Motospl10012.jpg,data/splits/train/Class2/Motospl10012.jpg,0
train,Class2,1,Placa35.png,data/processed/160x120/Class2/Placa35.png,data/splits/train/Class2/Placa35.png,0
train,Class2,1,plaacaas1291.jpg,data/processed/160x120/Class2/plaacaas1291.jpg,data/splits/train/Class2/plaacaas1291.jpg,0
train,Class2,1,Motospl10824.jpg,data/processed/160x120/Class2/Motospl10824.jpg,data/splits/train/Class2/Motospl10824.jpg,0
train,Class2,1,Placass11631.jpg,data/processed/160x120/Class2/Placass11631.jpg,data/splits/train/Class2/Placass11631.jpg,0
train,Class2,1,Motospl11519.jpg,data/processed/160x120/Class2/Motospl11519.jpg,data/splits/train/Class2/Motospl11519.jpg,0
train,Class2,1,Motospl11555.jpg,data/processed/160x120/Class2/Motospl11555.jpg,data/splits/train/Class2/Motospl11555.jpg,0
train,Class2,1,Placa159.png,data/processed/160x120/Class2/Placa159.png,data/splits/train/Class2/Placa159.png,0
train,Class2,1,Motospl12308.jpg,data/processed/160x120/Class2/Motospl12308.jpg,data/splits/train/Class2/Motospl12308.jpg,0
train,Class2,1,Motospl10821.jpg,data/processed/160x120/Class2/Motospl10821.jpg,data/splits/train/Class2/Motospl10821.jpg,0
train,Class2,1,Motospl10862.jpg,data/processed/160x120/Class2/Motospl10862.jpg,data/splits/train/Class2/Motospl10862.jpg,0
train,Class2,1,Motospl11963.jpg,data/processed/160x120/Class2/Motospl11963.jpg,data/splits/train/Class2/Motospl11963.jpg,0
train,Class2,1,placas1302.jpg,data/processed/160x120/Class2/placas1302.jpg,data/splits/train/Class2/placas1302.jpg,0
train,Class2,1,Placas11028.jpg,data/processed/160x120/Class2/Placas11028.jpg,data/splits/train/Class2/Placas11028.jpg,0
train,Class2,1,Motospl11182.jpg,data/processed/160x120/Class2/Motospl11182.jpg,data/splits/train/Class2/Motospl11182.jpg,0
train,Class2,1,Motospl10529.jpg,data/processed/160x120/Class2/Motospl10529.jpg,data/splits/train/Class2/Motospl10529.jpg,0
train,Class2,1,Motospl11993.jpg,data/processed/160x120/Class2/Motospl11993.jpg,data/splits/train/Class2/Motospl11993.jpg,0
train,Class2,1,Motospl12117.jpg,data/processed/160x120/Class2/Motospl12117.jpg,data/splits/train/Class2/Motospl12117.jpg,0
train,Class2,1,placas1603.jpg,data/processed/160x120/Class2/placas1603.jpg,data/splits/train/Class2/placas1603.jpg,0
train,Class2,1,Placa38.png,data/processed/160x120/Class2/Placa38.png,data/splits/train/Class2/Placa38.png,0
train,Class2,1,Motospl11825.jpg,data/processed/160x120/Class2/Motospl11825.jpg,data/splits/train/Class2/Motospl11825.jpg,0
train,Class2,1,Placa3.png,data/processed/160x120/Class2/Placa3.png,data/splits/train/Class2/Placa3.png,0
train,Class2,1,Placas11243.jpg,data/processed/160x120/Class2/Placas11243.jpg,data/splits/train/Class2/Placas11243.jpg,0
train,Class2,1,Placass10236.jpg,data/processed/160x120/Class2/Placass10236.jpg,data/splits/train/Class2/Placass10236.jpg,0
train,Class2,1,Motospl12355.jpg,data/processed/160x120/Class2/Motospl12355.jpg,data/splits/train/Class2/Motospl12355.jpg,0
train,Class2,1,Motospl10150.jpg,data/processed/160x120/Class2/Motospl10150.jpg,data/splits/train/Class2/Motospl10150.jpg,0
train,Class2,1,Motospl10920.jpg,data/processed/160x120/Class2/Motospl10920.jpg,data/splits/train/Class2/Motospl10920.jpg,0
train,Class2,1,Motospl11990.jpg,data/processed/160x120/Class2/Motospl11990.jpg,data/splits/train/Class2/Motospl11990.jpg,0
train,Class2,1,Placas11138.jpg,data/processed/160x120/Class2/Placas11138.jpg,data/splits/train/Class2/Placas11138.jpg,0
train,Class2,1,Motospl11422.jpg,data/processed/160x120/Class2/Motospl11422.jpg,data/splits/train/Class2/Motospl11422.jpg,0
train,Class2,1,Motospl10897.jpg,data/processed/160x120/Class2/Motospl10897.jpg,data/splits/train/Class2/Motospl10897.jpg,0
train,Class2,1,Motospl12047.jpg,data/processed/160x120/Class2/Motospl12047.jpg,data/splits/train/Class2/Motospl12047.jpg,0
train,Class2,1,Motospl10440.jpg,data/processed/160x120/Class2/Motospl10440.jpg,data/splits/train/Class2/Motospl10440.jpg,0
train,Class2,1,Motospl10137.jpg,data/processed/160x120/Class2/Motospl10137.jpg,data/splits/train/Class2/Motospl10137.jpg,0
train,Class2,1,Motospl12016.jpg,data/processed/160x120/Class2/Motospl12016.jpg,data/splits/train/Class2/Motospl12016.jpg,0
train,Class2,1,Motospl11130.jpg,data/processed/160x120/Class2/Motospl11130.jpg,data/splits/train/Class2/Motospl11130.jpg,0
train,Class2,1,Motospl11139.jpg,data/processed/160x120/Class2/Motospl11139.jpg,data/splits/train/Class2/Motospl11139.jpg,0
train,Class2,1,Motospl11798.jpg,data/processed/160x120/Class2/Motospl11798.jpg,data/splits/train/Class2/Motospl11798.jpg,0
train,Class2,1,Motospl10199.jpg,data/processed/160x120/Class2/Motospl10199.jpg,data/splits/train/Class2/Motospl10199.jpg,0
train,Class2,1,Motospl10171.jpg,data/processed/160x120/Class2/Motospl10171.jpg,data/splits/train/Class2/Motospl10171.jpg,0
train,Class2,1,Motospl11633.jpg,data/processed/160x120/Class2/Motospl11633.jpg,data/splits/train/Class2/Motospl11633.jpg,0
train,Class2,1,Motospl11560.jpg,data/processed/160x120/Class2/Motospl11560.jpg,data/splits/train/Class2/Motospl11560.jpg,0
train,Class2,1,Motospl10401.jpg,data/processed/160x120/Class2/Motospl10401.jpg,data/splits/train/Class2/Motospl10401.jpg,0
train,Class2,1,Motospl12181.jpg,data/processed/160x120/Class2/Motospl12181.jpg,data/splits/train/Class2/Motospl12181.jpg,0
train,Class2,1,placas1446.jpg,data/processed/160x120/Class2/placas1446.jpg,data/splits/train/Class2/placas1446.jpg,0
train,Class2,1,Motospl11030.jpg,data/processed/160x120/Class2/Motospl11030.jpg,data/splits/train/Class2/Motospl11030.jpg,0
train,Class2,1,placas1404.jpg,data/processed/160x120/Class2/placas1404.jpg,data/splits/train/Class2/placas1404.jpg,0
train,Class2,1,Motospl11427.jpg,data/processed/160x120/Class2/Motospl11427.jpg,data/splits/train/Class2/Motospl11427.jpg,0
train,Class2,1,Motospl11088.jpg,data/processed/160x120/Class2/Motospl11088.jpg,data/splits/train/Class2/Motospl11088.jpg,0
train,Class2,1,Motospl10793.jpg,data/processed/160x120/Class2/Motospl10793.jpg,data/splits/train/Class2/Motospl10793.jpg,0
train,Class2,1,Motospl11094.jpg,data/processed/160x120/Class2/Motospl11094.jpg,data/splits/train/Class2/Motospl11094.jpg,0
train,Class2,1,Motospl12186.jpg,data/processed/160x120/Class2/Motospl12186.jpg,data/splits/train/Class2/Motospl12186.jpg,0
train,Class2,1,placas1480.jpg,data/processed/160x120/Class2/placas1480.jpg,data/splits/train/Class2/placas1480.jpg,0
train,Class2,1,Motospl11144.jpg,data/processed/160x120/Class2/Motospl11144.jpg,data/splits/train/Class2/Motospl11144.jpg,0
train,Class2,1,Motospl10539.jpg,data/processed/160x120/Class2/Motospl10539.jpg,data/splits/train/Class2/Motospl10539.jpg,0
train,Class2,1,Motospl10816.jpg,data/processed/160x120/Class2/Motospl10816.jpg,data/splits/train/Class2/Motospl10816.jpg,0
train,Class2,1,Motospl10235.jpg,data/processed/160x120/Class2/Motospl10235.jpg,data/splits/train/Class2/Motospl10235.jpg,0
train,Class2,1,Motospl11876.jpg,data/processed/160x120/Class2/Motospl11876.jpg,data/splits/train/Class2/Motospl11876.jpg,0
train,Class2,1,Motospl10680.jpg,data/processed/160x120/Class2/Motospl10680.jpg,data/splits/train/Class2/Motospl10680.jpg,0
train,Class2,1,Motospl11300.jpg,data/processed/160x120/Class2/Motospl11300.jpg,data/splits/train/Class2/Motospl11300.jpg,0
train,Class2,1,Motospl10511.jpg,data/processed/160x120/Class2/Motospl10511.jpg,data/splits/train/Class2/Motospl10511.jpg,0
train,Class2,1,Motospl11983.jpg,data/processed/160x120/Class2/Motospl11983.jpg,data/splits/train/Class2/Motospl11983.jpg,0
train,Class2,1,Motospl10941.jpg,data/processed/160x120/Class2/Motospl10941.jpg,data/splits/train/Class2/Motospl10941.jpg,0
train,Class2,1,Placass10486.jpg,data/processed/160x120/Class2/Placass10486.jpg,data/splits/train/Class2/Placass10486.jpg,0
train,Class2,1,Motospl10237.jpg,data/processed/160x120/Class2/Motospl10237.jpg,data/splits/train/Class2/Motospl10237.jpg,0
train,Class2,1,Motospl12053.jpg,data/processed/160x120/Class2/Motospl12053.jpg,data/splits/train/Class2/Motospl12053.jpg,0
train,Class2,1,Motospl12346.jpg,data/processed/160x120/Class2/Motospl12346.jpg,data/splits/train/Class2/Motospl12346.jpg,0
train,Class2,1,Motospl12275.jpg,data/processed/160x120/Class2/Motospl12275.jpg,data/splits/train/Class2/Motospl12275.jpg,0
train,Class2,1,Motospl11580.jpg,data/processed/160x120/Class2/Motospl11580.jpg,data/splits/train/Class2/Motospl11580.jpg,0
train,Class2,1,placas1459.jpg,data/processed/160x120/Class2/placas1459.jpg,data/splits/train/Class2/placas1459.jpg,0
train,Class2,1,placas1527.jpg,data/processed/160x120/Class2/placas1527.jpg,data/splits/train/Class2/placas1527.jpg,0
train,Class2,1,Motospl12118.jpg,data/processed/160x120/Class2/Motospl12118.jpg,data/splits/train/Class2/Motospl12118.jpg,0
train,Class2,1,Motospl11905.jpg,data/processed/160x120/Class2/Motospl11905.jpg,data/splits/train/Class2/Motospl11905.jpg,0
train,Class2,1,Motospl11694.jpg,data/processed/160x120/Class2/Motospl11694.jpg,data/splits/train/Class2/Motospl11694.jpg,0
train,Class2,1,Motospl10445.jpg,data/processed/160x120/Class2/Motospl10445.jpg,data/splits/train/Class2/Motospl10445.jpg,0
train,Class2,1,Motospl12068.jpg,data/processed/160x120/Class2/Motospl12068.jpg,data/splits/train/Class2/Motospl12068.jpg,0
train,Class2,1,Motospl10739.jpg,data/processed/160x120/Class2/Motospl10739.jpg,data/splits/train/Class2/Motospl10739.jpg,0
train,Class2,1,Placa81.png,data/processed/160x120/Class2/Placa81.png,data/splits/train/Class2/Placa81.png,0
train,Class2,1,Motospl11511.jpg,data/processed/160x120/Class2/Motospl11511.jpg,data/splits/train/Class2/Motospl11511.jpg,0
train,Class2,1,Placass11547.jpg,data/processed/160x120/Class2/Placass11547.jpg,data/splits/train/Class2/Placass11547.jpg,0
train,Class2,1,Motospl11150.jpg,data/processed/160x120/Class2/Motospl11150.jpg,data/splits/train/Class2/Motospl11150.jpg,0
train,Class2,1,Motospl10880.jpg,data/processed/160x120/Class2/Motospl10880.jpg,data/splits/train/Class2/Motospl10880.jpg,0
train,Class2,1,Motospl11610.jpg,data/processed/160x120/Class2/Motospl11610.jpg,data/splits/train/Class2/Motospl11610.jpg,0
train,Class2,1,Motospl12111.jpg,data/processed/160x120/Class2/Motospl12111.jpg,data/splits/train/Class2/Motospl12111.jpg,0
train,Class2,1,Motospl10142.jpg,data/processed/160x120/Class2/Motospl10142.jpg,data/splits/train/Class2/Motospl10142.jpg,0
train,Class2,1,Motospl12022.jpg,data/processed/160x120/Class2/Motospl12022.jpg,data/splits/train/Class2/Motospl12022.jpg,0
train,Class2,1,Placa139.png,data/processed/160x120/Class2/Placa139.png,data/splits/train/Class2/Placa139.png,0
train,Class2,1,Motospl10459.jpg,data/processed/160x120/Class2/Motospl10459.jpg,data/splits/train/Class2/Motospl10459.jpg,0
train,Class2,1,placaas10326.jpg,data/processed/160x120/Class2/placaas10326.jpg,data/splits/train/Class2/placaas10326.jpg,0
train,Class2,1,Motospl10673.jpg,data/processed/160x120/Class2/Motospl10673.jpg,data/splits/train/Class2/Motospl10673.jpg,0
train,Class2,1,Motospl10152.jpg,data/processed/160x120/Class2/Motospl10152.jpg,data/splits/train/Class2/Motospl10152.jpg,0
train,Class2,1,placas1563.jpg,data/processed/160x120/Class2/placas1563.jpg,data/splits/train/Class2/placas1563.jpg,0
train,Class2,1,Placa121.png,data/processed/160x120/Class2/Placa121.png,data/splits/train/Class2/Placa121.png,0
train,Class2,1,Motospl11212.jpg,data/processed/160x120/Class2/Motospl11212.jpg,data/splits/train/Class2/Motospl11212.jpg,0
train,Class2,1,Placa60.png,data/processed/160x120/Class2/Placa60.png,data/splits/train/Class2/Placa60.png,0
train,Class2,1,Placa189.png,data/processed/160x120/Class2/Placa189.png,data/splits/train/Class2/Placa189.png,0
train,Class2,1,Motospl10106.jpg,data/processed/160x120/Class2/Motospl10106.jpg,data/splits/train/Class2/Motospl10106.jpg,0
train,Class2,1,Motospl11264.jpg,data/processed/160x120/Class2/Motospl11264.jpg,data/splits/train/Class2/Motospl11264.jpg,0
train,Class2,1,Motospl11384.jpg,data/processed/160x120/Class2/Motospl11384.jpg,data/splits/train/Class2/Motospl11384.jpg,0
train,Class2,1,Motospl10320.jpg,data/processed/160x120/Class2/Motospl10320.jpg,data/splits/train/Class2/Motospl10320.jpg,0
train,Class2,1,Motospl12390.jpg,data/processed/160x120/Class2/Motospl12390.jpg,data/splits/train/Class2/Motospl12390.jpg,0
train,Class2,1,Motospl10323.jpg,data/processed/160x120/Class2/Motospl10323.jpg,data/splits/train/Class2/Motospl10323.jpg,0
train,Class2,1,Motospl12025.jpg,data/processed/160x120/Class2/Motospl12025.jpg,data/splits/train/Class2/Motospl12025.jpg,0
train,Class2,1,Motospl10699.jpg,data/processed/160x120/Class2/Motospl10699.jpg,data/splits/train/Class2/Motospl10699.jpg,0
train,Class2,1,Motospl10011.jpg,data/processed/160x120/Class2/Motospl10011.jpg,data/splits/train/Class2/Motospl10011.jpg,0
train,Class2,1,Motospl10536.jpg,data/processed/160x120/Class2/Motospl10536.jpg,data/splits/train/Class2/Motospl10536.jpg,0
train,Class2,1,placaas10492.jpg,data/processed/160x120/Class2/placaas10492.jpg,data/splits/train/Class2/placaas10492.jpg,0
train,Class2,1,Placa96.png,data/processed/160x120/Class2/Placa96.png,data/splits/train/Class2/Placa96.png,0
train,Class2,1,Motospl10271.jpg,data/processed/160x120/Class2/Motospl10271.jpg,data/splits/train/Class2/Motospl10271.jpg,0
train,Class2,1,Placass10938.jpg,data/processed/160x120/Class2/Placass10938.jpg,data/splits/train/Class2/Placass10938.jpg,0
train,Class2,1,plaacaas1064.jpg,data/processed/160x120/Class2/plaacaas1064.jpg,data/splits/train/Class2/plaacaas1064.jpg,0
train,Class2,1,Motospl10587.jpg,data/processed/160x120/Class2/Motospl10587.jpg,data/splits/train/Class2/Motospl10587.jpg,0
train,Class2,1,Motospl10906.jpg,data/processed/160x120/Class2/Motospl10906.jpg,data/splits/train/Class2/Motospl10906.jpg,0
train,Class2,1,Motospl10085.jpg,data/processed/160x120/Class2/Motospl10085.jpg,data/splits/train/Class2/Motospl10085.jpg,0
train,Class2,1,Placass11210.jpg,data/processed/160x120/Class2/Placass11210.jpg,data/splits/train/Class2/Placass11210.jpg,0
train,Class2,1,Motospl10248.jpg,data/processed/160x120/Class2/Motospl10248.jpg,data/splits/train/Class2/Motospl10248.jpg,0
train,Class2,1,Motospl11087.jpg,data/processed/160x120/Class2/Motospl11087.jpg,data/splits/train/Class2/Motospl11087.jpg,0
train,Class2,1,Motospl11424.jpg,data/processed/160x120/Class2/Motospl11424.jpg,data/splits/train/Class2/Motospl11424.jpg,0
train,Class2,1,Placass11214.jpg,data/processed/160x120/Class2/Placass11214.jpg,data/splits/train/Class2/Placass11214.jpg,0
train,Class2,1,Motospl10155.jpg,data/processed/160x120/Class2/Motospl10155.jpg,data/splits/train/Class2/Motospl10155.jpg,0
train,Class2,1,Motospl12096.jpg,data/processed/160x120/Class2/Motospl12096.jpg,data/splits/train/Class2/Motospl12096.jpg,0
train,Class2,1,Placa97.png,data/processed/160x120/Class2/Placa97.png,data/splits/train/Class2/Placa97.png,0
train,Class2,1,Motospl11408.jpg,data/processed/160x120/Class2/Motospl11408.jpg,data/splits/train/Class2/Motospl11408.jpg,0
train,Class2,1,Motospl12229.jpg,data/processed/160x120/Class2/Motospl12229.jpg,data/splits/train/Class2/Motospl12229.jpg,0
train,Class2,1,Motospl12149.jpg,data/processed/160x120/Class2/Motospl12149.jpg,data/splits/train/Class2/Motospl12149.jpg,0
train,Class2,1,plaacaas1258.jpg,data/processed/160x120/Class2/plaacaas1258.jpg,data/splits/train/Class2/plaacaas1258.jpg,0
train,Class2,1,Motospl11157.jpg,data/processed/160x120/Class2/Motospl11157.jpg,data/splits/train/Class2/Motospl11157.jpg,0
train,Class2,1,Motospl11443.jpg,data/processed/160x120/Class2/Motospl11443.jpg,data/splits/train/Class2/Motospl11443.jpg,0
train,Class2,1,Motospl10778.jpg,data/processed/160x120/Class2/Motospl10778.jpg,data/splits/train/Class2/Motospl10778.jpg,0
train,Class2,1,Motospl12066.jpg,data/processed/160x120/Class2/Motospl12066.jpg,data/splits/train/Class2/Motospl12066.jpg,0
train,Class2,1,Motospl10936.jpg,data/processed/160x120/Class2/Motospl10936.jpg,data/splits/train/Class2/Motospl10936.jpg,0
train,Class2,1,Placasia1004.png,data/processed/160x120/Class2/Placasia1004.png,data/splits/train/Class2/Placasia1004.png,0
train,Class2,1,Motospl12310.jpg,data/processed/160x120/Class2/Motospl12310.jpg,data/splits/train/Class2/Motospl12310.jpg,0
train,Class2,1,Motospl10528.jpg,data/processed/160x120/Class2/Motospl10528.jpg,data/splits/train/Class2/Motospl10528.jpg,0
train,Class2,1,placas1475.jpg,data/processed/160x120/Class2/placas1475.jpg,data/splits/train/Class2/placas1475.jpg,0
train,Class2,1,Motospl11877.jpg,data/processed/160x120/Class2/Motospl11877.jpg,data/splits/train/Class2/Motospl11877.jpg,0
train,Class2,1,Motospl11168.jpg,data/processed/160x120/Class2/Motospl11168.jpg,data/splits/train/Class2/Motospl11168.jpg,0
train,Class2,1,Motospl12046.jpg,data/processed/160x120/Class2/Motospl12046.jpg,data/splits/train/Class2/Motospl12046.jpg,0
train,Class2,1,Placa58.png,data/processed/160x120/Class2/Placa58.png,data/splits/train/Class2/Placa58.png,0
train,Class2,1,Motospl11444.jpg,data/processed/160x120/Class2/Motospl11444.jpg,data/splits/train/Class2/Motospl11444.jpg,0
train,Class2,1,Motospl11882.jpg,data/processed/160x120/Class2/Motospl11882.jpg,data/splits/train/Class2/Motospl11882.jpg,0
train,Class2,1,Motospl10098.jpg,data/processed/160x120/Class2/Motospl10098.jpg,data/splits/train/Class2/Motospl10098.jpg,0
train,Class2,1,Motospl12166.jpg,data/processed/160x120/Class2/Motospl12166.jpg,data/splits/train/Class2/Motospl12166.jpg,0
train,Class2,1,Motospl11081.jpg,data/processed/160x120/Class2/Motospl11081.jpg,data/splits/train/Class2/Motospl11081.jpg,0
train,Class2,1,Motospl10496.jpg,data/processed/160x120/Class2/Motospl10496.jpg,data/splits/train/Class2/Motospl10496.jpg,0
train,Class2,1,Motospl10823.jpg,data/processed/160x120/Class2/Motospl10823.jpg,data/splits/train/Class2/Motospl10823.jpg,0
train,Class2,1,Motospl12254.jpg,data/processed/160x120/Class2/Motospl12254.jpg,data/splits/train/Class2/Motospl12254.jpg,0
train,Class2,1,Motospl11773.jpg,data/processed/160x120/Class2/Motospl11773.jpg,data/splits/train/Class2/Motospl11773.jpg,0
train,Class2,1,Placa90.png,data/processed/160x120/Class2/Placa90.png,data/splits/train/Class2/Placa90.png,0
train,Class2,1,Motospl11304.jpg,data/processed/160x120/Class2/Motospl11304.jpg,data/splits/train/Class2/Motospl11304.jpg,0
train,Class2,1,Motospl12158.jpg,data/processed/160x120/Class2/Motospl12158.jpg,data/splits/train/Class2/Motospl12158.jpg,0
train,Class2,1,Motospl11481.jpg,data/processed/160x120/Class2/Motospl11481.jpg,data/splits/train/Class2/Motospl11481.jpg,0
train,Class2,1,placas1681.jpg,data/processed/160x120/Class2/placas1681.jpg,data/splits/train/Class2/placas1681.jpg,0
train,Class2,1,Placass11340.jpg,data/processed/160x120/Class2/Placass11340.jpg,data/splits/train/Class2/Placass11340.jpg,0
train,Class2,1,Motospl11146.jpg,data/processed/160x120/Class2/Motospl11146.jpg,data/splits/train/Class2/Motospl11146.jpg,0
train,Class2,1,placas1204.jpg,data/processed/160x120/Class2/placas1204.jpg,data/splits/train/Class2/placas1204.jpg,0
train,Class2,1,Motospl11692.jpg,data/processed/160x120/Class2/Motospl11692.jpg,data/splits/train/Class2/Motospl11692.jpg,0
train,Class2,1,placas1426.jpg,data/processed/160x120/Class2/placas1426.jpg,data/splits/train/Class2/placas1426.jpg,0
train,Class2,1,Motospl10305.jpg,data/processed/160x120/Class2/Motospl10305.jpg,data/splits/train/Class2/Motospl10305.jpg,0
train,Class2,1,Motospl10527.jpg,data/processed/160x120/Class2/Motospl10527.jpg,data/splits/train/Class2/Motospl10527.jpg,0
train,Class2,1,Motospl10602.jpg,data/processed/160x120/Class2/Motospl10602.jpg,data/splits/train/Class2/Motospl10602.jpg,0
train,Class2,1,Motospl10335.jpg,data/processed/160x120/Class2/Motospl10335.jpg,data/splits/train/Class2/Motospl10335.jpg,0
train,Class2,1,Placa29.png,data/processed/160x120/Class2/Placa29.png,data/splits/train/Class2/Placa29.png,0
train,Class2,1,placas1642.jpg,data/processed/160x120/Class2/placas1642.jpg,data/splits/train/Class2/placas1642.jpg,0
train,Class2,1,Motospl12408.jpg,data/processed/160x120/Class2/Motospl12408.jpg,data/splits/train/Class2/Motospl12408.jpg,0
train,Class2,1,Motospl10110.jpg,data/processed/160x120/Class2/Motospl10110.jpg,data/splits/train/Class2/Motospl10110.jpg,0
train,Class2,1,Motospl12373.jpg,data/processed/160x120/Class2/Motospl12373.jpg,data/splits/train/Class2/Motospl12373.jpg,0
train,Class2,1,Motospl10806.jpg,data/processed/160x120/Class2/Motospl10806.jpg,data/splits/train/Class2/Motospl10806.jpg,0
train,Class2,1,Placas11567.jpg,data/processed/160x120/Class2/Placas11567.jpg,data/splits/train/Class2/Placas11567.jpg,0
train,Class2,1,Motospl10221.jpg,data/processed/160x120/Class2/Motospl10221.jpg,data/splits/train/Class2/Motospl10221.jpg,0
train,Class2,1,Motospl11106.jpg,data/processed/160x120/Class2/Motospl11106.jpg,data/splits/train/Class2/Motospl11106.jpg,0
train,Class2,1,Motospl12183.jpg,data/processed/160x120/Class2/Motospl12183.jpg,data/splits/train/Class2/Motospl12183.jpg,0
train,Class2,1,Motospl12138.jpg,data/processed/160x120/Class2/Motospl12138.jpg,data/splits/train/Class2/Motospl12138.jpg,0
train,Class2,1,Placass10545.jpg,data/processed/160x120/Class2/Placass10545.jpg,data/splits/train/Class2/Placass10545.jpg,0
train,Class2,1,Motospl11824.jpg,data/processed/160x120/Class2/Motospl11824.jpg,data/splits/train/Class2/Motospl11824.jpg,0
train,Class2,1,Motospl10883.jpg,data/processed/160x120/Class2/Motospl10883.jpg,data/splits/train/Class2/Motospl10883.jpg,0
train,Class2,1,Motospl11208.jpg,data/processed/160x120/Class2/Motospl11208.jpg,data/splits/train/Class2/Motospl11208.jpg,0
train,Class2,1,Motospl11235.jpg,data/processed/160x120/Class2/Motospl11235.jpg,data/splits/train/Class2/Motospl11235.jpg,0
train,Class2,1,Motospl11016.jpg,data/processed/160x120/Class2/Motospl11016.jpg,data/splits/train/Class2/Motospl11016.jpg,0
train,Class2,1,Motospl11956.jpg,data/processed/160x120/Class2/Motospl11956.jpg,data/splits/train/Class2/Motospl11956.jpg,0
train,Class2,1,Motospl12412.jpg,data/processed/160x120/Class2/Motospl12412.jpg,data/splits/train/Class2/Motospl12412.jpg,0
train,Class2,1,Motospl12124.jpg,data/processed/160x120/Class2/Motospl12124.jpg,data/splits/train/Class2/Motospl12124.jpg,0
train,Class2,1,Motospl10683.jpg,data/processed/160x120/Class2/Motospl10683.jpg,data/splits/train/Class2/Motospl10683.jpg,0
train,Class2,1,Motospl11349.jpg,data/processed/160x120/Class2/Motospl11349.jpg,data/splits/train/Class2/Motospl11349.jpg,0
train,Class2,1,Placa92.png,data/processed/160x120/Class2/Placa92.png,data/splits/train/Class2/Placa92.png,0
train,Class2,1,Motospl11066.jpg,data/processed/160x120/Class2/Motospl11066.jpg,data/splits/train/Class2/Motospl11066.jpg,0
train,Class2,1,Motospl10371.jpg,data/processed/160x120/Class2/Motospl10371.jpg,data/splits/train/Class2/Motospl10371.jpg,0
train,Class2,1,Motospl11376.jpg,data/processed/160x120/Class2/Motospl11376.jpg,data/splits/train/Class2/Motospl11376.jpg,0
train,Class2,1,Motospl11614.jpg,data/processed/160x120/Class2/Motospl11614.jpg,data/splits/train/Class2/Motospl11614.jpg,0
train,Class2,1,Placass11636.jpg,data/processed/160x120/Class2/Placass11636.jpg,data/splits/train/Class2/Placass11636.jpg,0
train,Class2,1,Motospl11670.jpg,data/processed/160x120/Class2/Motospl11670.jpg,data/splits/train/Class2/Motospl11670.jpg,0
train,Class2,1,Motospl11322.jpg,data/processed/160x120/Class2/Motospl11322.jpg,data/splits/train/Class2/Motospl11322.jpg,0
train,Class2,1,Motospl10438.jpg,data/processed/160x120/Class2/Motospl10438.jpg,data/splits/train/Class2/Motospl10438.jpg,0
train,Class2,1,Placass10353.jpg,data/processed/160x120/Class2/Placass10353.jpg,data/splits/train/Class2/Placass10353.jpg,0
train,Class2,1,Motospl10454.jpg,data/processed/160x120/Class2/Motospl10454.jpg,data/splits/train/Class2/Motospl10454.jpg,0
train,Class2,1,Motospl11339.jpg,data/processed/160x120/Class2/Motospl11339.jpg,data/splits/train/Class2/Motospl11339.jpg,0
train,Class2,1,Motospl11650.jpg,data/processed/160x120/Class2/Motospl11650.jpg,data/splits/train/Class2/Motospl11650.jpg,0
train,Class2,1,Motospl10663.jpg,data/processed/160x120/Class2/Motospl10663.jpg,data/splits/train/Class2/Motospl10663.jpg,0
train,Class2,1,Motospl11730.jpg,data/processed/160x120/Class2/Motospl11730.jpg,data/splits/train/Class2/Motospl11730.jpg,0
train,Class2,1,Motospl12182.jpg,data/processed/160x120/Class2/Motospl12182.jpg,data/splits/train/Class2/Motospl12182.jpg,0
train,Class2,1,Motospl11084.jpg,data/processed/160x120/Class2/Motospl11084.jpg,data/splits/train/Class2/Motospl11084.jpg,0
train,Class2,1,Motospl11275.jpg,data/processed/160x120/Class2/Motospl11275.jpg,data/splits/train/Class2/Motospl11275.jpg,0
train,Class2,1,Motospl10874.jpg,data/processed/160x120/Class2/Motospl10874.jpg,data/splits/train/Class2/Motospl10874.jpg,0
train,Class2,1,Placa8.png,data/processed/160x120/Class2/Placa8.png,data/splits/train/Class2/Placa8.png,0
train,Class2,1,Motospl10279.jpg,data/processed/160x120/Class2/Motospl10279.jpg,data/splits/train/Class2/Motospl10279.jpg,0
train,Class2,1,Motospl10957.jpg,data/processed/160x120/Class2/Motospl10957.jpg,data/splits/train/Class2/Motospl10957.jpg,0
train,Class2,1,Motospl12033.jpg,data/processed/160x120/Class2/Motospl12033.jpg,data/splits/train/Class2/Motospl12033.jpg,0
train,Class2,1,Motospl11952.jpg,data/processed/160x120/Class2/Motospl11952.jpg,data/splits/train/Class2/Motospl11952.jpg,0
train,Class2,1,Motospl10842.jpg,data/processed/160x120/Class2/Motospl10842.jpg,data/splits/train/Class2/Motospl10842.jpg,0
train,Class2,1,Motospl11848.jpg,data/processed/160x120/Class2/Motospl11848.jpg,data/splits/train/Class2/Motospl11848.jpg,0
train,Class2,1,placas1515.jpg,data/processed/160x120/Class2/placas1515.jpg,data/splits/train/Class2/placas1515.jpg,0
train,Class2,1,Placa80.png,data/processed/160x120/Class2/Placa80.png,data/splits/train/Class2/Placa80.png,0
train,Class2,1,Motospl11714.jpg,data/processed/160x120/Class2/Motospl11714.jpg,data/splits/train/Class2/Motospl11714.jpg,0
train,Class2,1,Motospl10813.jpg,data/processed/160x120/Class2/Motospl10813.jpg,data/splits/train/Class2/Motospl10813.jpg,0
train,Class2,1,Placa184.png,data/processed/160x120/Class2/Placa184.png,data/splits/train/Class2/Placa184.png,0
train,Class2,1,Motospl11819.jpg,data/processed/160x120/Class2/Motospl11819.jpg,data/splits/train/Class2/Motospl11819.jpg,0
train,Class2,1,Motospl12153.jpg,data/processed/160x120/Class2/Motospl12153.jpg,data/splits/train/Class2/Motospl12153.jpg,0
train,Class2,1,placas1468.jpg,data/processed/160x120/Class2/placas1468.jpg,data/splits/train/Class2/placas1468.jpg,0
train,Class2,1,Motospl12051.jpg,data/processed/160x120/Class2/Motospl12051.jpg,data/splits/train/Class2/Motospl12051.jpg,0
train,Class2,1,Motospl10820.jpg,data/processed/160x120/Class2/Motospl10820.jpg,data/splits/train/Class2/Motospl10820.jpg,0
train,Class2,1,Motospl11609.jpg,data/processed/160x120/Class2/Motospl11609.jpg,data/splits/train/Class2/Motospl11609.jpg,0
train,Class2,1,Motospl11928.jpg,data/processed/160x120/Class2/Motospl11928.jpg,data/splits/train/Class2/Motospl11928.jpg,0
train,Class2,1,Placass10354.jpg,data/processed/160x120/Class2/Placass10354.jpg,data/splits/train/Class2/Placass10354.jpg,0
train,Class2,1,Motospl11226.jpg,data/processed/160x120/Class2/Motospl11226.jpg,data/splits/train/Class2/Motospl11226.jpg,0
train,Class2,1,Placasia1002.png,data/processed/160x120/Class2/Placasia1002.png,data/splits/train/Class2/Placasia1002.png,0
train,Class2,1,Motospl11499.jpg,data/processed/160x120/Class2/Motospl11499.jpg,data/splits/train/Class2/Motospl11499.jpg,0
train,Class2,1,Motospl11592.jpg,data/processed/160x120/Class2/Motospl11592.jpg,data/splits/train/Class2/Motospl11592.jpg,0
train,Class2,1,placaas10224.jpg,data/processed/160x120/Class2/placaas10224.jpg,data/splits/train/Class2/placaas10224.jpg,0
train,Class2,1,Placa71.png,data/processed/160x120/Class2/Placa71.png,data/splits/train/Class2/Placa71.png,0
train,Class2,1,Motospl11172.jpg,data/processed/160x120/Class2/Motospl11172.jpg,data/splits/train/Class2/Motospl11172.jpg,0
train,Class2,1,Motospl11750.jpg,data/processed/160x120/Class2/Motospl11750.jpg,data/splits/train/Class2/Motospl11750.jpg,0
train,Class2,1,Placasia1012.png,data/processed/160x120/Class2/Placasia1012.png,data/splits/train/Class2/Placasia1012.png,0
train,Class2,1,Motospl12139.jpg,data/processed/160x120/Class2/Motospl12139.jpg,data/splits/train/Class2/Motospl12139.jpg,0
train,Class2,1,Motospl12123.jpg,data/processed/160x120/Class2/Motospl12123.jpg,data/splits/train/Class2/Motospl12123.jpg,0
train,Class2,1,placas1469.jpg,data/processed/160x120/Class2/placas1469.jpg,data/splits/train/Class2/placas1469.jpg,0
train,Class2,1,Motospl11067.jpg,data/processed/160x120/Class2/Motospl11067.jpg,data/splits/train/Class2/Motospl11067.jpg,0
train,Class2,1,Motospl12263.jpg,data/processed/160x120/Class2/Motospl12263.jpg,data/splits/train/Class2/Motospl12263.jpg,0
train,Class2,1,Motospl11393.jpg,data/processed/160x120/Class2/Motospl11393.jpg,data/splits/train/Class2/Motospl11393.jpg,0
train,Class2,1,Motospl11785.jpg,data/processed/160x120/Class2/Motospl11785.jpg,data/splits/train/Class2/Motospl11785.jpg,0
train,Class2,1,Motospl10952.jpg,data/processed/160x120/Class2/Motospl10952.jpg,data/splits/train/Class2/Motospl10952.jpg,0
train,Class2,1,Motospl12270.jpg,data/processed/160x120/Class2/Motospl12270.jpg,data/splits/train/Class2/Motospl12270.jpg,0
train,Class2,1,Motospl11800.jpg,data/processed/160x120/Class2/Motospl11800.jpg,data/splits/train/Class2/Motospl11800.jpg,0
train,Class2,1,Motospl11421.jpg,data/processed/160x120/Class2/Motospl11421.jpg,data/splits/train/Class2/Motospl11421.jpg,0
train,Class2,1,Placasm10501.jpg,data/processed/160x120/Class2/Placasm10501.jpg,data/splits/train/Class2/Placasm10501.jpg,0
train,Class2,1,Motospl10097.jpg,data/processed/160x120/Class2/Motospl10097.jpg,data/splits/train/Class2/Motospl10097.jpg,0
train,Class2,1,Motospl10877.jpg,data/processed/160x120/Class2/Motospl10877.jpg,data/splits/train/Class2/Motospl10877.jpg,0
train,Class2,1,Motospl10223.jpg,data/processed/160x120/Class2/Motospl10223.jpg,data/splits/train/Class2/Motospl10223.jpg,0
train,Class2,1,Motospl11569.jpg,data/processed/160x120/Class2/Motospl11569.jpg,data/splits/train/Class2/Motospl11569.jpg,0
train,Class2,1,Placass11320.jpg,data/processed/160x120/Class2/Placass11320.jpg,data/splits/train/Class2/Placass11320.jpg,0
train,Class2,1,Motospl10967.jpg,data/processed/160x120/Class2/Motospl10967.jpg,data/splits/train/Class2/Motospl10967.jpg,0
train,Class2,1,Motospl10450.jpg,data/processed/160x120/Class2/Motospl10450.jpg,data/splits/train/Class2/Motospl10450.jpg,0
train,Class2,1,Motospl10831.jpg,data/processed/160x120/Class2/Motospl10831.jpg,data/splits/train/Class2/Motospl10831.jpg,0
train,Class2,1,Placasia1041.png,data/processed/160x120/Class2/Placasia1041.png,data/splits/train/Class2/Placasia1041.png,0
train,Class2,1,Motospl10391.jpg,data/processed/160x120/Class2/Motospl10391.jpg,data/splits/train/Class2/Motospl10391.jpg,0
train,Class2,1,Motospl10408.jpg,data/processed/160x120/Class2/Motospl10408.jpg,data/splits/train/Class2/Motospl10408.jpg,0
train,Class2,1,Motospl11601.jpg,data/processed/160x120/Class2/Motospl11601.jpg,data/splits/train/Class2/Motospl11601.jpg,0
train,Class2,1,Motospl10534.jpg,data/processed/160x120/Class2/Motospl10534.jpg,data/splits/train/Class2/Motospl10534.jpg,0
train,Class2,1,Motospl12284.jpg,data/processed/160x120/Class2/Motospl12284.jpg,data/splits/train/Class2/Motospl12284.jpg,0
train,Class2,1,Motospl11869.jpg,data/processed/160x120/Class2/Motospl11869.jpg,data/splits/train/Class2/Motospl11869.jpg,0
train,Class2,1,Motospl10293.jpg,data/processed/160x120/Class2/Motospl10293.jpg,data/splits/train/Class2/Motospl10293.jpg,0
train,Class2,1,Motospl11043.jpg,data/processed/160x120/Class2/Motospl11043.jpg,data/splits/train/Class2/Motospl11043.jpg,0
train,Class2,1,Motospl10342.jpg,data/processed/160x120/Class2/Motospl10342.jpg,data/splits/train/Class2/Motospl10342.jpg,0
train,Class2,1,Motospl12246.jpg,data/processed/160x120/Class2/Motospl12246.jpg,data/splits/train/Class2/Motospl12246.jpg,0
train,Class2,1,Motospl12165.jpg,data/processed/160x120/Class2/Motospl12165.jpg,data/splits/train/Class2/Motospl12165.jpg,0
train,Class2,1,placas1348.jpg,data/processed/160x120/Class2/placas1348.jpg,data/splits/train/Class2/placas1348.jpg,0
train,Class2,1,Motospl12300.jpg,data/processed/160x120/Class2/Motospl12300.jpg,data/splits/train/Class2/Motospl12300.jpg,0
train,Class2,1,Motospl11159.jpg,data/processed/160x120/Class2/Motospl11159.jpg,data/splits/train/Class2/Motospl11159.jpg,0
train,Class2,1,Motospl10613.jpg,data/processed/160x120/Class2/Motospl10613.jpg,data/splits/train/Class2/Motospl10613.jpg,0
train,Class2,1,Motospl11832.jpg,data/processed/160x120/Class2/Motospl11832.jpg,data/splits/train/Class2/Motospl11832.jpg,0
train,Class2,1,Motospl11913.jpg,data/processed/160x120/Class2/Motospl11913.jpg,data/splits/train/Class2/Motospl11913.jpg,0
train,Class2,1,Motospl12257.jpg,data/processed/160x120/Class2/Motospl12257.jpg,data/splits/train/Class2/Motospl12257.jpg,0
train,Class2,1,Placass10967.jpg,data/processed/160x120/Class2/Placass10967.jpg,data/splits/train/Class2/Placass10967.jpg,0
train,Class2,1,Motospl12376.jpg,data/processed/160x120/Class2/Motospl12376.jpg,data/splits/train/Class2/Motospl12376.jpg,0
train,Class2,1,Motospl11394.jpg,data/processed/160x120/Class2/Motospl11394.jpg,data/splits/train/Class2/Motospl11394.jpg,0
train,Class2,1,Motospl11930.jpg,data/processed/160x120/Class2/Motospl11930.jpg,data/splits/train/Class2/Motospl11930.jpg,0
train,Class2,1,Motospl12055.jpg,data/processed/160x120/Class2/Motospl12055.jpg,data/splits/train/Class2/Motospl12055.jpg,0
train,Class2,1,Motospl12233.jpg,data/processed/160x120/Class2/Motospl12233.jpg,data/splits/train/Class2/Motospl12233.jpg,0
train,Class2,1,Motospl11492.jpg,data/processed/160x120/Class2/Motospl11492.jpg,data/splits/train/Class2/Motospl11492.jpg,0
train,Class2,1,Motospl11390.jpg,data/processed/160x120/Class2/Motospl11390.jpg,data/splits/train/Class2/Motospl11390.jpg,0
train,Class2,1,Motospl12411.jpg,data/processed/160x120/Class2/Motospl12411.jpg,data/splits/train/Class2/Motospl12411.jpg,0
train,Class2,1,Motospl11976.jpg,data/processed/160x120/Class2/Motospl11976.jpg,data/splits/train/Class2/Motospl11976.jpg,0
train,Class2,1,Placasia1018.png,data/processed/160x120/Class2/Placasia1018.png,data/splits/train/Class2/Placasia1018.png,0
train,Class2,1,Motospl11187.jpg,data/processed/160x120/Class2/Motospl11187.jpg,data/splits/train/Class2/Motospl11187.jpg,0
train,Class2,1,placaas10296.jpg,data/processed/160x120/Class2/placaas10296.jpg,data/splits/train/Class2/placaas10296.jpg,0
train,Class2,1,Motospl10960.jpg,data/processed/160x120/Class2/Motospl10960.jpg,data/splits/train/Class2/Motospl10960.jpg,0
train,Class2,1,Motospl11911.jpg,data/processed/160x120/Class2/Motospl11911.jpg,data/splits/train/Class2/Motospl11911.jpg,0
train,Class2,1,placas1337.jpg,data/processed/160x120/Class2/placas1337.jpg,data/splits/train/Class2/placas1337.jpg,0
train,Class2,1,Motospl10769.jpg,data/processed/160x120/Class2/Motospl10769.jpg,data/splits/train/Class2/Motospl10769.jpg,0
train,Class2,1,Motospl10721.jpg,data/processed/160x120/Class2/Motospl10721.jpg,data/splits/train/Class2/Motospl10721.jpg,0
train,Class2,1,Motospl12173.jpg,data/processed/160x120/Class2/Motospl12173.jpg,data/splits/train/Class2/Motospl12173.jpg,0
train,Class2,1,Motospl12163.jpg,data/processed/160x120/Class2/Motospl12163.jpg,data/splits/train/Class2/Motospl12163.jpg,0
train,Class2,1,Motospl12306.jpg,data/processed/160x120/Class2/Motospl12306.jpg,data/splits/train/Class2/Motospl12306.jpg,0
train,Class2,1,Motospl12064.jpg,data/processed/160x120/Class2/Motospl12064.jpg,data/splits/train/Class2/Motospl12064.jpg,0
train,Class2,1,placaas10255.jpg,data/processed/160x120/Class2/placaas10255.jpg,data/splits/train/Class2/placaas10255.jpg,0
train,Class2,1,Motospl11076.jpg,data/processed/160x120/Class2/Motospl11076.jpg,data/splits/train/Class2/Motospl11076.jpg,0
train,Class2,1,Motospl10641.jpg,data/processed/160x120/Class2/Motospl10641.jpg,data/splits/train/Class2/Motospl10641.jpg,0
train,Class2,1,Motospl12400.jpg,data/processed/160x120/Class2/Motospl12400.jpg,data/splits/train/Class2/Motospl12400.jpg,0
train,Class2,1,Motospl11311.jpg,data/processed/160x120/Class2/Motospl11311.jpg,data/splits/train/Class2/Motospl11311.jpg,0
train,Class2,1,Motospl11279.jpg,data/processed/160x120/Class2/Motospl11279.jpg,data/splits/train/Class2/Motospl11279.jpg,0
train,Class2,1,Motospl10189.jpg,data/processed/160x120/Class2/Motospl10189.jpg,data/splits/train/Class2/Motospl10189.jpg,0
train,Class2,1,Motospl10000.jpg,data/processed/160x120/Class2/Motospl10000.jpg,data/splits/train/Class2/Motospl10000.jpg,0
train,Class2,1,Motospl11162.jpg,data/processed/160x120/Class2/Motospl11162.jpg,data/splits/train/Class2/Motospl11162.jpg,0
train,Class2,1,Motospl11181.jpg,data/processed/160x120/Class2/Motospl11181.jpg,data/splits/train/Class2/Motospl11181.jpg,0
train,Class2,1,Motospl10075.jpg,data/processed/160x120/Class2/Motospl10075.jpg,data/splits/train/Class2/Motospl10075.jpg,0
train,Class2,1,Motospl10873.jpg,data/processed/160x120/Class2/Motospl10873.jpg,data/splits/train/Class2/Motospl10873.jpg,0
train,Class2,1,placas1036.jpg,data/processed/160x120/Class2/placas1036.jpg,data/splits/train/Class2/placas1036.jpg,0
train,Class2,1,Motospl11803.jpg,data/processed/160x120/Class2/Motospl11803.jpg,data/splits/train/Class2/Motospl11803.jpg,0
train,Class2,1,Motospl12418.jpg,data/processed/160x120/Class2/Motospl12418.jpg,data/splits/train/Class2/Motospl12418.jpg,0
train,Class2,1,Motospl11745.jpg,data/processed/160x120/Class2/Motospl11745.jpg,data/splits/train/Class2/Motospl11745.jpg,0
train,Class2,1,placaas10246.jpg,data/processed/160x120/Class2/placaas10246.jpg,data/splits/train/Class2/placaas10246.jpg,0
train,Class2,1,Motospl12380.jpg,data/processed/160x120/Class2/Motospl12380.jpg,data/splits/train/Class2/Motospl12380.jpg,0
train,Class2,1,Motospl11864.jpg,data/processed/160x120/Class2/Motospl11864.jpg,data/splits/train/Class2/Motospl11864.jpg,0
train,Class2,1,Motospl10945.jpg,data/processed/160x120/Class2/Motospl10945.jpg,data/splits/train/Class2/Motospl10945.jpg,0
train,Class2,1,Placa102.png,data/processed/160x120/Class2/Placa102.png,data/splits/train/Class2/Placa102.png,0
train,Class2,1,Motospl11836.jpg,data/processed/160x120/Class2/Motospl11836.jpg,data/splits/train/Class2/Motospl11836.jpg,0
train,Class2,1,Motospl10947.jpg,data/processed/160x120/Class2/Motospl10947.jpg,data/splits/train/Class2/Motospl10947.jpg,0
train,Class2,1,Placasia1037.png,data/processed/160x120/Class2/Placasia1037.png,data/splits/train/Class2/Placasia1037.png,0
train,Class2,1,Motospl11739.jpg,data/processed/160x120/Class2/Motospl11739.jpg,data/splits/train/Class2/Motospl11739.jpg,0
train,Class2,1,Motospl12388.jpg,data/processed/160x120/Class2/Motospl12388.jpg,data/splits/train/Class2/Motospl12388.jpg,0
train,Class2,1,Motospl10164.jpg,data/processed/160x120/Class2/Motospl10164.jpg,data/splits/train/Class2/Motospl10164.jpg,0
train,Class2,1,Motospl10491.jpg,data/processed/160x120/Class2/Motospl10491.jpg,data/splits/train/Class2/Motospl10491.jpg,0
train,Class2,1,Motospl12385.jpg,data/processed/160x120/Class2/Motospl12385.jpg,data/splits/train/Class2/Motospl12385.jpg,0
train,Class2,1,Motospl10801.jpg,data/processed/160x120/Class2/Motospl10801.jpg,data/splits/train/Class2/Motospl10801.jpg,0
train,Class2,1,Placass11583.jpg,data/processed/160x120/Class2/Placass11583.jpg,data/splits/train/Class2/Placass11583.jpg,0
train,Class2,1,Motospl11165.jpg,data/processed/160x120/Class2/Motospl11165.jpg,data/splits/train/Class2/Motospl11165.jpg,0
train,Class2,1,Motospl10465.jpg,data/processed/160x120/Class2/Motospl10465.jpg,data/splits/train/Class2/Motospl10465.jpg,0
train,Class2,1,Motospl11940.jpg,data/processed/160x120/Class2/Motospl11940.jpg,data/splits/train/Class2/Motospl11940.jpg,0
train,Class2,1,Motospl12120.jpg,data/processed/160x120/Class2/Motospl12120.jpg,data/splits/train/Class2/Motospl12120.jpg,0
train,Class2,1,Motospl10585.jpg,data/processed/160x120/Class2/Motospl10585.jpg,data/splits/train/Class2/Motospl10585.jpg,0
train,Class2,1,Motospl11682.jpg,data/processed/160x120/Class2/Motospl11682.jpg,data/splits/train/Class2/Motospl11682.jpg,0
train,Class2,1,Placass10940.jpg,data/processed/160x120/Class2/Placass10940.jpg,data/splits/train/Class2/Placass10940.jpg,0
train,Class2,1,Motospl10679.jpg,data/processed/160x120/Class2/Motospl10679.jpg,data/splits/train/Class2/Motospl10679.jpg,0
train,Class2,1,Placa117.png,data/processed/160x120/Class2/Placa117.png,data/splits/train/Class2/Placa117.png,0
train,Class2,1,Motospl11668.jpg,data/processed/160x120/Class2/Motospl11668.jpg,data/splits/train/Class2/Motospl11668.jpg,0
train,Class2,1,placaas10760.jpg,data/processed/160x120/Class2/placaas10760.jpg,data/splits/train/Class2/placaas10760.jpg,0
train,Class2,1,Motospl12421.jpg,data/processed/160x120/Class2/Motospl12421.jpg,data/splits/train/Class2/Motospl12421.jpg,0
train,Class2,1,Motospl10994.jpg,data/processed/160x120/Class2/Motospl10994.jpg,data/splits/train/Class2/Motospl10994.jpg,0
train,Class2,1,Motospl11070.jpg,data/processed/160x120/Class2/Motospl11070.jpg,data/splits/train/Class2/Motospl11070.jpg,0
train,Class2,1,Motospl10327.jpg,data/processed/160x120/Class2/Motospl10327.jpg,data/splits/train/Class2/Motospl10327.jpg,0
train,Class2,1,Motospl12437.jpg,data/processed/160x120/Class2/Motospl12437.jpg,data/splits/train/Class2/Motospl12437.jpg,0
train,Class2,1,Motospl10024.jpg,data/processed/160x120/Class2/Motospl10024.jpg,data/splits/train/Class2/Motospl10024.jpg,0
train,Class2,1,Motospl10113.jpg,data/processed/160x120/Class2/Motospl10113.jpg,data/splits/train/Class2/Motospl10113.jpg,0
train,Class2,1,Motospl11298.jpg,data/processed/160x120/Class2/Motospl11298.jpg,data/splits/train/Class2/Motospl11298.jpg,0
train,Class2,1,placas1441.jpg,data/processed/160x120/Class2/placas1441.jpg,data/splits/train/Class2/placas1441.jpg,0
train,Class2,1,Motospl10310.jpg,data/processed/160x120/Class2/Motospl10310.jpg,data/splits/train/Class2/Motospl10310.jpg,0
train,Class2,1,Motospl10814.jpg,data/processed/160x120/Class2/Motospl10814.jpg,data/splits/train/Class2/Motospl10814.jpg,0
train,Class2,1,Motospl11358.jpg,data/processed/160x120/Class2/Motospl11358.jpg,data/splits/train/Class2/Motospl11358.jpg,0
train,Class2,1,Motospl11813.jpg,data/processed/160x120/Class2/Motospl11813.jpg,data/splits/train/Class2/Motospl11813.jpg,0
train,Class2,1,Motospl11404.jpg,data/processed/160x120/Class2/Motospl11404.jpg,data/splits/train/Class2/Motospl11404.jpg,0
train,Class2,1,Motospl12208.jpg,data/processed/160x120/Class2/Motospl12208.jpg,data/splits/train/Class2/Motospl12208.jpg,0
train,Class2,1,Motospl12040.jpg,data/processed/160x120/Class2/Motospl12040.jpg,data/splits/train/Class2/Motospl12040.jpg,0
train,Class2,1,placas1445.jpg,data/processed/160x120/Class2/placas1445.jpg,data/splits/train/Class2/placas1445.jpg,0
train,Class2,1,Motospl11539.jpg,data/processed/160x120/Class2/Motospl11539.jpg,data/splits/train/Class2/Motospl11539.jpg,0
train,Class2,1,Motospl11723.jpg,data/processed/160x120/Class2/Motospl11723.jpg,data/splits/train/Class2/Motospl11723.jpg,0
train,Class2,1,Motospl10915.jpg,data/processed/160x120/Class2/Motospl10915.jpg,data/splits/train/Class2/Motospl10915.jpg,0
train,Class2,1,Motospl10198.jpg,data/processed/160x120/Class2/Motospl10198.jpg,data/splits/train/Class2/Motospl10198.jpg,0
train,Class2,1,Placas11576.jpg,data/processed/160x120/Class2/Placas11576.jpg,data/splits/train/Class2/Placas11576.jpg,0
train,Class2,1,Motospl11482.jpg,data/processed/160x120/Class2/Motospl11482.jpg,data/splits/train/Class2/Motospl11482.jpg,0
train,Class2,1,placas1452.jpg,data/processed/160x120/Class2/placas1452.jpg,data/splits/train/Class2/placas1452.jpg,0
train,Class2,1,Motospl11697.jpg,data/processed/160x120/Class2/Motospl11697.jpg,data/splits/train/Class2/Motospl11697.jpg,0
train,Class2,1,Motospl11099.jpg,data/processed/160x120/Class2/Motospl11099.jpg,data/splits/train/Class2/Motospl11099.jpg,0
train,Class2,1,Motospl10715.jpg,data/processed/160x120/Class2/Motospl10715.jpg,data/splits/train/Class2/Motospl10715.jpg,0
train,Class2,1,Motospl11416.jpg,data/processed/160x120/Class2/Motospl11416.jpg,data/splits/train/Class2/Motospl11416.jpg,0
train,Class2,1,Motospl12044.jpg,data/processed/160x120/Class2/Motospl12044.jpg,data/splits/train/Class2/Motospl12044.jpg,0
train,Class2,1,Motospl11197.jpg,data/processed/160x120/Class2/Motospl11197.jpg,data/splits/train/Class2/Motospl11197.jpg,0
train,Class2,1,Motospl11533.jpg,data/processed/160x120/Class2/Motospl11533.jpg,data/splits/train/Class2/Motospl11533.jpg,0
train,Class2,1,Motospl11843.jpg,data/processed/160x120/Class2/Motospl11843.jpg,data/splits/train/Class2/Motospl11843.jpg,0
train,Class2,1,Motospl11573.jpg,data/processed/160x120/Class2/Motospl11573.jpg,data/splits/train/Class2/Motospl11573.jpg,0
train,Class2,1,placas1537.jpg,data/processed/160x120/Class2/placas1537.jpg,data/splits/train/Class2/placas1537.jpg,0
train,Class2,1,Motospl11433.jpg,data/processed/160x120/Class2/Motospl11433.jpg,data/splits/train/Class2/Motospl11433.jpg,0
train,Class2,1,Motospl11490.jpg,data/processed/160x120/Class2/Motospl11490.jpg,data/splits/train/Class2/Motospl11490.jpg,0
train,Class2,1,Motospl10026.jpg,data/processed/160x120/Class2/Motospl10026.jpg,data/splits/train/Class2/Motospl10026.jpg,0
train,Class2,1,Motospl12285.jpg,data/processed/160x120/Class2/Motospl12285.jpg,data/splits/train/Class2/Motospl12285.jpg,0
train,Class2,1,Motospl11386.jpg,data/processed/160x120/Class2/Motospl11386.jpg,data/splits/train/Class2/Motospl11386.jpg,0
train,Class2,1,Placa151.png,data/processed/160x120/Class2/Placa151.png,data/splits/train/Class2/Placa151.png,0
train,Class2,1,Motospl10132.jpg,data/processed/160x120/Class2/Motospl10132.jpg,data/splits/train/Class2/Motospl10132.jpg,0
train,Class2,1,Motospl10096.jpg,data/processed/160x120/Class2/Motospl10096.jpg,data/splits/train/Class2/Motospl10096.jpg,0
train,Class2,1,Motospl10931.jpg,data/processed/160x120/Class2/Motospl10931.jpg,data/splits/train/Class2/Motospl10931.jpg,0
train,Class2,1,placas1420.jpg,data/processed/160x120/Class2/placas1420.jpg,data/splits/train/Class2/placas1420.jpg,0
train,Class2,1,Motospl11615.jpg,data/processed/160x120/Class2/Motospl11615.jpg,data/splits/train/Class2/Motospl11615.jpg,0
train,Class2,1,placas1453.jpg,data/processed/160x120/Class2/placas1453.jpg,data/splits/train/Class2/placas1453.jpg,0
train,Class2,1,Motospl11022.jpg,data/processed/160x120/Class2/Motospl11022.jpg,data/splits/train/Class2/Motospl11022.jpg,0
train,Class2,1,Motospl10272.jpg,data/processed/160x120/Class2/Motospl10272.jpg,data/splits/train/Class2/Motospl10272.jpg,0
train,Class2,1,Motospl11772.jpg,data/processed/160x120/Class2/Motospl11772.jpg,data/splits/train/Class2/Motospl11772.jpg,0
train,Class2,1,Motospl12004.jpg,data/processed/160x120/Class2/Motospl12004.jpg,data/splits/train/Class2/Motospl12004.jpg,0
train,Class2,1,Motospl10061.jpg,data/processed/160x120/Class2/Motospl10061.jpg,data/splits/train/Class2/Motospl10061.jpg,0
train,Class2,1,Motospl11295.jpg,data/processed/160x120/Class2/Motospl11295.jpg,data/splits/train/Class2/Motospl11295.jpg,0
train,Class2,1,Motospl11941.jpg,data/processed/160x120/Class2/Motospl11941.jpg,data/splits/train/Class2/Motospl11941.jpg,0
train,Class2,1,Motospl10803.jpg,data/processed/160x120/Class2/Motospl10803.jpg,data/splits/train/Class2/Motospl10803.jpg,0
train,Class2,1,placas1220.jpg,data/processed/160x120/Class2/placas1220.jpg,data/splits/train/Class2/placas1220.jpg,0
train,Class2,1,Motospl10378.jpg,data/processed/160x120/Class2/Motospl10378.jpg,data/splits/train/Class2/Motospl10378.jpg,0
train,Class2,1,Motospl12431.jpg,data/processed/160x120/Class2/Motospl12431.jpg,data/splits/train/Class2/Motospl12431.jpg,0
train,Class2,1,Motospl11434.jpg,data/processed/160x120/Class2/Motospl11434.jpg,data/splits/train/Class2/Motospl11434.jpg,0
train,Class2,1,Motospl11205.jpg,data/processed/160x120/Class2/Motospl11205.jpg,data/splits/train/Class2/Motospl11205.jpg,0
train,Class2,1,Motospl11021.jpg,data/processed/160x120/Class2/Motospl11021.jpg,data/splits/train/Class2/Motospl11021.jpg,0
train,Class2,1,Motospl11251.jpg,data/processed/160x120/Class2/Motospl11251.jpg,data/splits/train/Class2/Motospl11251.jpg,0
train,Class2,1,Motospl10881.jpg,data/processed/160x120/Class2/Motospl10881.jpg,data/splits/train/Class2/Motospl10881.jpg,0
train,Class2,1,Placass11148.jpg,data/processed/160x120/Class2/Placass11148.jpg,data/splits/train/Class2/Placass11148.jpg,0
train,Class2,1,Motospl10332.jpg,data/processed/160x120/Class2/Motospl10332.jpg,data/splits/train/Class2/Motospl10332.jpg,0
train,Class2,1,Motospl12430.jpg,data/processed/160x120/Class2/Motospl12430.jpg,data/splits/train/Class2/Motospl12430.jpg,0
train,Class2,1,Placass11341.jpg,data/processed/160x120/Class2/Placass11341.jpg,data/splits/train/Class2/Placass11341.jpg,0
train,Class2,1,placas1230.jpg,data/processed/160x120/Class2/placas1230.jpg,data/splits/train/Class2/placas1230.jpg,0
train,Class2,1,Motospl10276.jpg,data/processed/160x120/Class2/Motospl10276.jpg,data/splits/train/Class2/Motospl10276.jpg,0
train,Class2,1,Motospl10234.jpg,data/processed/160x120/Class2/Motospl10234.jpg,data/splits/train/Class2/Motospl10234.jpg,0
train,Class2,1,Motospl10348.jpg,data/processed/160x120/Class2/Motospl10348.jpg,data/splits/train/Class2/Motospl10348.jpg,0
train,Class2,1,Motospl11373.jpg,data/processed/160x120/Class2/Motospl11373.jpg,data/splits/train/Class2/Motospl11373.jpg,0
train,Class2,1,Motospl10892.jpg,data/processed/160x120/Class2/Motospl10892.jpg,data/splits/train/Class2/Motospl10892.jpg,0
train,Class2,1,Motospl11012.jpg,data/processed/160x120/Class2/Motospl11012.jpg,data/splits/train/Class2/Motospl11012.jpg,0
train,Class2,1,Motospl11742.jpg,data/processed/160x120/Class2/Motospl11742.jpg,data/splits/train/Class2/Motospl11742.jpg,0
train,Class2,1,Motospl12126.jpg,data/processed/160x120/Class2/Motospl12126.jpg,data/splits/train/Class2/Motospl12126.jpg,0
train,Class2,1,Motospl10571.jpg,data/processed/160x120/Class2/Motospl10571.jpg,data/splits/train/Class2/Motospl10571.jpg,0
train,Class2,1,placas1724.jpg,data/processed/160x120/Class2/placas1724.jpg,data/splits/train/Class2/placas1724.jpg,0
train,Class2,1,Motospl10847.jpg,data/processed/160x120/Class2/Motospl10847.jpg,data/splits/train/Class2/Motospl10847.jpg,0
train,Class2,1,Motospl10848.jpg,data/processed/160x120/Class2/Motospl10848.jpg,data/splits/train/Class2/Motospl10848.jpg,0
train,Class2,1,Placasia1032.png,data/processed/160x120/Class2/Placasia1032.png,data/splits/train/Class2/Placasia1032.png,0
train,Class2,1,Placa64.png,data/processed/160x120/Class2/Placa64.png,data/splits/train/Class2/Placa64.png,0
train,Class2,1,Motospl11783.jpg,data/processed/160x120/Class2/Motospl11783.jpg,data/splits/train/Class2/Motospl11783.jpg,0
train,Class2,1,placas1439.jpg,data/processed/160x120/Class2/placas1439.jpg,data/splits/train/Class2/placas1439.jpg,0
train,Class2,1,Motospl10193.jpg,data/processed/160x120/Class2/Motospl10193.jpg,data/splits/train/Class2/Motospl10193.jpg,0
train,Class2,1,Motospl11552.jpg,data/processed/160x120/Class2/Motospl11552.jpg,data/splits/train/Class2/Motospl11552.jpg,0
train,Class2,1,Motospl10564.jpg,data/processed/160x120/Class2/Motospl10564.jpg,data/splits/train/Class2/Motospl10564.jpg,0
train,Class2,1,Motospl12152.jpg,data/processed/160x120/Class2/Motospl12152.jpg,data/splits/train/Class2/Motospl12152.jpg,0
train,Class2,1,Motospl12391.jpg,data/processed/160x120/Class2/Motospl12391.jpg,data/splits/train/Class2/Motospl12391.jpg,0
train,Class2,1,Motospl10756.jpg,data/processed/160x120/Class2/Motospl10756.jpg,data/splits/train/Class2/Motospl10756.jpg,0
train,Class2,1,Placa192.png,data/processed/160x120/Class2/Placa192.png,data/splits/train/Class2/Placa192.png,0
train,Class2,1,Motospl10356.jpg,data/processed/160x120/Class2/Motospl10356.jpg,data/splits/train/Class2/Motospl10356.jpg,0
train,Class2,1,Motospl12009.jpg,data/processed/160x120/Class2/Motospl12009.jpg,data/splits/train/Class2/Motospl12009.jpg,0
train,Class2,1,placaas10921.jpg,data/processed/160x120/Class2/placaas10921.jpg,data/splits/train/Class2/placaas10921.jpg,0
train,Class2,1,Motospl10289.jpg,data/processed/160x120/Class2/Motospl10289.jpg,data/splits/train/Class2/Motospl10289.jpg,0
train,Class2,1,Motospl11727.jpg,data/processed/160x120/Class2/Motospl11727.jpg,data/splits/train/Class2/Motospl11727.jpg,0
train,Class2,1,placaas11351.jpg,data/processed/160x120/Class2/placaas11351.jpg,data/splits/train/Class2/placaas11351.jpg,0
train,Class2,1,Motospl11607.jpg,data/processed/160x120/Class2/Motospl11607.jpg,data/splits/train/Class2/Motospl11607.jpg,0
train,Class2,1,Motospl10197.jpg,data/processed/160x120/Class2/Motospl10197.jpg,data/splits/train/Class2/Motospl10197.jpg,0
train,Class2,1,Motospl11741.jpg,data/processed/160x120/Class2/Motospl11741.jpg,data/splits/train/Class2/Motospl11741.jpg,0
train,Class2,1,Motospl11563.jpg,data/processed/160x120/Class2/Motospl11563.jpg,data/splits/train/Class2/Motospl11563.jpg,0
train,Class2,1,Placass10487.jpg,data/processed/160x120/Class2/Placass10487.jpg,data/splits/train/Class2/Placass10487.jpg,0
train,Class2,1,Motospl10661.jpg,data/processed/160x120/Class2/Motospl10661.jpg,data/splits/train/Class2/Motospl10661.jpg,0
train,Class2,1,Motospl12023.jpg,data/processed/160x120/Class2/Motospl12023.jpg,data/splits/train/Class2/Motospl12023.jpg,0
train,Class2,1,Motospl10761.jpg,data/processed/160x120/Class2/Motospl10761.jpg,data/splits/train/Class2/Motospl10761.jpg,0
train,Class2,1,Motospl11793.jpg,data/processed/160x120/Class2/Motospl11793.jpg,data/splits/train/Class2/Motospl11793.jpg,0
train,Class2,1,Motospl11690.jpg,data/processed/160x120/Class2/Motospl11690.jpg,data/splits/train/Class2/Motospl11690.jpg,0
train,Class2,1,Motospl10364.jpg,data/processed/160x120/Class2/Motospl10364.jpg,data/splits/train/Class2/Motospl10364.jpg,0
train,Class2,1,Motospl10207.jpg,data/processed/160x120/Class2/Motospl10207.jpg,data/splits/train/Class2/Motospl10207.jpg,0
train,Class2,1,Motospl10104.jpg,data/processed/160x120/Class2/Motospl10104.jpg,data/splits/train/Class2/Motospl10104.jpg,0
train,Class2,1,Motospl12112.jpg,data/processed/160x120/Class2/Motospl12112.jpg,data/splits/train/Class2/Motospl12112.jpg,0
train,Class2,1,Placasm10420.jpg,data/processed/160x120/Class2/Placasm10420.jpg,data/splits/train/Class2/Placasm10420.jpg,0
train,Class2,1,Motospl10622.jpg,data/processed/160x120/Class2/Motospl10622.jpg,data/splits/train/Class2/Motospl10622.jpg,0
train,Class2,1,Placas11098.jpg,data/processed/160x120/Class2/Placas11098.jpg,data/splits/train/Class2/Placas11098.jpg,0
train,Class2,1,Motospl12253.jpg,data/processed/160x120/Class2/Motospl12253.jpg,data/splits/train/Class2/Motospl12253.jpg,0
train,Class2,1,plaacaas1172.jpg,data/processed/160x120/Class2/plaacaas1172.jpg,data/splits/train/Class2/plaacaas1172.jpg,0
train,Class2,1,Motospl10538.jpg,data/processed/160x120/Class2/Motospl10538.jpg,data/splits/train/Class2/Motospl10538.jpg,0
train,Class2,1,Placa134.png,data/processed/160x120/Class2/Placa134.png,data/splits/train/Class2/Placa134.png,0
train,Class2,1,Motospl11667.jpg,data/processed/160x120/Class2/Motospl11667.jpg,data/splits/train/Class2/Motospl11667.jpg,0
train,Class2,1,Motospl11532.jpg,data/processed/160x120/Class2/Motospl11532.jpg,data/splits/train/Class2/Motospl11532.jpg,0
train,Class2,1,Motospl12170.jpg,data/processed/160x120/Class2/Motospl12170.jpg,data/splits/train/Class2/Motospl12170.jpg,0
train,Class2,1,Motospl12130.jpg,data/processed/160x120/Class2/Motospl12130.jpg,data/splits/train/Class2/Motospl12130.jpg,0
train,Class2,1,Motospl11991.jpg,data/processed/160x120/Class2/Motospl11991.jpg,data/splits/train/Class2/Motospl11991.jpg,0
train,Class2,1,Motospl10187.jpg,data/processed/160x120/Class2/Motospl10187.jpg,data/splits/train/Class2/Motospl10187.jpg,0
train,Class2,1,Placa20.png,data/processed/160x120/Class2/Placa20.png,data/splits/train/Class2/Placa20.png,0
train,Class2,1,Motospl11046.jpg,data/processed/160x120/Class2/Motospl11046.jpg,data/splits/train/Class2/Motospl11046.jpg,0
train,Class2,1,Motospl11415.jpg,data/processed/160x120/Class2/Motospl11415.jpg,data/splits/train/Class2/Motospl11415.jpg,0
train,Class2,1,Motospl11215.jpg,data/processed/160x120/Class2/Motospl11215.jpg,data/splits/train/Class2/Motospl11215.jpg,0
train,Class2,1,Motospl10229.jpg,data/processed/160x120/Class2/Motospl10229.jpg,data/splits/train/Class2/Motospl10229.jpg,0
train,Class2,1,placaas11038.jpg,data/processed/160x120/Class2/placaas11038.jpg,data/splits/train/Class2/placaas11038.jpg,0
train,Class2,1,placaas10463.jpg,data/processed/160x120/Class2/placaas10463.jpg,data/splits/train/Class2/placaas10463.jpg,0
train,Class2,1,Placa59.png,data/processed/160x120/Class2/Placa59.png,data/splits/train/Class2/Placa59.png,0
train,Class2,1,Motospl12322.jpg,data/processed/160x120/Class2/Motospl12322.jpg,data/splits/train/Class2/Motospl12322.jpg,0
train,Class2,1,placaas10315.jpg,data/processed/160x120/Class2/placaas10315.jpg,data/splits/train/Class2/placaas10315.jpg,0
train,Class2,1,Placass11149.jpg,data/processed/160x120/Class2/Placass11149.jpg,data/splits/train/Class2/Placass11149.jpg,0
train,Class2,1,Motospl11017.jpg,data/processed/160x120/Class2/Motospl11017.jpg,data/splits/train/Class2/Motospl11017.jpg,0
train,Class2,1,Motospl12440.jpg,data/processed/160x120/Class2/Motospl12440.jpg,data/splits/train/Class2/Motospl12440.jpg,0
train,Class2,1,Placa48.png,data/processed/160x120/Class2/Placa48.png,data/splits/train/Class2/Placa48.png,0
train,Class2,1,Placa172.png,data/processed/160x120/Class2/Placa172.png,data/splits/train/Class2/Placa172.png,0
train,Class2,1,Placass11215.jpg,data/processed/160x120/Class2/Placass11215.jpg,data/splits/train/Class2/Placass11215.jpg,0
train,Class2,1,Motospl10082.jpg,data/processed/160x120/Class2/Motospl10082.jpg,data/splits/train/Class2/Motospl10082.jpg,0
train,Class2,1,Motospl10334.jpg,data/processed/160x120/Class2/Motospl10334.jpg,data/splits/train/Class2/Motospl10334.jpg,0
train,Class2,1,Motospl10620.jpg,data/processed/160x120/Class2/Motospl10620.jpg,data/splits/train/Class2/Motospl10620.jpg,0
train,Class2,1,Motospl10868.jpg,data/processed/160x120/Class2/Motospl10868.jpg,data/splits/train/Class2/Motospl10868.jpg,0
train,Class2,1,Motospl12406.jpg,data/processed/160x120/Class2/Motospl12406.jpg,data/splits/train/Class2/Motospl12406.jpg,0
train,Class2,1,Placas11029.jpg,data/processed/160x120/Class2/Placas11029.jpg,data/splits/train/Class2/Placas11029.jpg,0
train,Class2,1,Motospl12178.jpg,data/processed/160x120/Class2/Motospl12178.jpg,data/splits/train/Class2/Motospl12178.jpg,0
train,Class2,1,Motospl11107.jpg,data/processed/160x120/Class2/Motospl11107.jpg,data/splits/train/Class2/Motospl11107.jpg,0
train,Class2,1,Motospl10553.jpg,data/processed/160x120/Class2/Motospl10553.jpg,data/splits/train/Class2/Motospl10553.jpg,0
train,Class2,1,Motospl11649.jpg,data/processed/160x120/Class2/Motospl11649.jpg,data/splits/train/Class2/Motospl11649.jpg,0
train,Class2,1,Motospl10417.jpg,data/processed/160x120/Class2/Motospl10417.jpg,data/splits/train/Class2/Motospl10417.jpg,0
train,Class2,1,Motospl12007.jpg,data/processed/160x120/Class2/Motospl12007.jpg,data/splits/train/Class2/Motospl12007.jpg,0
train,Class2,1,Motospl10414.jpg,data/processed/160x120/Class2/Motospl10414.jpg,data/splits/train/Class2/Motospl10414.jpg,0
train,Class2,1,Motospl11054.jpg,data/processed/160x120/Class2/Motospl11054.jpg,data/splits/train/Class2/Motospl11054.jpg,0
train,Class2,1,Motospl10220.jpg,data/processed/160x120/Class2/Motospl10220.jpg,data/splits/train/Class2/Motospl10220.jpg,0
train,Class2,1,Motospl12187.jpg,data/processed/160x120/Class2/Motospl12187.jpg,data/splits/train/Class2/Motospl12187.jpg,0
train,Class2,1,Motospl10236.jpg,data/processed/160x120/Class2/Motospl10236.jpg,data/splits/train/Class2/Motospl10236.jpg,0
train,Class2,1,Motospl12006.jpg,data/processed/160x120/Class2/Motospl12006.jpg,data/splits/train/Class2/Motospl12006.jpg,0
train,Class2,1,Motospl11898.jpg,data/processed/160x120/Class2/Motospl11898.jpg,data/splits/train/Class2/Motospl11898.jpg,0
train,Class2,1,Motospl12399.jpg,data/processed/160x120/Class2/Motospl12399.jpg,data/splits/train/Class2/Motospl12399.jpg,0
train,Class2,1,placas1598.jpg,data/processed/160x120/Class2/placas1598.jpg,data/splits/train/Class2/placas1598.jpg,0
train,Class2,1,Motospl12220.jpg,data/processed/160x120/Class2/Motospl12220.jpg,data/splits/train/Class2/Motospl12220.jpg,0
train,Class2,1,Motospl10217.jpg,data/processed/160x120/Class2/Motospl10217.jpg,data/splits/train/Class2/Motospl10217.jpg,0
train,Class2,1,Motospl11962.jpg,data/processed/160x120/Class2/Motospl11962.jpg,data/splits/train/Class2/Motospl11962.jpg,0
train,Class2,1,Placass10514.jpg,data/processed/160x120/Class2/Placass10514.jpg,data/splits/train/Class2/Placass10514.jpg,0
train,Class2,1,Motospl12325.jpg,data/processed/160x120/Class2/Motospl12325.jpg,data/splits/train/Class2/Motospl12325.jpg,0
train,Class2,1,placas1703.jpg,data/processed/160x120/Class2/placas1703.jpg,data/splits/train/Class2/placas1703.jpg,0
train,Class2,1,Motospl11319.jpg,data/processed/160x120/Class2/Motospl11319.jpg,data/splits/train/Class2/Motospl11319.jpg,0
train,Class2,1,Motospl10567.jpg,data/processed/160x120/Class2/Motospl10567.jpg,data/splits/train/Class2/Motospl10567.jpg,0
train,Class2,1,Motospl12013.jpg,data/processed/160x120/Class2/Motospl12013.jpg,data/splits/train/Class2/Motospl12013.jpg,0
train,Class2,1,Motospl12014.jpg,data/processed/160x120/Class2/Motospl12014.jpg,data/splits/train/Class2/Motospl12014.jpg,0
train,Class2,1,Motospl10209.jpg,data/processed/160x120/Class2/Motospl10209.jpg,data/splits/train/Class2/Motospl10209.jpg,0
train,Class2,1,Motospl12113.jpg,data/processed/160x120/Class2/Motospl12113.jpg,data/splits/train/Class2/Motospl12113.jpg,0
train,Class2,1,Motospl11908.jpg,data/processed/160x120/Class2/Motospl11908.jpg,data/splits/train/Class2/Motospl11908.jpg,0
train,Class2,1,Placa6.png,data/processed/160x120/Class2/Placa6.png,data/splits/train/Class2/Placa6.png,0
train,Class2,1,Motospl10019.jpg,data/processed/160x120/Class2/Motospl10019.jpg,data/splits/train/Class2/Motospl10019.jpg,0
train,Class2,1,Placa207.png,data/processed/160x120/Class2/Placa207.png,data/splits/train/Class2/Placa207.png,0
train,Class2,1,Motospl11450.jpg,data/processed/160x120/Class2/Motospl11450.jpg,data/splits/train/Class2/Motospl11450.jpg,0
train,Class2,1,Motospl11471.jpg,data/processed/160x120/Class2/Motospl11471.jpg,data/splits/train/Class2/Motospl11471.jpg,0
train,Class2,1,Motospl10428.jpg,data/processed/160x120/Class2/Motospl10428.jpg,data/splits/train/Class2/Motospl10428.jpg,0
train,Class2,1,Motospl10319.jpg,data/processed/160x120/Class2/Motospl10319.jpg,data/splits/train/Class2/Motospl10319.jpg,0
train,Class2,1,Motospl11485.jpg,data/processed/160x120/Class2/Motospl11485.jpg,data/splits/train/Class2/Motospl11485.jpg,0
train,Class2,1,placas1215.jpg,data/processed/160x120/Class2/placas1215.jpg,data/splits/train/Class2/placas1215.jpg,0
train,Class2,1,Motospl10531.jpg,data/processed/160x120/Class2/Motospl10531.jpg,data/splits/train/Class2/Motospl10531.jpg,0
train,Class2,1,Motospl11158.jpg,data/processed/160x120/Class2/Motospl11158.jpg,data/splits/train/Class2/Motospl11158.jpg,0
train,Class2,1,Motospl12105.jpg,data/processed/160x120/Class2/Motospl12105.jpg,data/splits/train/Class2/Motospl12105.jpg,0
train,Class2,1,placas1359.jpg,data/processed/160x120/Class2/placas1359.jpg,data/splits/train/Class2/placas1359.jpg,0
train,Class2,1,placas1539.jpg,data/processed/160x120/Class2/placas1539.jpg,data/splits/train/Class2/placas1539.jpg,0
train,Class2,1,Motospl10882.jpg,data/processed/160x120/Class2/Motospl10882.jpg,data/splits/train/Class2/Motospl10882.jpg,0
train,Class2,1,Placas11612.jpg,data/processed/160x120/Class2/Placas11612.jpg,data/splits/train/Class2/Placas11612.jpg,0
train,Class2,1,placas1508.jpg,data/processed/160x120/Class2/placas1508.jpg,data/splits/train/Class2/placas1508.jpg,0
train,Class2,1,placas1690.jpg,data/processed/160x120/Class2/placas1690.jpg,data/splits/train/Class2/placas1690.jpg,0
train,Class2,1,Motospl10042.jpg,data/processed/160x120/Class2/Motospl10042.jpg,data/splits/train/Class2/Motospl10042.jpg,0
train,Class2,1,Placasia1011.png,data/processed/160x120/Class2/Placasia1011.png,data/splits/train/Class2/Placasia1011.png,0
train,Class2,1,Motospl12427.jpg,data/processed/160x120/Class2/Motospl12427.jpg,data/splits/train/Class2/Motospl12427.jpg,0
train,Class2,1,placas1447.jpg,data/processed/160x120/Class2/placas1447.jpg,data/splits/train/Class2/placas1447.jpg,0
train,Class2,1,Motospl10100.jpg,data/processed/160x120/Class2/Motospl10100.jpg,data/splits/train/Class2/Motospl10100.jpg,0
train,Class2,1,Placasia1016.png,data/processed/160x120/Class2/Placasia1016.png,data/splits/train/Class2/Placasia1016.png,0
train,Class2,1,Motospl10101.jpg,data/processed/160x120/Class2/Motospl10101.jpg,data/splits/train/Class2/Motospl10101.jpg,0
train,Class2,1,Motospl11320.jpg,data/processed/160x120/Class2/Motospl11320.jpg,data/splits/train/Class2/Motospl11320.jpg,0
train,Class2,1,placaas10213.jpg,data/processed/160x120/Class2/placaas10213.jpg,data/splits/train/Class2/placaas10213.jpg,0
train,Class2,1,Motospl11635.jpg,data/processed/160x120/Class2/Motospl11635.jpg,data/splits/train/Class2/Motospl11635.jpg,0
train,Class2,1,Motospl10537.jpg,data/processed/160x120/Class2/Motospl10537.jpg,data/splits/train/Class2/Motospl10537.jpg,0
train,Class2,1,Motospl11998.jpg,data/processed/160x120/Class2/Motospl11998.jpg,data/splits/train/Class2/Motospl11998.jpg,0
train,Class2,1,Motospl10794.jpg,data/processed/160x120/Class2/Motospl10794.jpg,data/splits/train/Class2/Motospl10794.jpg,0
train,Class2,1,Motospl10078.jpg,data/processed/160x120/Class2/Motospl10078.jpg,data/splits/train/Class2/Motospl10078.jpg,0
train,Class2,1,Motospl11679.jpg,data/processed/160x120/Class2/Motospl11679.jpg,data/splits/train/Class2/Motospl11679.jpg,0
train,Class2,1,Motospl11377.jpg,data/processed/160x120/Class2/Motospl11377.jpg,data/splits/train/Class2/Motospl11377.jpg,0
train,Class2,1,Motospl11992.jpg,data/processed/160x120/Class2/Motospl11992.jpg,data/splits/train/Class2/Motospl11992.jpg,0
train,Class2,1,Motospl10775.jpg,data/processed/160x120/Class2/Motospl10775.jpg,data/splits/train/Class2/Motospl10775.jpg,0
train,Class2,1,Motospl12231.jpg,data/processed/160x120/Class2/Motospl12231.jpg,data/splits/train/Class2/Motospl12231.jpg,0
train,Class2,1,Motospl10353.jpg,data/processed/160x120/Class2/Motospl10353.jpg,data/splits/train/Class2/Motospl10353.jpg,0
train,Class2,1,Motospl11068.jpg,data/processed/160x120/Class2/Motospl11068.jpg,data/splits/train/Class2/Motospl11068.jpg,0
train,Class2,1,Motospl12303.jpg,data/processed/160x120/Class2/Motospl12303.jpg,data/splits/train/Class2/Motospl12303.jpg,0
train,Class2,1,Motospl10046.jpg,data/processed/160x120/Class2/Motospl10046.jpg,data/splits/train/Class2/Motospl10046.jpg,0
train,Class2,1,Motospl11554.jpg,data/processed/160x120/Class2/Motospl11554.jpg,data/splits/train/Class2/Motospl11554.jpg,0
train,Class2,1,Motospl12179.jpg,data/processed/160x120/Class2/Motospl12179.jpg,data/splits/train/Class2/Motospl12179.jpg,0
train,Class2,1,placas1486.jpg,data/processed/160x120/Class2/placas1486.jpg,data/splits/train/Class2/placas1486.jpg,0
train,Class2,1,Motospl11540.jpg,data/processed/160x120/Class2/Motospl11540.jpg,data/splits/train/Class2/Motospl11540.jpg,0
train,Class2,1,Motospl10468.jpg,data/processed/160x120/Class2/Motospl10468.jpg,data/splits/train/Class2/Motospl10468.jpg,0
train,Class2,1,placaas10360.jpg,data/processed/160x120/Class2/placaas10360.jpg,data/splits/train/Class2/placaas10360.jpg,0
train,Class2,1,Placa53.png,data/processed/160x120/Class2/Placa53.png,data/splits/train/Class2/Placa53.png,0
train,Class2,1,Motospl11830.jpg,data/processed/160x120/Class2/Motospl11830.jpg,data/splits/train/Class2/Motospl11830.jpg,0
train,Class2,1,Motospl11722.jpg,data/processed/160x120/Class2/Motospl11722.jpg,data/splits/train/Class2/Motospl11722.jpg,0
train,Class2,1,Placasia1031.png,data/processed/160x120/Class2/Placasia1031.png,data/splits/train/Class2/Placasia1031.png,0
train,Class2,1,Motospl11988.jpg,data/processed/160x120/Class2/Motospl11988.jpg,data/splits/train/Class2/Motospl11988.jpg,0
train,Class2,1,plaacaas1081.jpg,data/processed/160x120/Class2/plaacaas1081.jpg,data/splits/train/Class2/plaacaas1081.jpg,0
train,Class2,1,Motospl10759.jpg,data/processed/160x120/Class2/Motospl10759.jpg,data/splits/train/Class2/Motospl10759.jpg,0
train,Class2,1,Motospl11038.jpg,data/processed/160x120/Class2/Motospl11038.jpg,data/splits/train/Class2/Motospl11038.jpg,0
train,Class2,1,Motospl11870.jpg,data/processed/160x120/Class2/Motospl11870.jpg,data/splits/train/Class2/Motospl11870.jpg,0
train,Class2,1,Motospl12212.jpg,data/processed/160x120/Class2/Motospl12212.jpg,data/splits/train/Class2/Motospl12212.jpg,0
train,Class2,1,Motospl11452.jpg,data/processed/160x120/Class2/Motospl11452.jpg,data/splits/train/Class2/Motospl11452.jpg,0
train,Class2,1,Motospl12058.jpg,data/processed/160x120/Class2/Motospl12058.jpg,data/splits/train/Class2/Motospl12058.jpg,0
train,Class2,1,Motospl10714.jpg,data/processed/160x120/Class2/Motospl10714.jpg,data/splits/train/Class2/Motospl10714.jpg,0
train,Class2,1,placas1576.jpg,data/processed/160x120/Class2/placas1576.jpg,data/splits/train/Class2/placas1576.jpg,0
train,Class2,1,Motospl11263.jpg,data/processed/160x120/Class2/Motospl11263.jpg,data/splits/train/Class2/Motospl11263.jpg,0
train,Class2,1,Placa167.png,data/processed/160x120/Class2/Placa167.png,data/splits/train/Class2/Placa167.png,0
train,Class2,1,Placas11055.jpg,data/processed/160x120/Class2/Placas11055.jpg,data/splits/train/Class2/Placas11055.jpg,0
train,Class2,1,Motospl12148.jpg,data/processed/160x120/Class2/Motospl12148.jpg,data/splits/train/Class2/Motospl12148.jpg,0
train,Class2,1,Motospl10611.jpg,data/processed/160x120/Class2/Motospl10611.jpg,data/splits/train/Class2/Motospl10611.jpg,0
train,Class2,1,Motospl10626.jpg,data/processed/160x120/Class2/Motospl10626.jpg,data/splits/train/Class2/Motospl10626.jpg,0
train,Class2,1,Motospl10095.jpg,data/processed/160x120/Class2/Motospl10095.jpg,data/splits/train/Class2/Motospl10095.jpg,0
train,Class2,1,Placa113.png,data/processed/160x120/Class2/Placa113.png,data/splits/train/Class2/Placa113.png,0
train,Class2,1,placaas10878.jpg,data/processed/160x120/Class2/placaas10878.jpg,data/splits/train/Class2/placaas10878.jpg,0
train,Class2,1,Placasia1019.png,data/processed/160x120/Class2/Placasia1019.png,data/splits/train/Class2/Placasia1019.png,0
train,Class2,1,Motospl10644.jpg,data/processed/160x120/Class2/Motospl10644.jpg,data/splits/train/Class2/Motospl10644.jpg,0
train,Class2,1,Motospl11247.jpg,data/processed/160x120/Class2/Motospl11247.jpg,data/splits/train/Class2/Motospl11247.jpg,0
train,Class2,1,Motospl11065.jpg,data/processed/160x120/Class2/Motospl11065.jpg,data/splits/train/Class2/Motospl11065.jpg,0
train,Class2,1,Motospl11996.jpg,data/processed/160x120/Class2/Motospl11996.jpg,data/splits/train/Class2/Motospl11996.jpg,0
train,Class2,1,Motospl10213.jpg,data/processed/160x120/Class2/Motospl10213.jpg,data/splits/train/Class2/Motospl10213.jpg,0
train,Class2,1,Placa142.png,data/processed/160x120/Class2/Placa142.png,data/splits/train/Class2/Placa142.png,0
train,Class2,1,Motospl10660.jpg,data/processed/160x120/Class2/Motospl10660.jpg,data/splits/train/Class2/Motospl10660.jpg,0
train,Class2,1,Motospl12401.jpg,data/processed/160x120/Class2/Motospl12401.jpg,data/splits/train/Class2/Motospl12401.jpg,0
train,Class2,1,Motospl12336.jpg,data/processed/160x120/Class2/Motospl12336.jpg,data/splits/train/Class2/Motospl12336.jpg,0
train,Class2,1,placaas10365.jpg,data/processed/160x120/Class2/placaas10365.jpg,data/splits/train/Class2/placaas10365.jpg,0
train,Class2,1,Motospl10522.jpg,data/processed/160x120/Class2/Motospl10522.jpg,data/splits/train/Class2/Motospl10522.jpg,0
train,Class2,1,placaas10353.jpg,data/processed/160x120/Class2/placaas10353.jpg,data/splits/train/Class2/placaas10353.jpg,0
train,Class2,1,Placass10923.jpg,data/processed/160x120/Class2/Placass10923.jpg,data/splits/train/Class2/Placass10923.jpg,0
train,Class2,1,Motospl10008.jpg,data/processed/160x120/Class2/Motospl10008.jpg,data/splits/train/Class2/Motospl10008.jpg,0
train,Class2,1,Motospl11430.jpg,data/processed/160x120/Class2/Motospl11430.jpg,data/splits/train/Class2/Motospl11430.jpg,0
train,Class2,1,Motospl10037.jpg,data/processed/160x120/Class2/Motospl10037.jpg,data/splits/train/Class2/Motospl10037.jpg,0
train,Class2,1,plaacaas1306.jpg,data/processed/160x120/Class2/plaacaas1306.jpg,data/splits/train/Class2/plaacaas1306.jpg,0
train,Class2,1,Motospl11125.jpg,data/processed/160x120/Class2/Motospl11125.jpg,data/splits/train/Class2/Motospl11125.jpg,0
train,Class2,1,Motospl11769.jpg,data/processed/160x120/Class2/Motospl11769.jpg,data/splits/train/Class2/Motospl11769.jpg,0
train,Class2,1,Motospl11605.jpg,data/processed/160x120/Class2/Motospl11605.jpg,data/splits/train/Class2/Motospl11605.jpg,0
train,Class2,1,Motospl12294.jpg,data/processed/160x120/Class2/Motospl12294.jpg,data/splits/train/Class2/Motospl12294.jpg,0
train,Class2,1,Motospl10029.jpg,data/processed/160x120/Class2/Motospl10029.jpg,data/splits/train/Class2/Motospl10029.jpg,0
train,Class2,1,placas1281.jpg,data/processed/160x120/Class2/placas1281.jpg,data/splits/train/Class2/placas1281.jpg,0
train,Class2,1,Placasm10271.jpg,data/processed/160x120/Class2/Placasm10271.jpg,data/splits/train/Class2/Placasm10271.jpg,0
train,Class2,1,Motospl10416.jpg,data/processed/160x120/Class2/Motospl10416.jpg,data/splits/train/Class2/Motospl10416.jpg,0
train,Class2,1,Motospl11131.jpg,data/processed/160x120/Class2/Motospl11131.jpg,data/splits/train/Class2/Motospl11131.jpg,0
train,Class2,1,Motospl10079.jpg,data/processed/160x120/Class2/Motospl10079.jpg,data/splits/train/Class2/Motospl10079.jpg,0
train,Class2,1,Motospl11850.jpg,data/processed/160x120/Class2/Motospl11850.jpg,data/splits/train/Class2/Motospl11850.jpg,0
train,Class2,1,Motospl10811.jpg,data/processed/160x120/Class2/Motospl10811.jpg,data/splits/train/Class2/Motospl10811.jpg,0
train,Class2,1,placas1270.jpg,data/processed/160x120/Class2/placas1270.jpg,data/splits/train/Class2/placas1270.jpg,0
train,Class2,1,Motospl10907.jpg,data/processed/160x120/Class2/Motospl10907.jpg,data/splits/train/Class2/Motospl10907.jpg,0
train,Class2,1,Motospl10854.jpg,data/processed/160x120/Class2/Motospl10854.jpg,data/splits/train/Class2/Motospl10854.jpg,0
train,Class2,1,Placa123.png,data/processed/160x120/Class2/Placa123.png,data/splits/train/Class2/Placa123.png,0
train,Class2,1,Motospl11342.jpg,data/processed/160x120/Class2/Motospl11342.jpg,data/splits/train/Class2/Motospl11342.jpg,0
train,Class2,1,Motospl10917.jpg,data/processed/160x120/Class2/Motospl10917.jpg,data/splits/train/Class2/Motospl10917.jpg,0
train,Class2,1,Motospl11301.jpg,data/processed/160x120/Class2/Motospl11301.jpg,data/splits/train/Class2/Motospl11301.jpg,0
train,Class2,1,Motospl10270.jpg,data/processed/160x120/Class2/Motospl10270.jpg,data/splits/train/Class2/Motospl10270.jpg,0
train,Class2,1,Placas11094.jpg,data/processed/160x120/Class2/Placas11094.jpg,data/splits/train/Class2/Placas11094.jpg,0
train,Class2,1,Motospl11652.jpg,data/processed/160x120/Class2/Motospl11652.jpg,data/splits/train/Class2/Motospl11652.jpg,0
train,Class2,1,Motospl11618.jpg,data/processed/160x120/Class2/Motospl11618.jpg,data/splits/train/Class2/Motospl11618.jpg,0
train,Class2,1,placas1617.jpg,data/processed/160x120/Class2/placas1617.jpg,data/splits/train/Class2/placas1617.jpg,0
train,Class2,1,Motospl11037.jpg,data/processed/160x120/Class2/Motospl11037.jpg,data/splits/train/Class2/Motospl11037.jpg,0
train,Class2,1,Motospl10330.jpg,data/processed/160x120/Class2/Motospl10330.jpg,data/splits/train/Class2/Motospl10330.jpg,0
train,Class2,1,Motospl11620.jpg,data/processed/160x120/Class2/Motospl11620.jpg,data/splits/train/Class2/Motospl11620.jpg,0
train,Class2,1,Motospl11222.jpg,data/processed/160x120/Class2/Motospl11222.jpg,data/splits/train/Class2/Motospl11222.jpg,0
train,Class2,1,Placass10200.jpg,data/processed/160x120/Class2/Placass10200.jpg,data/splits/train/Class2/Placass10200.jpg,0
train,Class2,1,Placass10506.jpg,data/processed/160x120/Class2/Placass10506.jpg,data/splits/train/Class2/Placass10506.jpg,0
train,Class2,1,Motospl11613.jpg,data/processed/160x120/Class2/Motospl11613.jpg,data/splits/train/Class2/Motospl11613.jpg,0
train,Class2,1,Placas11582.jpg,data/processed/160x120/Class2/Placas11582.jpg,data/splits/train/Class2/Placas11582.jpg,0
train,Class2,1,Motospl10575.jpg,data/processed/160x120/Class2/Motospl10575.jpg,data/splits/train/Class2/Motospl10575.jpg,0
train,Class2,1,Motospl10955.jpg,data/processed/160x120/Class2/Motospl10955.jpg,data/splits/train/Class2/Motospl10955.jpg,0
train,Class2,1,Motospl10009.jpg,data/processed/160x120/Class2/Motospl10009.jpg,data/splits/train/Class2/Motospl10009.jpg,0
train,Class2,1,placaas11182.jpg,data/processed/160x120/Class2/placaas11182.jpg,data/splits/train/Class2/placaas11182.jpg,0
train,Class2,1,placas1528.jpg,data/processed/160x120/Class2/placas1528.jpg,data/splits/train/Class2/placas1528.jpg,0
train,Class2,1,Motospl10662.jpg,data/processed/160x120/Class2/Motospl10662.jpg,data/splits/train/Class2/Motospl10662.jpg,0
train,Class2,1,Motospl10369.jpg,data/processed/160x120/Class2/Motospl10369.jpg,data/splits/train/Class2/Motospl10369.jpg,0
train,Class2,1,Motospl11336.jpg,data/processed/160x120/Class2/Motospl11336.jpg,data/splits/train/Class2/Motospl11336.jpg,0
train,Class2,1,Motospl12317.jpg,data/processed/160x120/Class2/Motospl12317.jpg,data/splits/train/Class2/Motospl12317.jpg,0
train,Class2,1,Motospl11033.jpg,data/processed/160x120/Class2/Motospl11033.jpg,data/splits/train/Class2/Motospl11033.jpg,0
train,Class2,1,Placa177.png,data/processed/160x120/Class2/Placa177.png,data/splits/train/Class2/Placa177.png,0
train,Class2,1,Motospl11651.jpg,data/processed/160x120/Class2/Motospl11651.jpg,data/splits/train/Class2/Motospl11651.jpg,0
train,Class2,1,Placass11348.jpg,data/processed/160x120/Class2/Placass11348.jpg,data/splits/train/Class2/Placass11348.jpg,0
train,Class2,1,Motospl11514.jpg,data/processed/160x120/Class2/Motospl11514.jpg,data/splits/train/Class2/Motospl11514.jpg,0
train,Class2,1,Motospl12288.jpg,data/processed/160x120/Class2/Motospl12288.jpg,data/splits/train/Class2/Motospl12288.jpg,0
train,Class2,1,placaas10202.jpg,data/processed/160x120/Class2/placaas10202.jpg,data/splits/train/Class2/placaas10202.jpg,0
train,Class2,1,Motospl10299.jpg,data/processed/160x120/Class2/Motospl10299.jpg,data/splits/train/Class2/Motospl10299.jpg,0
train,Class2,1,Placass10932.jpg,data/processed/160x120/Class2/Placass10932.jpg,data/splits/train/Class2/Placass10932.jpg,0
train,Class2,1,Motospl11206.jpg,data/processed/160x120/Class2/Motospl11206.jpg,data/splits/train/Class2/Motospl11206.jpg,0
train,Class2,1,Motospl12061.jpg,data/processed/160x120/Class2/Motospl12061.jpg,data/splits/train/Class2/Motospl12061.jpg,0
train,Class2,1,Motospl10725.jpg,data/processed/160x120/Class2/Motospl10725.jpg,data/splits/train/Class2/Motospl10725.jpg,0
train,Class2,1,Placa17.png,data/processed/160x120/Class2/Placa17.png,data/splits/train/Class2/Placa17.png,0
train,Class2,1,Motospl10287.jpg,data/processed/160x120/Class2/Motospl10287.jpg,data/splits/train/Class2/Motospl10287.jpg,0
train,Class2,1,Motospl10314.jpg,data/processed/160x120/Class2/Motospl10314.jpg,data/splits/train/Class2/Motospl10314.jpg,0
train,Class2,1,Motospl11812.jpg,data/processed/160x120/Class2/Motospl11812.jpg,data/splits/train/Class2/Motospl11812.jpg,0
train,Class2,1,Motospl12200.jpg,data/processed/160x120/Class2/Motospl12200.jpg,data/splits/train/Class2/Motospl12200.jpg,0
train,Class2,1,Motospl10112.jpg,data/processed/160x120/Class2/Motospl10112.jpg,data/splits/train/Class2/Motospl10112.jpg,0
train,Class2,1,placaas10291.jpg,data/processed/160x120/Class2/placaas10291.jpg,data/splits/train/Class2/placaas10291.jpg,0
train,Class2,1,Motospl11989.jpg,data/processed/160x120/Class2/Motospl11989.jpg,data/splits/train/Class2/Motospl11989.jpg,0
train,Class2,1,Motospl12426.jpg,data/processed/160x120/Class2/Motospl12426.jpg,data/splits/train/Class2/Motospl12426.jpg,0
train,Class2,1,Motospl10807.jpg,data/processed/160x120/Class2/Motospl10807.jpg,data/splits/train/Class2/Motospl10807.jpg,0
train,Class2,1,Motospl11972.jpg,data/processed/160x120/Class2/Motospl11972.jpg,data/splits/train/Class2/Motospl11972.jpg,0
train,Class2,1,Motospl11839.jpg,data/processed/160x120/Class2/Motospl11839.jpg,data/splits/train/Class2/Motospl11839.jpg,0
train,Class2,1,Placa41.png,data/processed/160x120/Class2/Placa41.png,data/splits/train/Class2/Placa41.png,0
train,Class2,1,Motospl11059.jpg,data/processed/160x120/Class2/Motospl11059.jpg,data/splits/train/Class2/Motospl11059.jpg,0
train,Class2,1,Motospl10405.jpg,data/processed/160x120/Class2/Motospl10405.jpg,data/splits/train/Class2/Motospl10405.jpg,0
train,Class2,1,Motospl11000.jpg,data/processed/160x120/Class2/Motospl11000.jpg,data/splits/train/Class2/Motospl11000.jpg,0
train,Class2,1,Motospl10148.jpg,data/processed/160x120/Class2/Motospl10148.jpg,data/splits/train/Class2/Motospl10148.jpg,0
train,Class2,1,Motospl11315.jpg,data/processed/160x120/Class2/Motospl11315.jpg,data/splits/train/Class2/Motospl11315.jpg,0
train,Class2,1,Motospl11230.jpg,data/processed/160x120/Class2/Motospl11230.jpg,data/splits/train/Class2/Motospl11230.jpg,0
train,Class2,1,Motospl12256.jpg,data/processed/160x120/Class2/Motospl12256.jpg,data/splits/train/Class2/Motospl12256.jpg,0
train,Class2,1,Motospl12361.jpg,data/processed/160x120/Class2/Motospl12361.jpg,data/splits/train/Class2/Motospl12361.jpg,0
train,Class2,1,Placa131.png,data/processed/160x120/Class2/Placa131.png,data/splits/train/Class2/Placa131.png,0
train,Class2,1,Placasm11137.jpg,data/processed/160x120/Class2/Placasm11137.jpg,data/splits/train/Class2/Placasm11137.jpg,0
train,Class2,1,Motospl10996.jpg,data/processed/160x120/Class2/Motospl10996.jpg,data/splits/train/Class2/Motospl10996.jpg,0
train,Class2,1,Motospl10245.jpg,data/processed/160x120/Class2/Motospl10245.jpg,data/splits/train/Class2/Motospl10245.jpg,0
train,Class2,1,Motospl11806.jpg,data/processed/160x120/Class2/Motospl11806.jpg,data/splits/train/Class2/Motospl11806.jpg,0
train,Class2,1,placas1443.jpg,data/processed/160x120/Class2/placas1443.jpg,data/splits/train/Class2/placas1443.jpg,0
train,Class2,1,Motospl10618.jpg,data/processed/160x120/Class2/Motospl10618.jpg,data/splits/train/Class2/Motospl10618.jpg,0
train,Class2,1,Motospl11241.jpg,data/processed/160x120/Class2/Motospl11241.jpg,data/splits/train/Class2/Motospl11241.jpg,0
train,Class2,1,Motospl10547.jpg,data/processed/160x120/Class2/Motospl10547.jpg,data/splits/train/Class2/Motospl10547.jpg,0
train,Class2,1,Motospl10787.jpg,data/processed/160x120/Class2/Motospl10787.jpg,data/splits/train/Class2/Motospl10787.jpg,0
train,Class2,1,Motospl10701.jpg,data/processed/160x120/Class2/Motospl10701.jpg,data/splits/train/Class2/Motospl10701.jpg,0
train,Class2,1,Placa140.png,data/processed/160x120/Class2/Placa140.png,data/splits/train/Class2/Placa140.png,0
train,Class2,1,Motospl11671.jpg,data/processed/160x120/Class2/Motospl11671.jpg,data/splits/train/Class2/Motospl11671.jpg,0
train,Class2,1,Motospl10890.jpg,data/processed/160x120/Class2/Motospl10890.jpg,data/splits/train/Class2/Motospl10890.jpg,0
train,Class2,1,Motospl10646.jpg,data/processed/160x120/Class2/Motospl10646.jpg,data/splits/train/Class2/Motospl10646.jpg,0
train,Class2,1,Motospl11847.jpg,data/processed/160x120/Class2/Motospl11847.jpg,data/splits/train/Class2/Motospl11847.jpg,0
train,Class2,1,placaas10306.jpg,data/processed/160x120/Class2/placaas10306.jpg,data/splits/train/Class2/placaas10306.jpg,0
train,Class2,1,Motospl10466.jpg,data/processed/160x120/Class2/Motospl10466.jpg,data/splits/train/Class2/Motospl10466.jpg,0
train,Class2,1,Motospl12352.jpg,data/processed/160x120/Class2/Motospl12352.jpg,data/splits/train/Class2/Motospl12352.jpg,0
train,Class2,1,Placa115.png,data/processed/160x120/Class2/Placa115.png,data/splits/train/Class2/Placa115.png,0
train,Class2,1,Motospl12239.jpg,data/processed/160x120/Class2/Motospl12239.jpg,data/splits/train/Class2/Motospl12239.jpg,0
train,Class2,1,Placa76.png,data/processed/160x120/Class2/Placa76.png,data/splits/train/Class2/Placa76.png,0
train,Class2,1,Motospl12334.jpg,data/processed/160x120/Class2/Motospl12334.jpg,data/splits/train/Class2/Motospl12334.jpg,0
train,Class2,1,Motospl11982.jpg,data/processed/160x120/Class2/Motospl11982.jpg,data/splits/train/Class2/Motospl11982.jpg,0
train,Class2,1,Motospl11437.jpg,data/processed/160x120/Class2/Motospl11437.jpg,data/splits/train/Class2/Motospl11437.jpg,0
train,Class2,1,Motospl10381.jpg,data/processed/160x120/Class2/Motospl10381.jpg,data/splits/train/Class2/Motospl10381.jpg,0
train,Class2,1,Placasm10784.jpg,data/processed/160x120/Class2/Placasm10784.jpg,data/splits/train/Class2/Placasm10784.jpg,0
train,Class2,1,Motospl11184.jpg,data/processed/160x120/Class2/Motospl11184.jpg,data/splits/train/Class2/Motospl11184.jpg,0
train,Class2,1,Motospl11715.jpg,data/processed/160x120/Class2/Motospl11715.jpg,data/splits/train/Class2/Motospl11715.jpg,0
train,Class2,1,Motospl11536.jpg,data/processed/160x120/Class2/Motospl11536.jpg,data/splits/train/Class2/Motospl11536.jpg,0
train,Class2,1,Motospl12085.jpg,data/processed/160x120/Class2/Motospl12085.jpg,data/splits/train/Class2/Motospl12085.jpg,0
train,Class2,1,Motospl11568.jpg,data/processed/160x120/Class2/Motospl11568.jpg,data/splits/train/Class2/Motospl11568.jpg,0
train,Class2,1,Motospl10267.jpg,data/processed/160x120/Class2/Motospl10267.jpg,data/splits/train/Class2/Motospl10267.jpg,0
train,Class2,1,Motospl10997.jpg,data/processed/160x120/Class2/Motospl10997.jpg,data/splits/train/Class2/Motospl10997.jpg,0
train,Class2,1,Motospl10202.jpg,data/processed/160x120/Class2/Motospl10202.jpg,data/splits/train/Class2/Motospl10202.jpg,0
train,Class2,1,Motospl10617.jpg,data/processed/160x120/Class2/Motospl10617.jpg,data/splits/train/Class2/Motospl10617.jpg,0
train,Class2,1,Placa18.png,data/processed/160x120/Class2/Placa18.png,data/splits/train/Class2/Placa18.png,0
train,Class2,1,Motospl11183.jpg,data/processed/160x120/Class2/Motospl11183.jpg,data/splits/train/Class2/Motospl11183.jpg,0
train,Class2,1,Motospl11858.jpg,data/processed/160x120/Class2/Motospl11858.jpg,data/splits/train/Class2/Motospl11858.jpg,0
train,Class2,1,Motospl11391.jpg,data/processed/160x120/Class2/Motospl11391.jpg,data/splits/train/Class2/Motospl11391.jpg,0
train,Class2,1,Motospl11784.jpg,data/processed/160x120/Class2/Motospl11784.jpg,data/splits/train/Class2/Motospl11784.jpg,0
train,Class2,1,placas1593.jpg,data/processed/160x120/Class2/placas1593.jpg,data/splits/train/Class2/placas1593.jpg,0
train,Class2,1,Motospl11794.jpg,data/processed/160x120/Class2/Motospl11794.jpg,data/splits/train/Class2/Motospl11794.jpg,0
train,Class2,1,Placas11039.jpg,data/processed/160x120/Class2/Placas11039.jpg,data/splits/train/Class2/Placas11039.jpg,0
train,Class2,1,Motospl11073.jpg,data/processed/160x120/Class2/Motospl11073.jpg,data/splits/train/Class2/Motospl11073.jpg,0
train,Class2,1,Placa84.png,data/processed/160x120/Class2/Placa84.png,data/splits/train/Class2/Placa84.png,0
train,Class2,1,Motospl12332.jpg,data/processed/160x120/Class2/Motospl12332.jpg,data/splits/train/Class2/Motospl12332.jpg,0
train,Class2,1,Motospl11925.jpg,data/processed/160x120/Class2/Motospl11925.jpg,data/splits/train/Class2/Motospl11925.jpg,0
train,Class2,1,Placa112.png,data/processed/160x120/Class2/Placa112.png,data/splits/train/Class2/Placa112.png,0
train,Class2,1,placas1248.jpg,data/processed/160x120/Class2/placas1248.jpg,data/splits/train/Class2/placas1248.jpg,0
train,Class2,1,Motospl11352.jpg,data/processed/160x120/Class2/Motospl11352.jpg,data/splits/train/Class2/Motospl11352.jpg,0
train,Class2,1,Motospl11132.jpg,data/processed/160x120/Class2/Motospl11132.jpg,data/splits/train/Class2/Motospl11132.jpg,0
train,Class2,1,placas1462.jpg,data/processed/160x120/Class2/placas1462.jpg,data/splits/train/Class2/placas1462.jpg,0
train,Class2,1,Motospl10464.jpg,data/processed/160x120/Class2/Motospl10464.jpg,data/splits/train/Class2/Motospl10464.jpg,0
train,Class2,1,Motospl11509.jpg,data/processed/160x120/Class2/Motospl11509.jpg,data/splits/train/Class2/Motospl11509.jpg,0
train,Class2,1,Motospl11538.jpg,data/processed/160x120/Class2/Motospl11538.jpg,data/splits/train/Class2/Motospl11538.jpg,0
train,Class2,1,Motospl10726.jpg,data/processed/160x120/Class2/Motospl10726.jpg,data/splits/train/Class2/Motospl10726.jpg,0
train,Class2,1,Motospl10395.jpg,data/processed/160x120/Class2/Motospl10395.jpg,data/splits/train/Class2/Motospl10395.jpg,0
train,Class2,1,Motospl11732.jpg,data/processed/160x120/Class2/Motospl11732.jpg,data/splits/train/Class2/Motospl11732.jpg,0
train,Class2,1,placaas10867.jpg,data/processed/160x120/Class2/placaas10867.jpg,data/splits/train/Class2/placaas10867.jpg,0
train,Class2,1,Motospl11498.jpg,data/processed/160x120/Class2/Motospl11498.jpg,data/splits/train/Class2/Motospl11498.jpg,0
train,Class2,1,Placa209.png,data/processed/160x120/Class2/Placa209.png,data/splits/train/Class2/Placa209.png,0
train,Class2,1,Motospl10074.jpg,data/processed/160x120/Class2/Motospl10074.jpg,data/splits/train/Class2/Motospl10074.jpg,0
train,Class2,1,Placa65.png,data/processed/160x120/Class2/Placa65.png,data/splits/train/Class2/Placa65.png,0
train,Class2,1,Motospl10822.jpg,data/processed/160x120/Class2/Motospl10822.jpg,data/splits/train/Class2/Motospl10822.jpg,0
train,Class2,1,Placass11319.jpg,data/processed/160x120/Class2/Placass11319.jpg,data/splits/train/Class2/Placass11319.jpg,0
train,Class2,1,Motospl10886.jpg,data/processed/160x120/Class2/Motospl10886.jpg,data/splits/train/Class2/Motospl10886.jpg,0
train,Class2,1,Placas11585.jpg,data/processed/160x120/Class2/Placas11585.jpg,data/splits/train/Class2/Placas11585.jpg,0
train,Class2,1,Motospl10545.jpg,data/processed/160x120/Class2/Motospl10545.jpg,data/splits/train/Class2/Motospl10545.jpg,0
train,Class2,1,Motospl12198.jpg,data/processed/160x120/Class2/Motospl12198.jpg,data/splits/train/Class2/Motospl12198.jpg,0
train,Class2,1,Motospl11053.jpg,data/processed/160x120/Class2/Motospl11053.jpg,data/splits/train/Class2/Motospl11053.jpg,0
train,Class2,1,Placa175.png,data/processed/160x120/Class2/Placa175.png,data/splits/train/Class2/Placa175.png,0
train,Class2,1,Motospl10054.jpg,data/processed/160x120/Class2/Motospl10054.jpg,data/splits/train/Class2/Motospl10054.jpg,0
train,Class2,1,Motospl12267.jpg,data/processed/160x120/Class2/Motospl12267.jpg,data/splits/train/Class2/Motospl12267.jpg,0
train,Class2,1,Motospl10292.jpg,data/processed/160x120/Class2/Motospl10292.jpg,data/splits/train/Class2/Motospl10292.jpg,0
train,Class2,1,Motospl11439.jpg,data/processed/160x120/Class2/Motospl11439.jpg,data/splits/train/Class2/Motospl11439.jpg,0
train,Class2,1,Motospl10677.jpg,data/processed/160x120/Class2/Motospl10677.jpg,data/splits/train/Class2/Motospl10677.jpg,0
train,Class2,1,Motospl11397.jpg,data/processed/160x120/Class2/Motospl11397.jpg,data/splits/train/Class2/Motospl11397.jpg,0
train,Class2,1,placas1725.jpg,data/processed/160x120/Class2/placas1725.jpg,data/splits/train/Class2/placas1725.jpg,0
train,Class2,1,Motospl11270.jpg,data/processed/160x120/Class2/Motospl11270.jpg,data/splits/train/Class2/Motospl11270.jpg,0
train,Class2,1,Motospl11718.jpg,data/processed/160x120/Class2/Motospl11718.jpg,data/splits/train/Class2/Motospl11718.jpg,0
train,Class2,1,Motospl11702.jpg,data/processed/160x120/Class2/Motospl11702.jpg,data/splits/train/Class2/Motospl11702.jpg,0
train,Class2,1,Motospl12069.jpg,data/processed/160x120/Class2/Motospl12069.jpg,data/splits/train/Class2/Motospl12069.jpg,0
train,Class2,1,Motospl11709.jpg,data/processed/160x120/Class2/Motospl11709.jpg,data/splits/train/Class2/Motospl11709.jpg,0
train,Class2,1,Motospl10118.jpg,data/processed/160x120/Class2/Motospl10118.jpg,data/splits/train/Class2/Motospl10118.jpg,0
train,Class2,1,placaas10328.jpg,data/processed/160x120/Class2/placaas10328.jpg,data/splits/train/Class2/placaas10328.jpg,0
train,Class2,1,Motospl12210.jpg,data/processed/160x120/Class2/Motospl12210.jpg,data/splits/train/Class2/Motospl12210.jpg,0
train,Class2,1,Placa147.png,data/processed/160x120/Class2/Placa147.png,data/splits/train/Class2/Placa147.png,0
train,Class2,1,placas1543.jpg,data/processed/160x120/Class2/placas1543.jpg,data/splits/train/Class2/placas1543.jpg,0
train,Class2,1,Motospl12293.jpg,data/processed/160x120/Class2/Motospl12293.jpg,data/splits/train/Class2/Motospl12293.jpg,0
train,Class2,1,Motospl10392.jpg,data/processed/160x120/Class2/Motospl10392.jpg,data/splits/train/Class2/Motospl10392.jpg,0
train,Class2,1,Motospl12005.jpg,data/processed/160x120/Class2/Motospl12005.jpg,data/splits/train/Class2/Motospl12005.jpg,0
train,Class2,1,Motospl12062.jpg,data/processed/160x120/Class2/Motospl12062.jpg,data/splits/train/Class2/Motospl12062.jpg,0
train,Class2,1,Motospl11895.jpg,data/processed/160x120/Class2/Motospl11895.jpg,data/splits/train/Class2/Motospl11895.jpg,0
train,Class2,1,Motospl11504.jpg,data/processed/160x120/Class2/Motospl11504.jpg,data/splits/train/Class2/Motospl11504.jpg,0
train,Class2,1,Motospl11388.jpg,data/processed/160x120/Class2/Motospl11388.jpg,data/splits/train/Class2/Motospl11388.jpg,0
train,Class2,1,Motospl12384.jpg,data/processed/160x120/Class2/Motospl12384.jpg,data/splits/train/Class2/Motospl12384.jpg,0
train,Class2,1,Motospl10583.jpg,data/processed/160x120/Class2/Motospl10583.jpg,data/splits/train/Class2/Motospl10583.jpg,0
train,Class2,1,Motospl11827.jpg,data/processed/160x120/Class2/Motospl11827.jpg,data/splits/train/Class2/Motospl11827.jpg,0
train,Class2,1,Motospl10688.jpg,data/processed/160x120/Class2/Motospl10688.jpg,data/splits/train/Class2/Motospl10688.jpg,0
train,Class2,1,Motospl11356.jpg,data/processed/160x120/Class2/Motospl11356.jpg,data/splits/train/Class2/Motospl11356.jpg,0
train,Class2,1,Motospl10582.jpg,data/processed/160x120/Class2/Motospl10582.jpg,data/splits/train/Class2/Motospl10582.jpg,0
train,Class2,1,Placa133.png,data/processed/160x120/Class2/Placa133.png,data/splits/train/Class2/Placa133.png,0
train,Class2,1,Motospl10133.jpg,data/processed/160x120/Class2/Motospl10133.jpg,data/splits/train/Class2/Motospl10133.jpg,0
train,Class2,1,Motospl11019.jpg,data/processed/160x120/Class2/Motospl11019.jpg,data/splits/train/Class2/Motospl11019.jpg,0
train,Class2,1,Motospl10224.jpg,data/processed/160x120/Class2/Motospl10224.jpg,data/splits/train/Class2/Motospl10224.jpg,0
train,Class2,1,Motospl11447.jpg,data/processed/160x120/Class2/Motospl11447.jpg,data/splits/train/Class2/Motospl11447.jpg,0
train,Class2,1,Motospl10627.jpg,data/processed/160x120/Class2/Motospl10627.jpg,data/splits/train/Class2/Motospl10627.jpg,0
train,Class2,1,Motospl10594.jpg,data/processed/160x120/Class2/Motospl10594.jpg,data/splits/train/Class2/Motospl10594.jpg,0
train,Class2,1,Motospl11289.jpg,data/processed/160x120/Class2/Motospl11289.jpg,data/splits/train/Class2/Motospl11289.jpg,0
train,Class2,1,Motospl12099.jpg,data/processed/160x120/Class2/Motospl12099.jpg,data/splits/train/Class2/Motospl12099.jpg,0
train,Class2,1,Motospl12290.jpg,data/processed/160x120/Class2/Motospl12290.jpg,data/splits/train/Class2/Motospl12290.jpg,0
train,Class2,1,Motospl11189.jpg,data/processed/160x120/Class2/Motospl11189.jpg,data/splits/train/Class2/Motospl11189.jpg,0
train,Class2,1,Placa122.png,data/processed/160x120/Class2/Placa122.png,data/splits/train/Class2/Placa122.png,0
train,Class2,1,Placa44.png,data/processed/160x120/Class2/Placa44.png,data/splits/train/Class2/Placa44.png,0
train,Class2,1,Motospl11790.jpg,data/processed/160x120/Class2/Motospl11790.jpg,data/splits/train/Class2/Motospl11790.jpg,0
train,Class2,1,placaas11220.jpg,data/processed/160x120/Class2/placaas11220.jpg,data/splits/train/Class2/placaas11220.jpg,0
train,Class2,1,Motospl11082.jpg,data/processed/160x120/Class2/Motospl11082.jpg,data/splits/train/Class2/Motospl11082.jpg,0
train,Class2,1,Motospl12266.jpg,data/processed/160x120/Class2/Motospl12266.jpg,data/splits/train/Class2/Motospl12266.jpg,0
train,Class2,1,Motospl10212.jpg,data/processed/160x120/Class2/Motospl10212.jpg,data/splits/train/Class2/Motospl10212.jpg,0
train,Class2,1,Motospl11239.jpg,data/processed/160x120/Class2/Motospl11239.jpg,data/splits/train/Class2/Motospl11239.jpg,0
train,Class2,1,Motospl10841.jpg,data/processed/160x120/Class2/Motospl10841.jpg,data/splits/train/Class2/Motospl10841.jpg,0
train,Class2,1,placas1493.jpg,data/processed/160x120/Class2/placas1493.jpg,data/splits/train/Class2/placas1493.jpg,0
train,Class2,1,Motospl11749.jpg,data/processed/160x120/Class2/Motospl11749.jpg,data/splits/train/Class2/Motospl11749.jpg,0
train,Class2,1,Motospl11102.jpg,data/processed/160x120/Class2/Motospl11102.jpg,data/splits/train/Class2/Motospl11102.jpg,0
train,Class2,1,Motospl11431.jpg,data/processed/160x120/Class2/Motospl11431.jpg,data/splits/train/Class2/Motospl11431.jpg,0
train,Class2,1,Motospl10636.jpg,data/processed/160x120/Class2/Motospl10636.jpg,data/splits/train/Class2/Motospl10636.jpg,0
train,Class2,1,Motospl10988.jpg,data/processed/160x120/Class2/Motospl10988.jpg,data/splits/train/Class2/Motospl10988.jpg,0
train,Class2,1,Placa196.png,data/processed/160x120/Class2/Placa196.png,data/splits/train/Class2/Placa196.png,0
train,Class2,1,Motospl12043.jpg,data/processed/160x120/Class2/Motospl12043.jpg,data/splits/train/Class2/Motospl12043.jpg,0
train,Class2,1,Motospl10971.jpg,data/processed/160x120/Class2/Motospl10971.jpg,data/splits/train/Class2/Motospl10971.jpg,0
train,Class2,1,placas1451.jpg,data/processed/160x120/Class2/placas1451.jpg,data/splits/train/Class2/placas1451.jpg,0
train,Class2,1,Motospl11807.jpg,data/processed/160x120/Class2/Motospl11807.jpg,data/splits/train/Class2/Motospl11807.jpg,0
train,Class2,1,placaas10756.jpg,data/processed/160x120/Class2/placaas10756.jpg,data/splits/train/Class2/placaas10756.jpg,0
train,Class2,1,Motospl11901.jpg,data/processed/160x120/Class2/Motospl11901.jpg,data/splits/train/Class2/Motospl11901.jpg,0
train,Class2,1,Placass10945.jpg,data/processed/160x120/Class2/Placass10945.jpg,data/splits/train/Class2/Placass10945.jpg,0
train,Class2,1,Motospl10578.jpg,data/processed/160x120/Class2/Motospl10578.jpg,data/splits/train/Class2/Motospl10578.jpg,0
train,Class2,1,Motospl11361.jpg,data/processed/160x120/Class2/Motospl11361.jpg,data/splits/train/Class2/Motospl11361.jpg,0
train,Class2,1,Motospl11500.jpg,data/processed/160x120/Class2/Motospl11500.jpg,data/splits/train/Class2/Motospl11500.jpg,0
train,Class2,1,Motospl11508.jpg,data/processed/160x120/Class2/Motospl11508.jpg,data/splits/train/Class2/Motospl11508.jpg,0
train,Class2,1,Placasia1023.png,data/processed/160x120/Class2/Placasia1023.png,data/splits/train/Class2/Placasia1023.png,0
train,Class2,1,Motospl12002.jpg,data/processed/160x120/Class2/Motospl12002.jpg,data/splits/train/Class2/Motospl12002.jpg,0
train,Class2,1,Motospl11708.jpg,data/processed/160x120/Class2/Motospl11708.jpg,data/splits/train/Class2/Motospl11708.jpg,0
train,Class2,1,Motospl11287.jpg,data/processed/160x120/Class2/Motospl11287.jpg,data/splits/train/Class2/Motospl11287.jpg,0
train,Class2,1,Motospl12204.jpg,data/processed/160x120/Class2/Motospl12204.jpg,data/splits/train/Class2/Motospl12204.jpg,0
train,Class2,1,Motospl10467.jpg,data/processed/160x120/Class2/Motospl10467.jpg,data/splits/train/Class2/Motospl10467.jpg,0
train,Class2,1,Motospl10017.jpg,data/processed/160x120/Class2/Motospl10017.jpg,data/splits/train/Class2/Motospl10017.jpg,0
train,Class2,1,Placa15.png,data/processed/160x120/Class2/Placa15.png,data/splits/train/Class2/Placa15.png,0
train,Class2,1,Motospl11273.jpg,data/processed/160x120/Class2/Motospl11273.jpg,data/splits/train/Class2/Motospl11273.jpg,0
train,Class2,1,Motospl10361.jpg,data/processed/160x120/Class2/Motospl10361.jpg,data/splits/train/Class2/Motospl10361.jpg,0
train,Class2,1,Placa162.png,data/processed/160x120/Class2/Placa162.png,data/splits/train/Class2/Placa162.png,0
train,Class2,1,Placasia1006.png,data/processed/160x120/Class2/Placasia1006.png,data/splits/train/Class2/Placasia1006.png,0
train,Class2,1,Motospl11935.jpg,data/processed/160x120/Class2/Motospl11935.jpg,data/splits/train/Class2/Motospl11935.jpg,0
train,Class2,1,placaas10310.jpg,data/processed/160x120/Class2/placaas10310.jpg,data/splits/train/Class2/placaas10310.jpg,0
train,Class2,1,placas1423.jpg,data/processed/160x120/Class2/placas1423.jpg,data/splits/train/Class2/placas1423.jpg,0
train,Class2,1,Motospl11442.jpg,data/processed/160x120/Class2/Motospl11442.jpg,data/splits/train/Class2/Motospl11442.jpg,0
train,Class2,1,placas1014.jpg,data/processed/160x120/Class2/placas1014.jpg,data/splits/train/Class2/placas1014.jpg,0
train,Class2,1,Motospl12052.jpg,data/processed/160x120/Class2/Motospl12052.jpg,data/splits/train/Class2/Motospl12052.jpg,0
train,Class2,1,Motospl11654.jpg,data/processed/160x120/Class2/Motospl11654.jpg,data/splits/train/Class2/Motospl11654.jpg,0
train,Class2,1,placas1436.jpg,data/processed/160x120/Class2/placas1436.jpg,data/splits/train/Class2/placas1436.jpg,0
train,Class2,1,Motospl10043.jpg,data/processed/160x120/Class2/Motospl10043.jpg,data/splits/train/Class2/Motospl10043.jpg,0
train,Class2,1,Motospl12324.jpg,data/processed/160x120/Class2/Motospl12324.jpg,data/splits/train/Class2/Motospl12324.jpg,0
train,Class2,1,Motospl10867.jpg,data/processed/160x120/Class2/Motospl10867.jpg,data/splits/train/Class2/Motospl10867.jpg,0
train,Class2,1,Motospl11379.jpg,data/processed/160x120/Class2/Motospl11379.jpg,data/splits/train/Class2/Motospl11379.jpg,0
train,Class2,1,Motospl10566.jpg,data/processed/160x120/Class2/Motospl10566.jpg,data/splits/train/Class2/Motospl10566.jpg,0
train,Class2,1,Motospl10431.jpg,data/processed/160x120/Class2/Motospl10431.jpg,data/splits/train/Class2/Motospl10431.jpg,0
train,Class2,1,Motospl11432.jpg,data/processed/160x120/Class2/Motospl11432.jpg,data/splits/train/Class2/Motospl11432.jpg,0
train,Class2,1,Placasm10812.jpg,data/processed/160x120/Class2/Placasm10812.jpg,data/splits/train/Class2/Placasm10812.jpg,0
train,Class2,1,Motospl12381.jpg,data/processed/160x120/Class2/Motospl12381.jpg,data/splits/train/Class2/Motospl12381.jpg,0
train,Class2,1,Motospl10462.jpg,data/processed/160x120/Class2/Motospl10462.jpg,data/splits/train/Class2/Motospl10462.jpg,0
train,Class2,1,Motospl11818.jpg,data/processed/160x120/Class2/Motospl11818.jpg,data/splits/train/Class2/Motospl11818.jpg,0
train,Class2,1,Motospl10447.jpg,data/processed/160x120/Class2/Motospl10447.jpg,data/splits/train/Class2/Motospl10447.jpg,0
train,Class2,1,Motospl12048.jpg,data/processed/160x120/Class2/Motospl12048.jpg,data/splits/train/Class2/Motospl12048.jpg,0
train,Class2,1,Motospl11653.jpg,data/processed/160x120/Class2/Motospl11653.jpg,data/splits/train/Class2/Motospl11653.jpg,0
train,Class2,1,Motospl12177.jpg,data/processed/160x120/Class2/Motospl12177.jpg,data/splits/train/Class2/Motospl12177.jpg,0
train,Class2,1,Motospl11811.jpg,data/processed/160x120/Class2/Motospl11811.jpg,data/splits/train/Class2/Motospl11811.jpg,0
train,Class2,1,Motospl10339.jpg,data/processed/160x120/Class2/Motospl10339.jpg,data/splits/train/Class2/Motospl10339.jpg,0
train,Class2,1,Motospl10103.jpg,data/processed/160x120/Class2/Motospl10103.jpg,data/splits/train/Class2/Motospl10103.jpg,0
train,Class2,1,Motospl10817.jpg,data/processed/160x120/Class2/Motospl10817.jpg,data/splits/train/Class2/Motospl10817.jpg,0
train,Class2,1,Placasia1047.png,data/processed/160x120/Class2/Placasia1047.png,data/splits/train/Class2/Placasia1047.png,0
train,Class2,1,Placas11578.jpg,data/processed/160x120/Class2/Placas11578.jpg,data/splits/train/Class2/Placas11578.jpg,0
train,Class2,1,Motospl10188.jpg,data/processed/160x120/Class2/Motospl10188.jpg,data/splits/train/Class2/Motospl10188.jpg,0
train,Class2,1,Motospl11456.jpg,data/processed/160x120/Class2/Motospl11456.jpg,data/splits/train/Class2/Motospl11456.jpg,0
train,Class2,1,Placasia1034.png,data/processed/160x120/Class2/Placasia1034.png,data/splits/train/Class2/Placasia1034.png,0
train,Class2,1,Motospl11587.jpg,data/processed/160x120/Class2/Motospl11587.jpg,data/splits/train/Class2/Motospl11587.jpg,0
train,Class2,1,Motospl10543.jpg,data/processed/160x120/Class2/Motospl10543.jpg,data/splits/train/Class2/Motospl10543.jpg,0
train,Class2,1,Motospl11899.jpg,data/processed/160x120/Class2/Motospl11899.jpg,data/splits/train/Class2/Motospl11899.jpg,0
train,Class2,1,Motospl11778.jpg,data/processed/160x120/Class2/Motospl11778.jpg,data/splits/train/Class2/Motospl11778.jpg,0
train,Class2,1,Motospl10340.jpg,data/processed/160x120/Class2/Motospl10340.jpg,data/splits/train/Class2/Motospl10340.jpg,0
train,Class2,1,Placas11286.jpg,data/processed/160x120/Class2/Placas11286.jpg,data/splits/train/Class2/Placas11286.jpg,0
train,Class2,1,Motospl10740.jpg,data/processed/160x120/Class2/Motospl10740.jpg,data/splits/train/Class2/Motospl10740.jpg,0
train,Class2,1,Motospl11167.jpg,data/processed/160x120/Class2/Motospl11167.jpg,data/splits/train/Class2/Motospl11167.jpg,0
train,Class2,1,Motospl11243.jpg,data/processed/160x120/Class2/Motospl11243.jpg,data/splits/train/Class2/Motospl11243.jpg,0
train,Class2,1,Motospl11004.jpg,data/processed/160x120/Class2/Motospl11004.jpg,data/splits/train/Class2/Motospl11004.jpg,0
train,Class2,1,Motospl11845.jpg,data/processed/160x120/Class2/Motospl11845.jpg,data/splits/train/Class2/Motospl11845.jpg,0
train,Class2,1,Motospl12262.jpg,data/processed/160x120/Class2/Motospl12262.jpg,data/splits/train/Class2/Motospl12262.jpg,0
train,Class2,1,placaas10388.jpg,data/processed/160x120/Class2/placaas10388.jpg,data/splits/train/Class2/placaas10388.jpg,0
train,Class2,1,Motospl10943.jpg,data/processed/160x120/Class2/Motospl10943.jpg,data/splits/train/Class2/Motospl10943.jpg,0
train,Class2,1,Motospl11258.jpg,data/processed/160x120/Class2/Motospl11258.jpg,data/splits/train/Class2/Motospl11258.jpg,0
train,Class2,1,Placas11062.jpg,data/processed/160x120/Class2/Placas11062.jpg,data/splits/train/Class2/Placas11062.jpg,0
train,Class2,1,Motospl10788.jpg,data/processed/160x120/Class2/Motospl10788.jpg,data/splits/train/Class2/Motospl10788.jpg,0
train,Class2,1,Motospl10506.jpg,data/processed/160x120/Class2/Motospl10506.jpg,data/splits/train/Class2/Motospl10506.jpg,0
train,Class2,1,Motospl10064.jpg,data/processed/160x120/Class2/Motospl10064.jpg,data/splits/train/Class2/Motospl10064.jpg,0
train,Class2,1,Motospl12383.jpg,data/processed/160x120/Class2/Motospl12383.jpg,data/splits/train/Class2/Motospl12383.jpg,0
train,Class2,1,Motospl10257.jpg,data/processed/160x120/Class2/Motospl10257.jpg,data/splits/train/Class2/Motospl10257.jpg,0
train,Class2,1,Motospl11959.jpg,data/processed/160x120/Class2/Motospl11959.jpg,data/splits/train/Class2/Motospl11959.jpg,0
train,Class2,1,Motospl11346.jpg,data/processed/160x120/Class2/Motospl11346.jpg,data/splits/train/Class2/Motospl11346.jpg,0
train,Class2,1,Motospl10840.jpg,data/processed/160x120/Class2/Motospl10840.jpg,data/splits/train/Class2/Motospl10840.jpg,0
train,Class2,1,placas1697.jpg,data/processed/160x120/Class2/placas1697.jpg,data/splits/train/Class2/placas1697.jpg,0
train,Class2,1,Motospl10981.jpg,data/processed/160x120/Class2/Motospl10981.jpg,data/splits/train/Class2/Motospl10981.jpg,0
train,Class2,1,Placass10358.jpg,data/processed/160x120/Class2/Placass10358.jpg,data/splits/train/Class2/Placass10358.jpg,0
train,Class2,1,Motospl10779.jpg,data/processed/160x120/Class2/Motospl10779.jpg,data/splits/train/Class2/Motospl10779.jpg,0
train,Class2,1,Placass10796.jpg,data/processed/160x120/Class2/Placass10796.jpg,data/splits/train/Class2/Placass10796.jpg,0
train,Class2,1,Placass11343.jpg,data/processed/160x120/Class2/Placass11343.jpg,data/splits/train/Class2/Placass11343.jpg,0
train,Class2,1,Motospl11491.jpg,data/processed/160x120/Class2/Motospl11491.jpg,data/splits/train/Class2/Motospl11491.jpg,0
train,Class2,1,Motospl10762.jpg,data/processed/160x120/Class2/Motospl10762.jpg,data/splits/train/Class2/Motospl10762.jpg,0
train,Class2,1,Motospl11949.jpg,data/processed/160x120/Class2/Motospl11949.jpg,data/splits/train/Class2/Motospl11949.jpg,0
train,Class2,1,Motospl10105.jpg,data/processed/160x120/Class2/Motospl10105.jpg,data/splits/train/Class2/Motospl10105.jpg,0
train,Class2,1,Motospl10965.jpg,data/processed/160x120/Class2/Motospl10965.jpg,data/splits/train/Class2/Motospl10965.jpg,0
train,Class2,1,Motospl10069.jpg,data/processed/160x120/Class2/Motospl10069.jpg,data/splits/train/Class2/Motospl10069.jpg,0
train,Class2,1,Motospl11056.jpg,data/processed/160x120/Class2/Motospl11056.jpg,data/splits/train/Class2/Motospl11056.jpg,0
train,Class2,1,Motospl10239.jpg,data/processed/160x120/Class2/Motospl10239.jpg,data/splits/train/Class2/Motospl10239.jpg,0
train,Class2,1,Motospl10850.jpg,data/processed/160x120/Class2/Motospl10850.jpg,data/splits/train/Class2/Motospl10850.jpg,0
train,Class2,1,Motospl12205.jpg,data/processed/160x120/Class2/Motospl12205.jpg,data/splits/train/Class2/Motospl12205.jpg,0
train,Class2,1,Placa25.png,data/processed/160x120/Class2/Placa25.png,data/splits/train/Class2/Placa25.png,0
train,Class2,1,Motospl10120.jpg,data/processed/160x120/Class2/Motospl10120.jpg,data/splits/train/Class2/Motospl10120.jpg,0
train,Class2,1,plaacaas1304.jpg,data/processed/160x120/Class2/plaacaas1304.jpg,data/splits/train/Class2/plaacaas1304.jpg,0
train,Class2,1,Motospl11712.jpg,data/processed/160x120/Class2/Motospl11712.jpg,data/splits/train/Class2/Motospl11712.jpg,0
train,Class2,1,Motospl11318.jpg,data/processed/160x120/Class2/Motospl11318.jpg,data/splits/train/Class2/Motospl11318.jpg,0
train,Class2,1,Motospl10273.jpg,data/processed/160x120/Class2/Motospl10273.jpg,data/splits/train/Class2/Motospl10273.jpg,0
train,Class2,1,placas1457.jpg,data/processed/160x120/Class2/placas1457.jpg,data/splits/train/Class2/placas1457.jpg,0
train,Class2,1,Placass11157.jpg,data/processed/160x120/Class2/Placass11157.jpg,data/splits/train/Class2/Placass11157.jpg,0
train,Class2,1,Motospl11585.jpg,data/processed/160x120/Class2/Motospl11585.jpg,data/splits/train/Class2/Motospl11585.jpg,0
train,Class2,1,placas1691.jpg,data/processed/160x120/Class2/placas1691.jpg,data/splits/train/Class2/placas1691.jpg,0
train,Class2,1,Motospl11728.jpg,data/processed/160x120/Class2/Motospl11728.jpg,data/splits/train/Class2/Motospl11728.jpg,0
train,Class2,1,Motospl10894.jpg,data/processed/160x120/Class2/Motospl10894.jpg,data/splits/train/Class2/Motospl10894.jpg,0
train,Class2,1,Motospl11875.jpg,data/processed/160x120/Class2/Motospl11875.jpg,data/splits/train/Class2/Motospl11875.jpg,0
train,Class2,1,Motospl10795.jpg,data/processed/160x120/Class2/Motospl10795.jpg,data/splits/train/Class2/Motospl10795.jpg,0
train,Class2,1,Placass10926.jpg,data/processed/160x120/Class2/Placass10926.jpg,data/splits/train/Class2/Placass10926.jpg,0
train,Class2,1,Motospl11770.jpg,data/processed/160x120/Class2/Motospl11770.jpg,data/splits/train/Class2/Motospl11770.jpg,0
train,Class2,1,Motospl11141.jpg,data/processed/160x120/Class2/Motospl11141.jpg,data/splits/train/Class2/Motospl11141.jpg,0
train,Class2,1,Motospl11359.jpg,data/processed/160x120/Class2/Motospl11359.jpg,data/splits/train/Class2/Motospl11359.jpg,0
train,Class2,1,Motospl11881.jpg,data/processed/160x120/Class2/Motospl11881.jpg,data/splits/train/Class2/Motospl11881.jpg,0
train,Class2,1,Motospl11272.jpg,data/processed/160x120/Class2/Motospl11272.jpg,data/splits/train/Class2/Motospl11272.jpg,0
train,Class2,1,Motospl10565.jpg,data/processed/160x120/Class2/Motospl10565.jpg,data/splits/train/Class2/Motospl10565.jpg,0
train,Class2,1,Motospl10964.jpg,data/processed/160x120/Class2/Motospl10964.jpg,data/splits/train/Class2/Motospl10964.jpg,0
train,Class2,1,Motospl10409.jpg,data/processed/160x120/Class2/Motospl10409.jpg,data/splits/train/Class2/Motospl10409.jpg,0
train,Class2,1,Motospl12086.jpg,data/processed/160x120/Class2/Motospl12086.jpg,data/splits/train/Class2/Motospl12086.jpg,0
train,Class2,1,Motospl11188.jpg,data/processed/160x120/Class2/Motospl11188.jpg,data/splits/train/Class2/Motospl11188.jpg,0
train,Class2,1,Motospl11317.jpg,data/processed/160x120/Class2/Motospl11317.jpg,data/splits/train/Class2/Motospl11317.jpg,0
train,Class2,1,Motospl11283.jpg,data/processed/160x120/Class2/Motospl11283.jpg,data/splits/train/Class2/Motospl11283.jpg,0
train,Class2,1,Placass11406.jpg,data/processed/160x120/Class2/Placass11406.jpg,data/splits/train/Class2/Placass11406.jpg,0
train,Class2,1,Motospl12302.jpg,data/processed/160x120/Class2/Motospl12302.jpg,data/splits/train/Class2/Motospl12302.jpg,0
train,Class2,1,Placa34.png,data/processed/160x120/Class2/Placa34.png,data/splits/train/Class2/Placa34.png,0
train,Class2,1,Placas11336.jpg,data/processed/160x120/Class2/Placas11336.jpg,data/splits/train/Class2/Placas11336.jpg,0
train,Class2,1,Motospl12017.jpg,data/processed/160x120/Class2/Motospl12017.jpg,data/splits/train/Class2/Motospl12017.jpg,0
train,Class2,1,Motospl10204.jpg,data/processed/160x120/Class2/Motospl10204.jpg,data/splits/train/Class2/Motospl10204.jpg,0
train,Class2,1,Motospl11006.jpg,data/processed/160x120/Class2/Motospl11006.jpg,data/splits/train/Class2/Motospl11006.jpg,0
train,Class2,1,Motospl11402.jpg,data/processed/160x120/Class2/Motospl11402.jpg,data/splits/train/Class2/Motospl11402.jpg,0
train,Class2,1,Motospl11678.jpg,data/processed/160x120/Class2/Motospl11678.jpg,data/splits/train/Class2/Motospl11678.jpg,0
train,Class2,1,Motospl10161.jpg,data/processed/160x120/Class2/Motospl10161.jpg,data/splits/train/Class2/Motospl10161.jpg,0
train,Class2,1,Motospl11704.jpg,data/processed/160x120/Class2/Motospl11704.jpg,data/splits/train/Class2/Motospl11704.jpg,0
train,Class2,1,Motospl10605.jpg,data/processed/160x120/Class2/Motospl10605.jpg,data/splits/train/Class2/Motospl10605.jpg,0
train,Class2,1,plaacaas1070.jpg,data/processed/160x120/Class2/plaacaas1070.jpg,data/splits/train/Class2/plaacaas1070.jpg,0
train,Class2,1,Motospl11166.jpg,data/processed/160x120/Class2/Motospl11166.jpg,data/splits/train/Class2/Motospl11166.jpg,0
train,Class2,1,Motospl10729.jpg,data/processed/160x120/Class2/Motospl10729.jpg,data/splits/train/Class2/Motospl10729.jpg,0
train,Class2,1,Motospl10156.jpg,data/processed/160x120/Class2/Motospl10156.jpg,data/splits/train/Class2/Motospl10156.jpg,0
train,Class2,1,Motospl12008.jpg,data/processed/160x120/Class2/Motospl12008.jpg,data/splits/train/Class2/Motospl12008.jpg,0
train,Class2,1,Motospl12060.jpg,data/processed/160x120/Class2/Motospl12060.jpg,data/splits/train/Class2/Motospl12060.jpg,0
train,Class2,1,plaacaas1103.jpg,data/processed/160x120/Class2/plaacaas1103.jpg,data/splits/train/Class2/plaacaas1103.jpg,0
train,Class2,1,Motospl11119.jpg,data/processed/160x120/Class2/Motospl11119.jpg,data/splits/train/Class2/Motospl11119.jpg,0
train,Class2,1,Motospl11744.jpg,data/processed/160x120/Class2/Motospl11744.jpg,data/splits/train/Class2/Motospl11744.jpg,0
train,Class2,1,Motospl12227.jpg,data/processed/160x120/Class2/Motospl12227.jpg,data/splits/train/Class2/Motospl12227.jpg,0
train,Class2,1,Motospl11211.jpg,data/processed/160x120/Class2/Motospl11211.jpg,data/splits/train/Class2/Motospl11211.jpg,0
train,Class2,1,Motospl12369.jpg,data/processed/160x120/Class2/Motospl12369.jpg,data/splits/train/Class2/Motospl12369.jpg,0
train,Class2,1,Placa194.png,data/processed/160x120/Class2/Placa194.png,data/splits/train/Class2/Placa194.png,0
train,Class2,1,Motospl12422.jpg,data/processed/160x120/Class2/Motospl12422.jpg,data/splits/train/Class2/Motospl12422.jpg,0
train,Class2,1,Placa174.png,data/processed/160x120/Class2/Placa174.png,data/splits/train/Class2/Placa174.png,0
train,Class2,1,Motospl10628.jpg,data/processed/160x120/Class2/Motospl10628.jpg,data/splits/train/Class2/Motospl10628.jpg,0
train,Class2,1,Motospl11760.jpg,data/processed/160x120/Class2/Motospl11760.jpg,data/splits/train/Class2/Motospl11760.jpg,0
train,Class2,1,Motospl10469.jpg,data/processed/160x120/Class2/Motospl10469.jpg,data/splits/train/Class2/Motospl10469.jpg,0
train,Class2,1,Motospl12318.jpg,data/processed/160x120/Class2/Motospl12318.jpg,data/splits/train/Class2/Motospl12318.jpg,0
train,Class2,1,Placass11086.jpg,data/processed/160x120/Class2/Placass11086.jpg,data/splits/train/Class2/Placass11086.jpg,0
train,Class2,1,Motospl11945.jpg,data/processed/160x120/Class2/Motospl11945.jpg,data/splits/train/Class2/Motospl11945.jpg,0
train,Class2,1,Motospl11170.jpg,data/processed/160x120/Class2/Motospl11170.jpg,data/splits/train/Class2/Motospl11170.jpg,0
train,Class2,1,placas1326.jpg,data/processed/160x120/Class2/placas1326.jpg,data/splits/train/Class2/placas1326.jpg,0
train,Class2,1,Motospl11685.jpg,data/processed/160x120/Class2/Motospl11685.jpg,data/splits/train/Class2/Motospl11685.jpg,0
train,Class2,1,Motospl11645.jpg,data/processed/160x120/Class2/Motospl11645.jpg,data/splits/train/Class2/Motospl11645.jpg,0
train,Class2,1,placaas10318.jpg,data/processed/160x120/Class2/placaas10318.jpg,data/splits/train/Class2/placaas10318.jpg,0
train,Class2,1,Motospl10280.jpg,data/processed/160x120/Class2/Motospl10280.jpg,data/splits/train/Class2/Motospl10280.jpg,0
train,Class2,1,Motospl11354.jpg,data/processed/160x120/Class2/Motospl11354.jpg,data/splits/train/Class2/Motospl11354.jpg,0
train,Class2,1,Motospl11091.jpg,data/processed/160x120/Class2/Motospl11091.jpg,data/splits/train/Class2/Motospl11091.jpg,0
train,Class2,1,Motospl12378.jpg,data/processed/160x120/Class2/Motospl12378.jpg,data/splits/train/Class2/Motospl12378.jpg,0
train,Class2,1,Motospl10855.jpg,data/processed/160x120/Class2/Motospl10855.jpg,data/splits/train/Class2/Motospl10855.jpg,0
train,Class2,1,Motospl11846.jpg,data/processed/160x120/Class2/Motospl11846.jpg,data/splits/train/Class2/Motospl11846.jpg,0
train,Class2,1,Motospl10326.jpg,data/processed/160x120/Class2/Motospl10326.jpg,data/splits/train/Class2/Motospl10326.jpg,0
train,Class2,1,Placass10201.jpg,data/processed/160x120/Class2/Placass10201.jpg,data/splits/train/Class2/Placass10201.jpg,0
train,Class2,1,Placa198.png,data/processed/160x120/Class2/Placa198.png,data/splits/train/Class2/Placa198.png,0
train,Class2,1,Motospl10530.jpg,data/processed/160x120/Class2/Motospl10530.jpg,data/splits/train/Class2/Motospl10530.jpg,0
train,Class2,1,Motospl10815.jpg,data/processed/160x120/Class2/Motospl10815.jpg,data/splits/train/Class2/Motospl10815.jpg,0
train,Class2,1,Placass11549.jpg,data/processed/160x120/Class2/Placass11549.jpg,data/splits/train/Class2/Placass11549.jpg,0
train,Class2,1,Motospl10707.jpg,data/processed/160x120/Class2/Motospl10707.jpg,data/splits/train/Class2/Motospl10707.jpg,0
train,Class2,1,Motospl10732.jpg,data/processed/160x120/Class2/Motospl10732.jpg,data/splits/train/Class2/Motospl10732.jpg,0
train,Class2,1,placas1666.jpg,data/processed/160x120/Class2/placas1666.jpg,data/splits/train/Class2/placas1666.jpg,0
train,Class2,1,Motospl10503.jpg,data/processed/160x120/Class2/Motospl10503.jpg,data/splits/train/Class2/Motospl10503.jpg,0
train,Class2,1,Motospl10619.jpg,data/processed/160x120/Class2/Motospl10619.jpg,data/splits/train/Class2/Motospl10619.jpg,0
train,Class2,1,Motospl12194.jpg,data/processed/160x120/Class2/Motospl12194.jpg,data/splits/train/Class2/Motospl12194.jpg,0
train,Class2,1,Placa87.png,data/processed/160x120/Class2/Placa87.png,data/splits/train/Class2/Placa87.png,0
train,Class2,1,Motospl10145.jpg,data/processed/160x120/Class2/Motospl10145.jpg,data/splits/train/Class2/Motospl10145.jpg,0
train,Class2,1,Placa130.png,data/processed/160x120/Class2/Placa130.png,data/splits/train/Class2/Placa130.png,0
train,Class2,1,Placasia1017.png,data/processed/160x120/Class2/Placasia1017.png,data/splits/train/Class2/Placasia1017.png,0
train,Class2,1,Placa168.png,data/processed/160x120/Class2/Placa168.png,data/splits/train/Class2/Placa168.png,0
train,Class2,1,placas1483.jpg,data/processed/160x120/Class2/placas1483.jpg,data/splits/train/Class2/placas1483.jpg,0
train,Class2,1,Motospl10998.jpg,data/processed/160x120/Class2/Motospl10998.jpg,data/splits/train/Class2/Motospl10998.jpg,0
train,Class2,1,Motospl12015.jpg,data/processed/160x120/Class2/Motospl12015.jpg,data/splits/train/Class2/Motospl12015.jpg,0
train,Class2,1,Motospl11777.jpg,data/processed/160x120/Class2/Motospl11777.jpg,data/splits/train/Class2/Motospl11777.jpg,0
train,Class2,1,Motospl12219.jpg,data/processed/160x120/Class2/Motospl12219.jpg,data/splits/train/Class2/Motospl12219.jpg,0
train,Class2,1,Motospl11641.jpg,data/processed/160x120/Class2/Motospl11641.jpg,data/splits/train/Class2/Motospl11641.jpg,0
train,Class2,1,Placa110.png,data/processed/160x120/Class2/Placa110.png,data/splits/train/Class2/Placa110.png,0
train,Class2,1,Motospl10961.jpg,data/processed/160x120/Class2/Motospl10961.jpg,data/splits/train/Class2/Motospl10961.jpg,0
train,Class2,1,Motospl12316.jpg,data/processed/160x120/Class2/Motospl12316.jpg,data/splits/train/Class2/Motospl12316.jpg,0
train,Class2,1,Motospl11454.jpg,data/processed/160x120/Class2/Motospl11454.jpg,data/splits/train/Class2/Motospl11454.jpg,0
train,Class2,1,placas1498.jpg,data/processed/160x120/Class2/placas1498.jpg,data/splits/train/Class2/placas1498.jpg,0
train,Class2,1,Motospl10403.jpg,data/processed/160x120/Class2/Motospl10403.jpg,data/splits/train/Class2/Motospl10403.jpg,0
train,Class2,1,Motospl10637.jpg,data/processed/160x120/Class2/Motospl10637.jpg,data/splits/train/Class2/Motospl10637.jpg,0
train,Class2,1,Placa153.png,data/processed/160x120/Class2/Placa153.png,data/splits/train/Class2/Placa153.png,0
train,Class2,1,Placas11441.jpg,data/processed/160x120/Class2/Placas11441.jpg,data/splits/train/Class2/Placas11441.jpg,0
train,Class2,1,placas1300.jpg,data/processed/160x120/Class2/placas1300.jpg,data/splits/train/Class2/placas1300.jpg,0
train,Class2,1,Motospl12238.jpg,data/processed/160x120/Class2/Motospl12238.jpg,data/splits/train/Class2/Motospl12238.jpg,0
train,Class2,1,Motospl11974.jpg,data/processed/160x120/Class2/Motospl11974.jpg,data/splits/train/Class2/Motospl11974.jpg,0
train,Class2,1,Motospl11865.jpg,data/processed/160x120/Class2/Motospl11865.jpg,data/splits/train/Class2/Motospl11865.jpg,0
train,Class2,1,Motospl11116.jpg,data/processed/160x120/Class2/Motospl11116.jpg,data/splits/train/Class2/Motospl11116.jpg,0
train,Class2,1,Motospl10185.jpg,data/processed/160x120/Class2/Motospl10185.jpg,data/splits/train/Class2/Motospl10185.jpg,0
train,Class2,1,placas1524.jpg,data/processed/160x120/Class2/placas1524.jpg,data/splits/train/Class2/placas1524.jpg,0
train,Class2,1,Motospl10790.jpg,data/processed/160x120/Class2/Motospl10790.jpg,data/splits/train/Class2/Motospl10790.jpg,0
train,Class2,1,Motospl11564.jpg,data/processed/160x120/Class2/Motospl11564.jpg,data/splits/train/Class2/Motospl11564.jpg,0
train,Class2,1,Motospl11617.jpg,data/processed/160x120/Class2/Motospl11617.jpg,data/splits/train/Class2/Motospl11617.jpg,0
train,Class2,1,Motospl11570.jpg,data/processed/160x120/Class2/Motospl11570.jpg,data/splits/train/Class2/Motospl11570.jpg,0
train,Class2,1,Motospl10782.jpg,data/processed/160x120/Class2/Motospl10782.jpg,data/splits/train/Class2/Motospl10782.jpg,0
train,Class2,1,Motospl11643.jpg,data/processed/160x120/Class2/Motospl11643.jpg,data/splits/train/Class2/Motospl11643.jpg,0
train,Class2,1,Placa173.png,data/processed/160x120/Class2/Placa173.png,data/splits/train/Class2/Placa173.png,0
train,Class2,1,Placa181.png,data/processed/160x120/Class2/Placa181.png,data/splits/train/Class2/Placa181.png,0
train,Class2,1,Motospl12075.jpg,data/processed/160x120/Class2/Motospl12075.jpg,data/splits/train/Class2/Motospl12075.jpg,0
train,Class2,1,Motospl11999.jpg,data/processed/160x120/Class2/Motospl11999.jpg,data/splits/train/Class2/Motospl11999.jpg,0
train,Class2,1,Motospl11686.jpg,data/processed/160x120/Class2/Motospl11686.jpg,data/splits/train/Class2/Motospl11686.jpg,0
train,Class2,1,Motospl11306.jpg,data/processed/160x120/Class2/Motospl11306.jpg,data/splits/train/Class2/Motospl11306.jpg,0
train,Class2,1,Motospl10483.jpg,data/processed/160x120/Class2/Motospl10483.jpg,data/splits/train/Class2/Motospl10483.jpg,0
train,Class2,1,Motospl12010.jpg,data/processed/160x120/Class2/Motospl12010.jpg,data/splits/train/Class2/Motospl12010.jpg,0
train,Class2,1,Motospl10341.jpg,data/processed/160x120/Class2/Motospl10341.jpg,data/splits/train/Class2/Motospl10341.jpg,0
train,Class2,1,Motospl11237.jpg,data/processed/160x120/Class2/Motospl11237.jpg,data/splits/train/Class2/Motospl11237.jpg,0
train,Class2,1,Motospl10722.jpg,data/processed/160x120/Class2/Motospl10722.jpg,data/splits/train/Class2/Motospl10722.jpg,0
train,Class2,1,placaas10287.jpg,data/processed/160x120/Class2/placaas10287.jpg,data/splits/train/Class2/placaas10287.jpg,0
train,Class2,1,Motospl10107.jpg,data/processed/160x120/Class2/Motospl10107.jpg,data/splits/train/Class2/Motospl10107.jpg,0
train,Class2,1,Motospl10404.jpg,data/processed/160x120/Class2/Motospl10404.jpg,data/splits/train/Class2/Motospl10404.jpg,0
train,Class2,1,Motospl10845.jpg,data/processed/160x120/Class2/Motospl10845.jpg,data/splits/train/Class2/Motospl10845.jpg,0
train,Class2,1,Motospl12039.jpg,data/processed/160x120/Class2/Motospl12039.jpg,data/splits/train/Class2/Motospl12039.jpg,0
train,Class2,1,Motospl12354.jpg,data/processed/160x120/Class2/Motospl12354.jpg,data/splits/train/Class2/Motospl12354.jpg,0
train,Class2,1,Motospl10365.jpg,data/processed/160x120/Class2/Motospl10365.jpg,data/splits/train/Class2/Motospl10365.jpg,0
train,Class2,1,Motospl11814.jpg,data/processed/160x120/Class2/Motospl11814.jpg,data/splits/train/Class2/Motospl11814.jpg,0
train,Class2,1,Motospl10015.jpg,data/processed/160x120/Class2/Motospl10015.jpg,data/splits/train/Class2/Motospl10015.jpg,0
train,Class2,1,Motospl11528.jpg,data/processed/160x120/Class2/Motospl11528.jpg,data/splits/train/Class2/Motospl11528.jpg,0
train,Class2,1,placaas10339.jpg,data/processed/160x120/Class2/placaas10339.jpg,data/splits/train/Class2/placaas10339.jpg,0
train,Class2,1,Motospl10647.jpg,data/processed/160x120/Class2/Motospl10647.jpg,data/splits/train/Class2/Motospl10647.jpg,0
train,Class2,1,Motospl12082.jpg,data/processed/160x120/Class2/Motospl12082.jpg,data/splits/train/Class2/Motospl12082.jpg,0
train,Class2,1,Placa206.png,data/processed/160x120/Class2/Placa206.png,data/splits/train/Class2/Placa206.png,0
train,Class2,1,Motospl10206.jpg,data/processed/160x120/Class2/Motospl10206.jpg,data/splits/train/Class2/Motospl10206.jpg,0
train,Class2,1,Motospl10399.jpg,data/processed/160x120/Class2/Motospl10399.jpg,data/splits/train/Class2/Motospl10399.jpg,0
train,Class2,1,Motospl11005.jpg,data/processed/160x120/Class2/Motospl11005.jpg,data/splits/train/Class2/Motospl11005.jpg,0
train,Class2,1,placas1217.jpg,data/processed/160x120/Class2/placas1217.jpg,data/splits/train/Class2/placas1217.jpg,0
train,Class2,1,Motospl11193.jpg,data/processed/160x120/Class2/Motospl11193.jpg,data/splits/train/Class2/Motospl11193.jpg,0
